    1C
    1UUSER                                                              
    1UDATE              22.august.2026                                  
    1UTIME              03:21:14                                        
    1UHOST                                                              
    1UPGM               CalculiX                                        
    1UVERSION           Version 2.22                             
    1UCOMPILETIME       Mon Aug  5 19:15:25 CEST 2024                    
    1UDIR                                                               
    1UDBN                                                               
    1UMAT    1STEEL                                                     
    2C                           900                                     1
 -1         1 0.00000E+00 0.00000E+00 0.00000E+00
 -1         2 6.25000E+00 0.00000E+00 0.00000E+00
 -1         3 1.25000E+01 0.00000E+00 0.00000E+00
 -1         4 1.87500E+01 0.00000E+00 0.00000E+00
 -1         5 2.50000E+01 0.00000E+00 0.00000E+00
 -1         6 3.12500E+01 0.00000E+00 0.00000E+00
 -1         7 3.75000E+01 0.00000E+00 0.00000E+00
 -1         8 4.37500E+01 0.00000E+00 0.00000E+00
 -1         9 5.00000E+01 0.00000E+00 0.00000E+00
 -1        10 5.62500E+01 0.00000E+00 0.00000E+00
 -1        11 6.25000E+01 0.00000E+00 0.00000E+00
 -1        12 6.87500E+01 0.00000E+00 0.00000E+00
 -1        13 7.50000E+01 0.00000E+00 0.00000E+00
 -1        14 8.12500E+01 0.00000E+00 0.00000E+00
 -1        15 8.75000E+01 0.00000E+00 0.00000E+00
 -1        16 9.37500E+01 0.00000E+00 0.00000E+00
 -1        17 1.00000E+02 0.00000E+00 0.00000E+00
 -1        18 1.06250E+02 0.00000E+00 0.00000E+00
 -1        19 1.12500E+02 0.00000E+00 0.00000E+00
 -1        20 1.18750E+02 0.00000E+00 0.00000E+00
 -1        21 1.25000E+02 0.00000E+00 0.00000E+00
 -1        22 1.31250E+02 0.00000E+00 0.00000E+00
 -1        23 1.37500E+02 0.00000E+00 0.00000E+00
 -1        24 1.43750E+02 0.00000E+00 0.00000E+00
 -1        25 1.50000E+02 0.00000E+00 0.00000E+00
 -1        26 0.00000E+00 4.00000E+00 0.00000E+00
 -1        27 6.25000E+00 4.00000E+00 0.00000E+00
 -1        28 1.25000E+01 4.00000E+00 0.00000E+00
 -1        29 1.87500E+01 4.00000E+00 0.00000E+00
 -1        30 2.50000E+01 4.00000E+00 0.00000E+00
 -1        31 3.12500E+01 4.00000E+00 0.00000E+00
 -1        32 3.75000E+01 4.00000E+00 0.00000E+00
 -1        33 4.37500E+01 4.00000E+00 0.00000E+00
 -1        34 5.00000E+01 4.00000E+00 0.00000E+00
 -1        35 5.62500E+01 4.00000E+00 0.00000E+00
 -1        36 6.25000E+01 4.00000E+00 0.00000E+00
 -1        37 6.87500E+01 4.00000E+00 0.00000E+00
 -1        38 7.50000E+01 4.00000E+00 0.00000E+00
 -1        39 8.12500E+01 4.00000E+00 0.00000E+00
 -1        40 8.75000E+01 4.00000E+00 0.00000E+00
 -1        41 9.37500E+01 4.00000E+00 0.00000E+00
 -1        42 1.00000E+02 4.00000E+00 0.00000E+00
 -1        43 1.06250E+02 4.00000E+00 0.00000E+00
 -1        44 1.12500E+02 4.00000E+00 0.00000E+00
 -1        45 1.18750E+02 4.00000E+00 0.00000E+00
 -1        46 1.25000E+02 4.00000E+00 0.00000E+00
 -1        47 1.31250E+02 4.00000E+00 0.00000E+00
 -1        48 1.37500E+02 4.00000E+00 0.00000E+00
 -1        49 1.43750E+02 4.00000E+00 0.00000E+00
 -1        50 1.50000E+02 4.00000E+00 0.00000E+00
 -1        51 0.00000E+00 8.00000E+00 0.00000E+00
 -1        52 6.25000E+00 8.00000E+00 0.00000E+00
 -1        53 1.25000E+01 8.00000E+00 0.00000E+00
 -1        54 1.87500E+01 8.00000E+00 0.00000E+00
 -1        55 2.50000E+01 8.00000E+00 0.00000E+00
 -1        56 3.12500E+01 8.00000E+00 0.00000E+00
 -1        57 3.75000E+01 8.00000E+00 0.00000E+00
 -1        58 4.37500E+01 8.00000E+00 0.00000E+00
 -1        59 5.00000E+01 8.00000E+00 0.00000E+00
 -1        60 5.62500E+01 8.00000E+00 0.00000E+00
 -1        61 6.25000E+01 8.00000E+00 0.00000E+00
 -1        62 6.87500E+01 8.00000E+00 0.00000E+00
 -1        63 7.50000E+01 8.00000E+00 0.00000E+00
 -1        64 8.12500E+01 8.00000E+00 0.00000E+00
 -1        65 8.75000E+01 8.00000E+00 0.00000E+00
 -1        66 9.37500E+01 8.00000E+00 0.00000E+00
 -1        67 1.00000E+02 8.00000E+00 0.00000E+00
 -1        68 1.06250E+02 8.00000E+00 0.00000E+00
 -1        69 1.12500E+02 8.00000E+00 0.00000E+00
 -1        70 1.18750E+02 8.00000E+00 0.00000E+00
 -1        71 1.25000E+02 8.00000E+00 0.00000E+00
 -1        72 1.31250E+02 8.00000E+00 0.00000E+00
 -1        73 1.37500E+02 8.00000E+00 0.00000E+00
 -1        74 1.43750E+02 8.00000E+00 0.00000E+00
 -1        75 1.50000E+02 8.00000E+00 0.00000E+00
 -1        76 0.00000E+00 1.20000E+01 0.00000E+00
 -1        77 6.25000E+00 1.20000E+01 0.00000E+00
 -1        78 1.25000E+01 1.20000E+01 0.00000E+00
 -1        79 1.87500E+01 1.20000E+01 0.00000E+00
 -1        80 2.50000E+01 1.20000E+01 0.00000E+00
 -1        81 3.12500E+01 1.20000E+01 0.00000E+00
 -1        82 3.75000E+01 1.20000E+01 0.00000E+00
 -1        83 4.37500E+01 1.20000E+01 0.00000E+00
 -1        84 5.00000E+01 1.20000E+01 0.00000E+00
 -1        85 5.62500E+01 1.20000E+01 0.00000E+00
 -1        86 6.25000E+01 1.20000E+01 0.00000E+00
 -1        87 6.87500E+01 1.20000E+01 0.00000E+00
 -1        88 7.50000E+01 1.20000E+01 0.00000E+00
 -1        89 8.12500E+01 1.20000E+01 0.00000E+00
 -1        90 8.75000E+01 1.20000E+01 0.00000E+00
 -1        91 9.37500E+01 1.20000E+01 0.00000E+00
 -1        92 1.00000E+02 1.20000E+01 0.00000E+00
 -1        93 1.06250E+02 1.20000E+01 0.00000E+00
 -1        94 1.12500E+02 1.20000E+01 0.00000E+00
 -1        95 1.18750E+02 1.20000E+01 0.00000E+00
 -1        96 1.25000E+02 1.20000E+01 0.00000E+00
 -1        97 1.31250E+02 1.20000E+01 0.00000E+00
 -1        98 1.37500E+02 1.20000E+01 0.00000E+00
 -1        99 1.43750E+02 1.20000E+01 0.00000E+00
 -1       100 1.50000E+02 1.20000E+01 0.00000E+00
 -1       101 0.00000E+00 1.60000E+01 0.00000E+00
 -1       102 6.25000E+00 1.60000E+01 0.00000E+00
 -1       103 1.25000E+01 1.60000E+01 0.00000E+00
 -1       104 1.87500E+01 1.60000E+01 0.00000E+00
 -1       105 2.50000E+01 1.60000E+01 0.00000E+00
 -1       106 3.12500E+01 1.60000E+01 0.00000E+00
 -1       107 3.75000E+01 1.60000E+01 0.00000E+00
 -1       108 4.37500E+01 1.60000E+01 0.00000E+00
 -1       109 5.00000E+01 1.60000E+01 0.00000E+00
 -1       110 5.62500E+01 1.60000E+01 0.00000E+00
 -1       111 6.25000E+01 1.60000E+01 0.00000E+00
 -1       112 6.87500E+01 1.60000E+01 0.00000E+00
 -1       113 7.50000E+01 1.60000E+01 0.00000E+00
 -1       114 8.12500E+01 1.60000E+01 0.00000E+00
 -1       115 8.75000E+01 1.60000E+01 0.00000E+00
 -1       116 9.37500E+01 1.60000E+01 0.00000E+00
 -1       117 1.00000E+02 1.60000E+01 0.00000E+00
 -1       118 1.06250E+02 1.60000E+01 0.00000E+00
 -1       119 1.12500E+02 1.60000E+01 0.00000E+00
 -1       120 1.18750E+02 1.60000E+01 0.00000E+00
 -1       121 1.25000E+02 1.60000E+01 0.00000E+00
 -1       122 1.31250E+02 1.60000E+01 0.00000E+00
 -1       123 1.37500E+02 1.60000E+01 0.00000E+00
 -1       124 1.43750E+02 1.60000E+01 0.00000E+00
 -1       125 1.50000E+02 1.60000E+01 0.00000E+00
 -1       126 0.00000E+00 2.00000E+01 0.00000E+00
 -1       127 6.25000E+00 2.00000E+01 0.00000E+00
 -1       128 1.25000E+01 2.00000E+01 0.00000E+00
 -1       129 1.87500E+01 2.00000E+01 0.00000E+00
 -1       130 2.50000E+01 2.00000E+01 0.00000E+00
 -1       131 3.12500E+01 2.00000E+01 0.00000E+00
 -1       132 3.75000E+01 2.00000E+01 0.00000E+00
 -1       133 4.37500E+01 2.00000E+01 0.00000E+00
 -1       134 5.00000E+01 2.00000E+01 0.00000E+00
 -1       135 5.62500E+01 2.00000E+01 0.00000E+00
 -1       136 6.25000E+01 2.00000E+01 0.00000E+00
 -1       137 6.87500E+01 2.00000E+01 0.00000E+00
 -1       138 7.50000E+01 2.00000E+01 0.00000E+00
 -1       139 8.12500E+01 2.00000E+01 0.00000E+00
 -1       140 8.75000E+01 2.00000E+01 0.00000E+00
 -1       141 9.37500E+01 2.00000E+01 0.00000E+00
 -1       142 1.00000E+02 2.00000E+01 0.00000E+00
 -1       143 1.06250E+02 2.00000E+01 0.00000E+00
 -1       144 1.12500E+02 2.00000E+01 0.00000E+00
 -1       145 1.18750E+02 2.00000E+01 0.00000E+00
 -1       146 1.25000E+02 2.00000E+01 0.00000E+00
 -1       147 1.31250E+02 2.00000E+01 0.00000E+00
 -1       148 1.37500E+02 2.00000E+01 0.00000E+00
 -1       149 1.43750E+02 2.00000E+01 0.00000E+00
 -1       150 1.50000E+02 2.00000E+01 0.00000E+00
 -1       151 0.00000E+00 0.00000E+00 4.00000E+00
 -1       152 6.25000E+00 0.00000E+00 4.00000E+00
 -1       153 1.25000E+01 0.00000E+00 4.00000E+00
 -1       154 1.87500E+01 0.00000E+00 4.00000E+00
 -1       155 2.50000E+01 0.00000E+00 4.00000E+00
 -1       156 3.12500E+01 0.00000E+00 4.00000E+00
 -1       157 3.75000E+01 0.00000E+00 4.00000E+00
 -1       158 4.37500E+01 0.00000E+00 4.00000E+00
 -1       159 5.00000E+01 0.00000E+00 4.00000E+00
 -1       160 5.62500E+01 0.00000E+00 4.00000E+00
 -1       161 6.25000E+01 0.00000E+00 4.00000E+00
 -1       162 6.87500E+01 0.00000E+00 4.00000E+00
 -1       163 7.50000E+01 0.00000E+00 4.00000E+00
 -1       164 8.12500E+01 0.00000E+00 4.00000E+00
 -1       165 8.75000E+01 0.00000E+00 4.00000E+00
 -1       166 9.37500E+01 0.00000E+00 4.00000E+00
 -1       167 1.00000E+02 0.00000E+00 4.00000E+00
 -1       168 1.06250E+02 0.00000E+00 4.00000E+00
 -1       169 1.12500E+02 0.00000E+00 4.00000E+00
 -1       170 1.18750E+02 0.00000E+00 4.00000E+00
 -1       171 1.25000E+02 0.00000E+00 4.00000E+00
 -1       172 1.31250E+02 0.00000E+00 4.00000E+00
 -1       173 1.37500E+02 0.00000E+00 4.00000E+00
 -1       174 1.43750E+02 0.00000E+00 4.00000E+00
 -1       175 1.50000E+02 0.00000E+00 4.00000E+00
 -1       176 0.00000E+00 4.00000E+00 4.00000E+00
 -1       177 6.25000E+00 4.00000E+00 4.00000E+00
 -1       178 1.25000E+01 4.00000E+00 4.00000E+00
 -1       179 1.87500E+01 4.00000E+00 4.00000E+00
 -1       180 2.50000E+01 4.00000E+00 4.00000E+00
 -1       181 3.12500E+01 4.00000E+00 4.00000E+00
 -1       182 3.75000E+01 4.00000E+00 4.00000E+00
 -1       183 4.37500E+01 4.00000E+00 4.00000E+00
 -1       184 5.00000E+01 4.00000E+00 4.00000E+00
 -1       185 5.62500E+01 4.00000E+00 4.00000E+00
 -1       186 6.25000E+01 4.00000E+00 4.00000E+00
 -1       187 6.87500E+01 4.00000E+00 4.00000E+00
 -1       188 7.50000E+01 4.00000E+00 4.00000E+00
 -1       189 8.12500E+01 4.00000E+00 4.00000E+00
 -1       190 8.75000E+01 4.00000E+00 4.00000E+00
 -1       191 9.37500E+01 4.00000E+00 4.00000E+00
 -1       192 1.00000E+02 4.00000E+00 4.00000E+00
 -1       193 1.06250E+02 4.00000E+00 4.00000E+00
 -1       194 1.12500E+02 4.00000E+00 4.00000E+00
 -1       195 1.18750E+02 4.00000E+00 4.00000E+00
 -1       196 1.25000E+02 4.00000E+00 4.00000E+00
 -1       197 1.31250E+02 4.00000E+00 4.00000E+00
 -1       198 1.37500E+02 4.00000E+00 4.00000E+00
 -1       199 1.43750E+02 4.00000E+00 4.00000E+00
 -1       200 1.50000E+02 4.00000E+00 4.00000E+00
 -1       201 0.00000E+00 8.00000E+00 4.00000E+00
 -1       202 6.25000E+00 8.00000E+00 4.00000E+00
 -1       203 1.25000E+01 8.00000E+00 4.00000E+00
 -1       204 1.87500E+01 8.00000E+00 4.00000E+00
 -1       205 2.50000E+01 8.00000E+00 4.00000E+00
 -1       206 3.12500E+01 8.00000E+00 4.00000E+00
 -1       207 3.75000E+01 8.00000E+00 4.00000E+00
 -1       208 4.37500E+01 8.00000E+00 4.00000E+00
 -1       209 5.00000E+01 8.00000E+00 4.00000E+00
 -1       210 5.62500E+01 8.00000E+00 4.00000E+00
 -1       211 6.25000E+01 8.00000E+00 4.00000E+00
 -1       212 6.87500E+01 8.00000E+00 4.00000E+00
 -1       213 7.50000E+01 8.00000E+00 4.00000E+00
 -1       214 8.12500E+01 8.00000E+00 4.00000E+00
 -1       215 8.75000E+01 8.00000E+00 4.00000E+00
 -1       216 9.37500E+01 8.00000E+00 4.00000E+00
 -1       217 1.00000E+02 8.00000E+00 4.00000E+00
 -1       218 1.06250E+02 8.00000E+00 4.00000E+00
 -1       219 1.12500E+02 8.00000E+00 4.00000E+00
 -1       220 1.18750E+02 8.00000E+00 4.00000E+00
 -1       221 1.25000E+02 8.00000E+00 4.00000E+00
 -1       222 1.31250E+02 8.00000E+00 4.00000E+00
 -1       223 1.37500E+02 8.00000E+00 4.00000E+00
 -1       224 1.43750E+02 8.00000E+00 4.00000E+00
 -1       225 1.50000E+02 8.00000E+00 4.00000E+00
 -1       226 0.00000E+00 1.20000E+01 4.00000E+00
 -1       227 6.25000E+00 1.20000E+01 4.00000E+00
 -1       228 1.25000E+01 1.20000E+01 4.00000E+00
 -1       229 1.87500E+01 1.20000E+01 4.00000E+00
 -1       230 2.50000E+01 1.20000E+01 4.00000E+00
 -1       231 3.12500E+01 1.20000E+01 4.00000E+00
 -1       232 3.75000E+01 1.20000E+01 4.00000E+00
 -1       233 4.37500E+01 1.20000E+01 4.00000E+00
 -1       234 5.00000E+01 1.20000E+01 4.00000E+00
 -1       235 5.62500E+01 1.20000E+01 4.00000E+00
 -1       236 6.25000E+01 1.20000E+01 4.00000E+00
 -1       237 6.87500E+01 1.20000E+01 4.00000E+00
 -1       238 7.50000E+01 1.20000E+01 4.00000E+00
 -1       239 8.12500E+01 1.20000E+01 4.00000E+00
 -1       240 8.75000E+01 1.20000E+01 4.00000E+00
 -1       241 9.37500E+01 1.20000E+01 4.00000E+00
 -1       242 1.00000E+02 1.20000E+01 4.00000E+00
 -1       243 1.06250E+02 1.20000E+01 4.00000E+00
 -1       244 1.12500E+02 1.20000E+01 4.00000E+00
 -1       245 1.18750E+02 1.20000E+01 4.00000E+00
 -1       246 1.25000E+02 1.20000E+01 4.00000E+00
 -1       247 1.31250E+02 1.20000E+01 4.00000E+00
 -1       248 1.37500E+02 1.20000E+01 4.00000E+00
 -1       249 1.43750E+02 1.20000E+01 4.00000E+00
 -1       250 1.50000E+02 1.20000E+01 4.00000E+00
 -1       251 0.00000E+00 1.60000E+01 4.00000E+00
 -1       252 6.25000E+00 1.60000E+01 4.00000E+00
 -1       253 1.25000E+01 1.60000E+01 4.00000E+00
 -1       254 1.87500E+01 1.60000E+01 4.00000E+00
 -1       255 2.50000E+01 1.60000E+01 4.00000E+00
 -1       256 3.12500E+01 1.60000E+01 4.00000E+00
 -1       257 3.75000E+01 1.60000E+01 4.00000E+00
 -1       258 4.37500E+01 1.60000E+01 4.00000E+00
 -1       259 5.00000E+01 1.60000E+01 4.00000E+00
 -1       260 5.62500E+01 1.60000E+01 4.00000E+00
 -1       261 6.25000E+01 1.60000E+01 4.00000E+00
 -1       262 6.87500E+01 1.60000E+01 4.00000E+00
 -1       263 7.50000E+01 1.60000E+01 4.00000E+00
 -1       264 8.12500E+01 1.60000E+01 4.00000E+00
 -1       265 8.75000E+01 1.60000E+01 4.00000E+00
 -1       266 9.37500E+01 1.60000E+01 4.00000E+00
 -1       267 1.00000E+02 1.60000E+01 4.00000E+00
 -1       268 1.06250E+02 1.60000E+01 4.00000E+00
 -1       269 1.12500E+02 1.60000E+01 4.00000E+00
 -1       270 1.18750E+02 1.60000E+01 4.00000E+00
 -1       271 1.25000E+02 1.60000E+01 4.00000E+00
 -1       272 1.31250E+02 1.60000E+01 4.00000E+00
 -1       273 1.37500E+02 1.60000E+01 4.00000E+00
 -1       274 1.43750E+02 1.60000E+01 4.00000E+00
 -1       275 1.50000E+02 1.60000E+01 4.00000E+00
 -1       276 0.00000E+00 2.00000E+01 4.00000E+00
 -1       277 6.25000E+00 2.00000E+01 4.00000E+00
 -1       278 1.25000E+01 2.00000E+01 4.00000E+00
 -1       279 1.87500E+01 2.00000E+01 4.00000E+00
 -1       280 2.50000E+01 2.00000E+01 4.00000E+00
 -1       281 3.12500E+01 2.00000E+01 4.00000E+00
 -1       282 3.75000E+01 2.00000E+01 4.00000E+00
 -1       283 4.37500E+01 2.00000E+01 4.00000E+00
 -1       284 5.00000E+01 2.00000E+01 4.00000E+00
 -1       285 5.62500E+01 2.00000E+01 4.00000E+00
 -1       286 6.25000E+01 2.00000E+01 4.00000E+00
 -1       287 6.87500E+01 2.00000E+01 4.00000E+00
 -1       288 7.50000E+01 2.00000E+01 4.00000E+00
 -1       289 8.12500E+01 2.00000E+01 4.00000E+00
 -1       290 8.75000E+01 2.00000E+01 4.00000E+00
 -1       291 9.37500E+01 2.00000E+01 4.00000E+00
 -1       292 1.00000E+02 2.00000E+01 4.00000E+00
 -1       293 1.06250E+02 2.00000E+01 4.00000E+00
 -1       294 1.12500E+02 2.00000E+01 4.00000E+00
 -1       295 1.18750E+02 2.00000E+01 4.00000E+00
 -1       296 1.25000E+02 2.00000E+01 4.00000E+00
 -1       297 1.31250E+02 2.00000E+01 4.00000E+00
 -1       298 1.37500E+02 2.00000E+01 4.00000E+00
 -1       299 1.43750E+02 2.00000E+01 4.00000E+00
 -1       300 1.50000E+02 2.00000E+01 4.00000E+00
 -1       301 0.00000E+00 0.00000E+00 8.00000E+00
 -1       302 6.25000E+00 0.00000E+00 8.00000E+00
 -1       303 1.25000E+01 0.00000E+00 8.00000E+00
 -1       304 1.87500E+01 0.00000E+00 8.00000E+00
 -1       305 2.50000E+01 0.00000E+00 8.00000E+00
 -1       306 3.12500E+01 0.00000E+00 8.00000E+00
 -1       307 3.75000E+01 0.00000E+00 8.00000E+00
 -1       308 4.37500E+01 0.00000E+00 8.00000E+00
 -1       309 5.00000E+01 0.00000E+00 8.00000E+00
 -1       310 5.62500E+01 0.00000E+00 8.00000E+00
 -1       311 6.25000E+01 0.00000E+00 8.00000E+00
 -1       312 6.87500E+01 0.00000E+00 8.00000E+00
 -1       313 7.50000E+01 0.00000E+00 8.00000E+00
 -1       314 8.12500E+01 0.00000E+00 8.00000E+00
 -1       315 8.75000E+01 0.00000E+00 8.00000E+00
 -1       316 9.37500E+01 0.00000E+00 8.00000E+00
 -1       317 1.00000E+02 0.00000E+00 8.00000E+00
 -1       318 1.06250E+02 0.00000E+00 8.00000E+00
 -1       319 1.12500E+02 0.00000E+00 8.00000E+00
 -1       320 1.18750E+02 0.00000E+00 8.00000E+00
 -1       321 1.25000E+02 0.00000E+00 8.00000E+00
 -1       322 1.31250E+02 0.00000E+00 8.00000E+00
 -1       323 1.37500E+02 0.00000E+00 8.00000E+00
 -1       324 1.43750E+02 0.00000E+00 8.00000E+00
 -1       325 1.50000E+02 0.00000E+00 8.00000E+00
 -1       326 0.00000E+00 4.00000E+00 8.00000E+00
 -1       327 6.25000E+00 4.00000E+00 8.00000E+00
 -1       328 1.25000E+01 4.00000E+00 8.00000E+00
 -1       329 1.87500E+01 4.00000E+00 8.00000E+00
 -1       330 2.50000E+01 4.00000E+00 8.00000E+00
 -1       331 3.12500E+01 4.00000E+00 8.00000E+00
 -1       332 3.75000E+01 4.00000E+00 8.00000E+00
 -1       333 4.37500E+01 4.00000E+00 8.00000E+00
 -1       334 5.00000E+01 4.00000E+00 8.00000E+00
 -1       335 5.62500E+01 4.00000E+00 8.00000E+00
 -1       336 6.25000E+01 4.00000E+00 8.00000E+00
 -1       337 6.87500E+01 4.00000E+00 8.00000E+00
 -1       338 7.50000E+01 4.00000E+00 8.00000E+00
 -1       339 8.12500E+01 4.00000E+00 8.00000E+00
 -1       340 8.75000E+01 4.00000E+00 8.00000E+00
 -1       341 9.37500E+01 4.00000E+00 8.00000E+00
 -1       342 1.00000E+02 4.00000E+00 8.00000E+00
 -1       343 1.06250E+02 4.00000E+00 8.00000E+00
 -1       344 1.12500E+02 4.00000E+00 8.00000E+00
 -1       345 1.18750E+02 4.00000E+00 8.00000E+00
 -1       346 1.25000E+02 4.00000E+00 8.00000E+00
 -1       347 1.31250E+02 4.00000E+00 8.00000E+00
 -1       348 1.37500E+02 4.00000E+00 8.00000E+00
 -1       349 1.43750E+02 4.00000E+00 8.00000E+00
 -1       350 1.50000E+02 4.00000E+00 8.00000E+00
 -1       351 0.00000E+00 8.00000E+00 8.00000E+00
 -1       352 6.25000E+00 8.00000E+00 8.00000E+00
 -1       353 1.25000E+01 8.00000E+00 8.00000E+00
 -1       354 1.87500E+01 8.00000E+00 8.00000E+00
 -1       355 2.50000E+01 8.00000E+00 8.00000E+00
 -1       356 3.12500E+01 8.00000E+00 8.00000E+00
 -1       357 3.75000E+01 8.00000E+00 8.00000E+00
 -1       358 4.37500E+01 8.00000E+00 8.00000E+00
 -1       359 5.00000E+01 8.00000E+00 8.00000E+00
 -1       360 5.62500E+01 8.00000E+00 8.00000E+00
 -1       361 6.25000E+01 8.00000E+00 8.00000E+00
 -1       362 6.87500E+01 8.00000E+00 8.00000E+00
 -1       363 7.50000E+01 8.00000E+00 8.00000E+00
 -1       364 8.12500E+01 8.00000E+00 8.00000E+00
 -1       365 8.75000E+01 8.00000E+00 8.00000E+00
 -1       366 9.37500E+01 8.00000E+00 8.00000E+00
 -1       367 1.00000E+02 8.00000E+00 8.00000E+00
 -1       368 1.06250E+02 8.00000E+00 8.00000E+00
 -1       369 1.12500E+02 8.00000E+00 8.00000E+00
 -1       370 1.18750E+02 8.00000E+00 8.00000E+00
 -1       371 1.25000E+02 8.00000E+00 8.00000E+00
 -1       372 1.31250E+02 8.00000E+00 8.00000E+00
 -1       373 1.37500E+02 8.00000E+00 8.00000E+00
 -1       374 1.43750E+02 8.00000E+00 8.00000E+00
 -1       375 1.50000E+02 8.00000E+00 8.00000E+00
 -1       376 0.00000E+00 1.20000E+01 8.00000E+00
 -1       377 6.25000E+00 1.20000E+01 8.00000E+00
 -1       378 1.25000E+01 1.20000E+01 8.00000E+00
 -1       379 1.87500E+01 1.20000E+01 8.00000E+00
 -1       380 2.50000E+01 1.20000E+01 8.00000E+00
 -1       381 3.12500E+01 1.20000E+01 8.00000E+00
 -1       382 3.75000E+01 1.20000E+01 8.00000E+00
 -1       383 4.37500E+01 1.20000E+01 8.00000E+00
 -1       384 5.00000E+01 1.20000E+01 8.00000E+00
 -1       385 5.62500E+01 1.20000E+01 8.00000E+00
 -1       386 6.25000E+01 1.20000E+01 8.00000E+00
 -1       387 6.87500E+01 1.20000E+01 8.00000E+00
 -1       388 7.50000E+01 1.20000E+01 8.00000E+00
 -1       389 8.12500E+01 1.20000E+01 8.00000E+00
 -1       390 8.75000E+01 1.20000E+01 8.00000E+00
 -1       391 9.37500E+01 1.20000E+01 8.00000E+00
 -1       392 1.00000E+02 1.20000E+01 8.00000E+00
 -1       393 1.06250E+02 1.20000E+01 8.00000E+00
 -1       394 1.12500E+02 1.20000E+01 8.00000E+00
 -1       395 1.18750E+02 1.20000E+01 8.00000E+00
 -1       396 1.25000E+02 1.20000E+01 8.00000E+00
 -1       397 1.31250E+02 1.20000E+01 8.00000E+00
 -1       398 1.37500E+02 1.20000E+01 8.00000E+00
 -1       399 1.43750E+02 1.20000E+01 8.00000E+00
 -1       400 1.50000E+02 1.20000E+01 8.00000E+00
 -1       401 0.00000E+00 1.60000E+01 8.00000E+00
 -1       402 6.25000E+00 1.60000E+01 8.00000E+00
 -1       403 1.25000E+01 1.60000E+01 8.00000E+00
 -1       404 1.87500E+01 1.60000E+01 8.00000E+00
 -1       405 2.50000E+01 1.60000E+01 8.00000E+00
 -1       406 3.12500E+01 1.60000E+01 8.00000E+00
 -1       407 3.75000E+01 1.60000E+01 8.00000E+00
 -1       408 4.37500E+01 1.60000E+01 8.00000E+00
 -1       409 5.00000E+01 1.60000E+01 8.00000E+00
 -1       410 5.62500E+01 1.60000E+01 8.00000E+00
 -1       411 6.25000E+01 1.60000E+01 8.00000E+00
 -1       412 6.87500E+01 1.60000E+01 8.00000E+00
 -1       413 7.50000E+01 1.60000E+01 8.00000E+00
 -1       414 8.12500E+01 1.60000E+01 8.00000E+00
 -1       415 8.75000E+01 1.60000E+01 8.00000E+00
 -1       416 9.37500E+01 1.60000E+01 8.00000E+00
 -1       417 1.00000E+02 1.60000E+01 8.00000E+00
 -1       418 1.06250E+02 1.60000E+01 8.00000E+00
 -1       419 1.12500E+02 1.60000E+01 8.00000E+00
 -1       420 1.18750E+02 1.60000E+01 8.00000E+00
 -1       421 1.25000E+02 1.60000E+01 8.00000E+00
 -1       422 1.31250E+02 1.60000E+01 8.00000E+00
 -1       423 1.37500E+02 1.60000E+01 8.00000E+00
 -1       424 1.43750E+02 1.60000E+01 8.00000E+00
 -1       425 1.50000E+02 1.60000E+01 8.00000E+00
 -1       426 0.00000E+00 2.00000E+01 8.00000E+00
 -1       427 6.25000E+00 2.00000E+01 8.00000E+00
 -1       428 1.25000E+01 2.00000E+01 8.00000E+00
 -1       429 1.87500E+01 2.00000E+01 8.00000E+00
 -1       430 2.50000E+01 2.00000E+01 8.00000E+00
 -1       431 3.12500E+01 2.00000E+01 8.00000E+00
 -1       432 3.75000E+01 2.00000E+01 8.00000E+00
 -1       433 4.37500E+01 2.00000E+01 8.00000E+00
 -1       434 5.00000E+01 2.00000E+01 8.00000E+00
 -1       435 5.62500E+01 2.00000E+01 8.00000E+00
 -1       436 6.25000E+01 2.00000E+01 8.00000E+00
 -1       437 6.87500E+01 2.00000E+01 8.00000E+00
 -1       438 7.50000E+01 2.00000E+01 8.00000E+00
 -1       439 8.12500E+01 2.00000E+01 8.00000E+00
 -1       440 8.75000E+01 2.00000E+01 8.00000E+00
 -1       441 9.37500E+01 2.00000E+01 8.00000E+00
 -1       442 1.00000E+02 2.00000E+01 8.00000E+00
 -1       443 1.06250E+02 2.00000E+01 8.00000E+00
 -1       444 1.12500E+02 2.00000E+01 8.00000E+00
 -1       445 1.18750E+02 2.00000E+01 8.00000E+00
 -1       446 1.25000E+02 2.00000E+01 8.00000E+00
 -1       447 1.31250E+02 2.00000E+01 8.00000E+00
 -1       448 1.37500E+02 2.00000E+01 8.00000E+00
 -1       449 1.43750E+02 2.00000E+01 8.00000E+00
 -1       450 1.50000E+02 2.00000E+01 8.00000E+00
 -1       451 0.00000E+00 0.00000E+00 1.20000E+01
 -1       452 6.25000E+00 0.00000E+00 1.20000E+01
 -1       453 1.25000E+01 0.00000E+00 1.20000E+01
 -1       454 1.87500E+01 0.00000E+00 1.20000E+01
 -1       455 2.50000E+01 0.00000E+00 1.20000E+01
 -1       456 3.12500E+01 0.00000E+00 1.20000E+01
 -1       457 3.75000E+01 0.00000E+00 1.20000E+01
 -1       458 4.37500E+01 0.00000E+00 1.20000E+01
 -1       459 5.00000E+01 0.00000E+00 1.20000E+01
 -1       460 5.62500E+01 0.00000E+00 1.20000E+01
 -1       461 6.25000E+01 0.00000E+00 1.20000E+01
 -1       462 6.87500E+01 0.00000E+00 1.20000E+01
 -1       463 7.50000E+01 0.00000E+00 1.20000E+01
 -1       464 8.12500E+01 0.00000E+00 1.20000E+01
 -1       465 8.75000E+01 0.00000E+00 1.20000E+01
 -1       466 9.37500E+01 0.00000E+00 1.20000E+01
 -1       467 1.00000E+02 0.00000E+00 1.20000E+01
 -1       468 1.06250E+02 0.00000E+00 1.20000E+01
 -1       469 1.12500E+02 0.00000E+00 1.20000E+01
 -1       470 1.18750E+02 0.00000E+00 1.20000E+01
 -1       471 1.25000E+02 0.00000E+00 1.20000E+01
 -1       472 1.31250E+02 0.00000E+00 1.20000E+01
 -1       473 1.37500E+02 0.00000E+00 1.20000E+01
 -1       474 1.43750E+02 0.00000E+00 1.20000E+01
 -1       475 1.50000E+02 0.00000E+00 1.20000E+01
 -1       476 0.00000E+00 4.00000E+00 1.20000E+01
 -1       477 6.25000E+00 4.00000E+00 1.20000E+01
 -1       478 1.25000E+01 4.00000E+00 1.20000E+01
 -1       479 1.87500E+01 4.00000E+00 1.20000E+01
 -1       480 2.50000E+01 4.00000E+00 1.20000E+01
 -1       481 3.12500E+01 4.00000E+00 1.20000E+01
 -1       482 3.75000E+01 4.00000E+00 1.20000E+01
 -1       483 4.37500E+01 4.00000E+00 1.20000E+01
 -1       484 5.00000E+01 4.00000E+00 1.20000E+01
 -1       485 5.62500E+01 4.00000E+00 1.20000E+01
 -1       486 6.25000E+01 4.00000E+00 1.20000E+01
 -1       487 6.87500E+01 4.00000E+00 1.20000E+01
 -1       488 7.50000E+01 4.00000E+00 1.20000E+01
 -1       489 8.12500E+01 4.00000E+00 1.20000E+01
 -1       490 8.75000E+01 4.00000E+00 1.20000E+01
 -1       491 9.37500E+01 4.00000E+00 1.20000E+01
 -1       492 1.00000E+02 4.00000E+00 1.20000E+01
 -1       493 1.06250E+02 4.00000E+00 1.20000E+01
 -1       494 1.12500E+02 4.00000E+00 1.20000E+01
 -1       495 1.18750E+02 4.00000E+00 1.20000E+01
 -1       496 1.25000E+02 4.00000E+00 1.20000E+01
 -1       497 1.31250E+02 4.00000E+00 1.20000E+01
 -1       498 1.37500E+02 4.00000E+00 1.20000E+01
 -1       499 1.43750E+02 4.00000E+00 1.20000E+01
 -1       500 1.50000E+02 4.00000E+00 1.20000E+01
 -1       501 0.00000E+00 8.00000E+00 1.20000E+01
 -1       502 6.25000E+00 8.00000E+00 1.20000E+01
 -1       503 1.25000E+01 8.00000E+00 1.20000E+01
 -1       504 1.87500E+01 8.00000E+00 1.20000E+01
 -1       505 2.50000E+01 8.00000E+00 1.20000E+01
 -1       506 3.12500E+01 8.00000E+00 1.20000E+01
 -1       507 3.75000E+01 8.00000E+00 1.20000E+01
 -1       508 4.37500E+01 8.00000E+00 1.20000E+01
 -1       509 5.00000E+01 8.00000E+00 1.20000E+01
 -1       510 5.62500E+01 8.00000E+00 1.20000E+01
 -1       511 6.25000E+01 8.00000E+00 1.20000E+01
 -1       512 6.87500E+01 8.00000E+00 1.20000E+01
 -1       513 7.50000E+01 8.00000E+00 1.20000E+01
 -1       514 8.12500E+01 8.00000E+00 1.20000E+01
 -1       515 8.75000E+01 8.00000E+00 1.20000E+01
 -1       516 9.37500E+01 8.00000E+00 1.20000E+01
 -1       517 1.00000E+02 8.00000E+00 1.20000E+01
 -1       518 1.06250E+02 8.00000E+00 1.20000E+01
 -1       519 1.12500E+02 8.00000E+00 1.20000E+01
 -1       520 1.18750E+02 8.00000E+00 1.20000E+01
 -1       521 1.25000E+02 8.00000E+00 1.20000E+01
 -1       522 1.31250E+02 8.00000E+00 1.20000E+01
 -1       523 1.37500E+02 8.00000E+00 1.20000E+01
 -1       524 1.43750E+02 8.00000E+00 1.20000E+01
 -1       525 1.50000E+02 8.00000E+00 1.20000E+01
 -1       526 0.00000E+00 1.20000E+01 1.20000E+01
 -1       527 6.25000E+00 1.20000E+01 1.20000E+01
 -1       528 1.25000E+01 1.20000E+01 1.20000E+01
 -1       529 1.87500E+01 1.20000E+01 1.20000E+01
 -1       530 2.50000E+01 1.20000E+01 1.20000E+01
 -1       531 3.12500E+01 1.20000E+01 1.20000E+01
 -1       532 3.75000E+01 1.20000E+01 1.20000E+01
 -1       533 4.37500E+01 1.20000E+01 1.20000E+01
 -1       534 5.00000E+01 1.20000E+01 1.20000E+01
 -1       535 5.62500E+01 1.20000E+01 1.20000E+01
 -1       536 6.25000E+01 1.20000E+01 1.20000E+01
 -1       537 6.87500E+01 1.20000E+01 1.20000E+01
 -1       538 7.50000E+01 1.20000E+01 1.20000E+01
 -1       539 8.12500E+01 1.20000E+01 1.20000E+01
 -1       540 8.75000E+01 1.20000E+01 1.20000E+01
 -1       541 9.37500E+01 1.20000E+01 1.20000E+01
 -1       542 1.00000E+02 1.20000E+01 1.20000E+01
 -1       543 1.06250E+02 1.20000E+01 1.20000E+01
 -1       544 1.12500E+02 1.20000E+01 1.20000E+01
 -1       545 1.18750E+02 1.20000E+01 1.20000E+01
 -1       546 1.25000E+02 1.20000E+01 1.20000E+01
 -1       547 1.31250E+02 1.20000E+01 1.20000E+01
 -1       548 1.37500E+02 1.20000E+01 1.20000E+01
 -1       549 1.43750E+02 1.20000E+01 1.20000E+01
 -1       550 1.50000E+02 1.20000E+01 1.20000E+01
 -1       551 0.00000E+00 1.60000E+01 1.20000E+01
 -1       552 6.25000E+00 1.60000E+01 1.20000E+01
 -1       553 1.25000E+01 1.60000E+01 1.20000E+01
 -1       554 1.87500E+01 1.60000E+01 1.20000E+01
 -1       555 2.50000E+01 1.60000E+01 1.20000E+01
 -1       556 3.12500E+01 1.60000E+01 1.20000E+01
 -1       557 3.75000E+01 1.60000E+01 1.20000E+01
 -1       558 4.37500E+01 1.60000E+01 1.20000E+01
 -1       559 5.00000E+01 1.60000E+01 1.20000E+01
 -1       560 5.62500E+01 1.60000E+01 1.20000E+01
 -1       561 6.25000E+01 1.60000E+01 1.20000E+01
 -1       562 6.87500E+01 1.60000E+01 1.20000E+01
 -1       563 7.50000E+01 1.60000E+01 1.20000E+01
 -1       564 8.12500E+01 1.60000E+01 1.20000E+01
 -1       565 8.75000E+01 1.60000E+01 1.20000E+01
 -1       566 9.37500E+01 1.60000E+01 1.20000E+01
 -1       567 1.00000E+02 1.60000E+01 1.20000E+01
 -1       568 1.06250E+02 1.60000E+01 1.20000E+01
 -1       569 1.12500E+02 1.60000E+01 1.20000E+01
 -1       570 1.18750E+02 1.60000E+01 1.20000E+01
 -1       571 1.25000E+02 1.60000E+01 1.20000E+01
 -1       572 1.31250E+02 1.60000E+01 1.20000E+01
 -1       573 1.37500E+02 1.60000E+01 1.20000E+01
 -1       574 1.43750E+02 1.60000E+01 1.20000E+01
 -1       575 1.50000E+02 1.60000E+01 1.20000E+01
 -1       576 0.00000E+00 2.00000E+01 1.20000E+01
 -1       577 6.25000E+00 2.00000E+01 1.20000E+01
 -1       578 1.25000E+01 2.00000E+01 1.20000E+01
 -1       579 1.87500E+01 2.00000E+01 1.20000E+01
 -1       580 2.50000E+01 2.00000E+01 1.20000E+01
 -1       581 3.12500E+01 2.00000E+01 1.20000E+01
 -1       582 3.75000E+01 2.00000E+01 1.20000E+01
 -1       583 4.37500E+01 2.00000E+01 1.20000E+01
 -1       584 5.00000E+01 2.00000E+01 1.20000E+01
 -1       585 5.62500E+01 2.00000E+01 1.20000E+01
 -1       586 6.25000E+01 2.00000E+01 1.20000E+01
 -1       587 6.87500E+01 2.00000E+01 1.20000E+01
 -1       588 7.50000E+01 2.00000E+01 1.20000E+01
 -1       589 8.12500E+01 2.00000E+01 1.20000E+01
 -1       590 8.75000E+01 2.00000E+01 1.20000E+01
 -1       591 9.37500E+01 2.00000E+01 1.20000E+01
 -1       592 1.00000E+02 2.00000E+01 1.20000E+01
 -1       593 1.06250E+02 2.00000E+01 1.20000E+01
 -1       594 1.12500E+02 2.00000E+01 1.20000E+01
 -1       595 1.18750E+02 2.00000E+01 1.20000E+01
 -1       596 1.25000E+02 2.00000E+01 1.20000E+01
 -1       597 1.31250E+02 2.00000E+01 1.20000E+01
 -1       598 1.37500E+02 2.00000E+01 1.20000E+01
 -1       599 1.43750E+02 2.00000E+01 1.20000E+01
 -1       600 1.50000E+02 2.00000E+01 1.20000E+01
 -1       601 0.00000E+00 0.00000E+00 1.60000E+01
 -1       602 6.25000E+00 0.00000E+00 1.60000E+01
 -1       603 1.25000E+01 0.00000E+00 1.60000E+01
 -1       604 1.87500E+01 0.00000E+00 1.60000E+01
 -1       605 2.50000E+01 0.00000E+00 1.60000E+01
 -1       606 3.12500E+01 0.00000E+00 1.60000E+01
 -1       607 3.75000E+01 0.00000E+00 1.60000E+01
 -1       608 4.37500E+01 0.00000E+00 1.60000E+01
 -1       609 5.00000E+01 0.00000E+00 1.60000E+01
 -1       610 5.62500E+01 0.00000E+00 1.60000E+01
 -1       611 6.25000E+01 0.00000E+00 1.60000E+01
 -1       612 6.87500E+01 0.00000E+00 1.60000E+01
 -1       613 7.50000E+01 0.00000E+00 1.60000E+01
 -1       614 8.12500E+01 0.00000E+00 1.60000E+01
 -1       615 8.75000E+01 0.00000E+00 1.60000E+01
 -1       616 9.37500E+01 0.00000E+00 1.60000E+01
 -1       617 1.00000E+02 0.00000E+00 1.60000E+01
 -1       618 1.06250E+02 0.00000E+00 1.60000E+01
 -1       619 1.12500E+02 0.00000E+00 1.60000E+01
 -1       620 1.18750E+02 0.00000E+00 1.60000E+01
 -1       621 1.25000E+02 0.00000E+00 1.60000E+01
 -1       622 1.31250E+02 0.00000E+00 1.60000E+01
 -1       623 1.37500E+02 0.00000E+00 1.60000E+01
 -1       624 1.43750E+02 0.00000E+00 1.60000E+01
 -1       625 1.50000E+02 0.00000E+00 1.60000E+01
 -1       626 0.00000E+00 4.00000E+00 1.60000E+01
 -1       627 6.25000E+00 4.00000E+00 1.60000E+01
 -1       628 1.25000E+01 4.00000E+00 1.60000E+01
 -1       629 1.87500E+01 4.00000E+00 1.60000E+01
 -1       630 2.50000E+01 4.00000E+00 1.60000E+01
 -1       631 3.12500E+01 4.00000E+00 1.60000E+01
 -1       632 3.75000E+01 4.00000E+00 1.60000E+01
 -1       633 4.37500E+01 4.00000E+00 1.60000E+01
 -1       634 5.00000E+01 4.00000E+00 1.60000E+01
 -1       635 5.62500E+01 4.00000E+00 1.60000E+01
 -1       636 6.25000E+01 4.00000E+00 1.60000E+01
 -1       637 6.87500E+01 4.00000E+00 1.60000E+01
 -1       638 7.50000E+01 4.00000E+00 1.60000E+01
 -1       639 8.12500E+01 4.00000E+00 1.60000E+01
 -1       640 8.75000E+01 4.00000E+00 1.60000E+01
 -1       641 9.37500E+01 4.00000E+00 1.60000E+01
 -1       642 1.00000E+02 4.00000E+00 1.60000E+01
 -1       643 1.06250E+02 4.00000E+00 1.60000E+01
 -1       644 1.12500E+02 4.00000E+00 1.60000E+01
 -1       645 1.18750E+02 4.00000E+00 1.60000E+01
 -1       646 1.25000E+02 4.00000E+00 1.60000E+01
 -1       647 1.31250E+02 4.00000E+00 1.60000E+01
 -1       648 1.37500E+02 4.00000E+00 1.60000E+01
 -1       649 1.43750E+02 4.00000E+00 1.60000E+01
 -1       650 1.50000E+02 4.00000E+00 1.60000E+01
 -1       651 0.00000E+00 8.00000E+00 1.60000E+01
 -1       652 6.25000E+00 8.00000E+00 1.60000E+01
 -1       653 1.25000E+01 8.00000E+00 1.60000E+01
 -1       654 1.87500E+01 8.00000E+00 1.60000E+01
 -1       655 2.50000E+01 8.00000E+00 1.60000E+01
 -1       656 3.12500E+01 8.00000E+00 1.60000E+01
 -1       657 3.75000E+01 8.00000E+00 1.60000E+01
 -1       658 4.37500E+01 8.00000E+00 1.60000E+01
 -1       659 5.00000E+01 8.00000E+00 1.60000E+01
 -1       660 5.62500E+01 8.00000E+00 1.60000E+01
 -1       661 6.25000E+01 8.00000E+00 1.60000E+01
 -1       662 6.87500E+01 8.00000E+00 1.60000E+01
 -1       663 7.50000E+01 8.00000E+00 1.60000E+01
 -1       664 8.12500E+01 8.00000E+00 1.60000E+01
 -1       665 8.75000E+01 8.00000E+00 1.60000E+01
 -1       666 9.37500E+01 8.00000E+00 1.60000E+01
 -1       667 1.00000E+02 8.00000E+00 1.60000E+01
 -1       668 1.06250E+02 8.00000E+00 1.60000E+01
 -1       669 1.12500E+02 8.00000E+00 1.60000E+01
 -1       670 1.18750E+02 8.00000E+00 1.60000E+01
 -1       671 1.25000E+02 8.00000E+00 1.60000E+01
 -1       672 1.31250E+02 8.00000E+00 1.60000E+01
 -1       673 1.37500E+02 8.00000E+00 1.60000E+01
 -1       674 1.43750E+02 8.00000E+00 1.60000E+01
 -1       675 1.50000E+02 8.00000E+00 1.60000E+01
 -1       676 0.00000E+00 1.20000E+01 1.60000E+01
 -1       677 6.25000E+00 1.20000E+01 1.60000E+01
 -1       678 1.25000E+01 1.20000E+01 1.60000E+01
 -1       679 1.87500E+01 1.20000E+01 1.60000E+01
 -1       680 2.50000E+01 1.20000E+01 1.60000E+01
 -1       681 3.12500E+01 1.20000E+01 1.60000E+01
 -1       682 3.75000E+01 1.20000E+01 1.60000E+01
 -1       683 4.37500E+01 1.20000E+01 1.60000E+01
 -1       684 5.00000E+01 1.20000E+01 1.60000E+01
 -1       685 5.62500E+01 1.20000E+01 1.60000E+01
 -1       686 6.25000E+01 1.20000E+01 1.60000E+01
 -1       687 6.87500E+01 1.20000E+01 1.60000E+01
 -1       688 7.50000E+01 1.20000E+01 1.60000E+01
 -1       689 8.12500E+01 1.20000E+01 1.60000E+01
 -1       690 8.75000E+01 1.20000E+01 1.60000E+01
 -1       691 9.37500E+01 1.20000E+01 1.60000E+01
 -1       692 1.00000E+02 1.20000E+01 1.60000E+01
 -1       693 1.06250E+02 1.20000E+01 1.60000E+01
 -1       694 1.12500E+02 1.20000E+01 1.60000E+01
 -1       695 1.18750E+02 1.20000E+01 1.60000E+01
 -1       696 1.25000E+02 1.20000E+01 1.60000E+01
 -1       697 1.31250E+02 1.20000E+01 1.60000E+01
 -1       698 1.37500E+02 1.20000E+01 1.60000E+01
 -1       699 1.43750E+02 1.20000E+01 1.60000E+01
 -1       700 1.50000E+02 1.20000E+01 1.60000E+01
 -1       701 0.00000E+00 1.60000E+01 1.60000E+01
 -1       702 6.25000E+00 1.60000E+01 1.60000E+01
 -1       703 1.25000E+01 1.60000E+01 1.60000E+01
 -1       704 1.87500E+01 1.60000E+01 1.60000E+01
 -1       705 2.50000E+01 1.60000E+01 1.60000E+01
 -1       706 3.12500E+01 1.60000E+01 1.60000E+01
 -1       707 3.75000E+01 1.60000E+01 1.60000E+01
 -1       708 4.37500E+01 1.60000E+01 1.60000E+01
 -1       709 5.00000E+01 1.60000E+01 1.60000E+01
 -1       710 5.62500E+01 1.60000E+01 1.60000E+01
 -1       711 6.25000E+01 1.60000E+01 1.60000E+01
 -1       712 6.87500E+01 1.60000E+01 1.60000E+01
 -1       713 7.50000E+01 1.60000E+01 1.60000E+01
 -1       714 8.12500E+01 1.60000E+01 1.60000E+01
 -1       715 8.75000E+01 1.60000E+01 1.60000E+01
 -1       716 9.37500E+01 1.60000E+01 1.60000E+01
 -1       717 1.00000E+02 1.60000E+01 1.60000E+01
 -1       718 1.06250E+02 1.60000E+01 1.60000E+01
 -1       719 1.12500E+02 1.60000E+01 1.60000E+01
 -1       720 1.18750E+02 1.60000E+01 1.60000E+01
 -1       721 1.25000E+02 1.60000E+01 1.60000E+01
 -1       722 1.31250E+02 1.60000E+01 1.60000E+01
 -1       723 1.37500E+02 1.60000E+01 1.60000E+01
 -1       724 1.43750E+02 1.60000E+01 1.60000E+01
 -1       725 1.50000E+02 1.60000E+01 1.60000E+01
 -1       726 0.00000E+00 2.00000E+01 1.60000E+01
 -1       727 6.25000E+00 2.00000E+01 1.60000E+01
 -1       728 1.25000E+01 2.00000E+01 1.60000E+01
 -1       729 1.87500E+01 2.00000E+01 1.60000E+01
 -1       730 2.50000E+01 2.00000E+01 1.60000E+01
 -1       731 3.12500E+01 2.00000E+01 1.60000E+01
 -1       732 3.75000E+01 2.00000E+01 1.60000E+01
 -1       733 4.37500E+01 2.00000E+01 1.60000E+01
 -1       734 5.00000E+01 2.00000E+01 1.60000E+01
 -1       735 5.62500E+01 2.00000E+01 1.60000E+01
 -1       736 6.25000E+01 2.00000E+01 1.60000E+01
 -1       737 6.87500E+01 2.00000E+01 1.60000E+01
 -1       738 7.50000E+01 2.00000E+01 1.60000E+01
 -1       739 8.12500E+01 2.00000E+01 1.60000E+01
 -1       740 8.75000E+01 2.00000E+01 1.60000E+01
 -1       741 9.37500E+01 2.00000E+01 1.60000E+01
 -1       742 1.00000E+02 2.00000E+01 1.60000E+01
 -1       743 1.06250E+02 2.00000E+01 1.60000E+01
 -1       744 1.12500E+02 2.00000E+01 1.60000E+01
 -1       745 1.18750E+02 2.00000E+01 1.60000E+01
 -1       746 1.25000E+02 2.00000E+01 1.60000E+01
 -1       747 1.31250E+02 2.00000E+01 1.60000E+01
 -1       748 1.37500E+02 2.00000E+01 1.60000E+01
 -1       749 1.43750E+02 2.00000E+01 1.60000E+01
 -1       750 1.50000E+02 2.00000E+01 1.60000E+01
 -1       751 0.00000E+00 0.00000E+00 2.00000E+01
 -1       752 6.25000E+00 0.00000E+00 2.00000E+01
 -1       753 1.25000E+01 0.00000E+00 2.00000E+01
 -1       754 1.87500E+01 0.00000E+00 2.00000E+01
 -1       755 2.50000E+01 0.00000E+00 2.00000E+01
 -1       756 3.12500E+01 0.00000E+00 2.00000E+01
 -1       757 3.75000E+01 0.00000E+00 2.00000E+01
 -1       758 4.37500E+01 0.00000E+00 2.00000E+01
 -1       759 5.00000E+01 0.00000E+00 2.00000E+01
 -1       760 5.62500E+01 0.00000E+00 2.00000E+01
 -1       761 6.25000E+01 0.00000E+00 2.00000E+01
 -1       762 6.87500E+01 0.00000E+00 2.00000E+01
 -1       763 7.50000E+01 0.00000E+00 2.00000E+01
 -1       764 8.12500E+01 0.00000E+00 2.00000E+01
 -1       765 8.75000E+01 0.00000E+00 2.00000E+01
 -1       766 9.37500E+01 0.00000E+00 2.00000E+01
 -1       767 1.00000E+02 0.00000E+00 2.00000E+01
 -1       768 1.06250E+02 0.00000E+00 2.00000E+01
 -1       769 1.12500E+02 0.00000E+00 2.00000E+01
 -1       770 1.18750E+02 0.00000E+00 2.00000E+01
 -1       771 1.25000E+02 0.00000E+00 2.00000E+01
 -1       772 1.31250E+02 0.00000E+00 2.00000E+01
 -1       773 1.37500E+02 0.00000E+00 2.00000E+01
 -1       774 1.43750E+02 0.00000E+00 2.00000E+01
 -1       775 1.50000E+02 0.00000E+00 2.00000E+01
 -1       776 0.00000E+00 4.00000E+00 2.00000E+01
 -1       777 6.25000E+00 4.00000E+00 2.00000E+01
 -1       778 1.25000E+01 4.00000E+00 2.00000E+01
 -1       779 1.87500E+01 4.00000E+00 2.00000E+01
 -1       780 2.50000E+01 4.00000E+00 2.00000E+01
 -1       781 3.12500E+01 4.00000E+00 2.00000E+01
 -1       782 3.75000E+01 4.00000E+00 2.00000E+01
 -1       783 4.37500E+01 4.00000E+00 2.00000E+01
 -1       784 5.00000E+01 4.00000E+00 2.00000E+01
 -1       785 5.62500E+01 4.00000E+00 2.00000E+01
 -1       786 6.25000E+01 4.00000E+00 2.00000E+01
 -1       787 6.87500E+01 4.00000E+00 2.00000E+01
 -1       788 7.50000E+01 4.00000E+00 2.00000E+01
 -1       789 8.12500E+01 4.00000E+00 2.00000E+01
 -1       790 8.75000E+01 4.00000E+00 2.00000E+01
 -1       791 9.37500E+01 4.00000E+00 2.00000E+01
 -1       792 1.00000E+02 4.00000E+00 2.00000E+01
 -1       793 1.06250E+02 4.00000E+00 2.00000E+01
 -1       794 1.12500E+02 4.00000E+00 2.00000E+01
 -1       795 1.18750E+02 4.00000E+00 2.00000E+01
 -1       796 1.25000E+02 4.00000E+00 2.00000E+01
 -1       797 1.31250E+02 4.00000E+00 2.00000E+01
 -1       798 1.37500E+02 4.00000E+00 2.00000E+01
 -1       799 1.43750E+02 4.00000E+00 2.00000E+01
 -1       800 1.50000E+02 4.00000E+00 2.00000E+01
 -1       801 0.00000E+00 8.00000E+00 2.00000E+01
 -1       802 6.25000E+00 8.00000E+00 2.00000E+01
 -1       803 1.25000E+01 8.00000E+00 2.00000E+01
 -1       804 1.87500E+01 8.00000E+00 2.00000E+01
 -1       805 2.50000E+01 8.00000E+00 2.00000E+01
 -1       806 3.12500E+01 8.00000E+00 2.00000E+01
 -1       807 3.75000E+01 8.00000E+00 2.00000E+01
 -1       808 4.37500E+01 8.00000E+00 2.00000E+01
 -1       809 5.00000E+01 8.00000E+00 2.00000E+01
 -1       810 5.62500E+01 8.00000E+00 2.00000E+01
 -1       811 6.25000E+01 8.00000E+00 2.00000E+01
 -1       812 6.87500E+01 8.00000E+00 2.00000E+01
 -1       813 7.50000E+01 8.00000E+00 2.00000E+01
 -1       814 8.12500E+01 8.00000E+00 2.00000E+01
 -1       815 8.75000E+01 8.00000E+00 2.00000E+01
 -1       816 9.37500E+01 8.00000E+00 2.00000E+01
 -1       817 1.00000E+02 8.00000E+00 2.00000E+01
 -1       818 1.06250E+02 8.00000E+00 2.00000E+01
 -1       819 1.12500E+02 8.00000E+00 2.00000E+01
 -1       820 1.18750E+02 8.00000E+00 2.00000E+01
 -1       821 1.25000E+02 8.00000E+00 2.00000E+01
 -1       822 1.31250E+02 8.00000E+00 2.00000E+01
 -1       823 1.37500E+02 8.00000E+00 2.00000E+01
 -1       824 1.43750E+02 8.00000E+00 2.00000E+01
 -1       825 1.50000E+02 8.00000E+00 2.00000E+01
 -1       826 0.00000E+00 1.20000E+01 2.00000E+01
 -1       827 6.25000E+00 1.20000E+01 2.00000E+01
 -1       828 1.25000E+01 1.20000E+01 2.00000E+01
 -1       829 1.87500E+01 1.20000E+01 2.00000E+01
 -1       830 2.50000E+01 1.20000E+01 2.00000E+01
 -1       831 3.12500E+01 1.20000E+01 2.00000E+01
 -1       832 3.75000E+01 1.20000E+01 2.00000E+01
 -1       833 4.37500E+01 1.20000E+01 2.00000E+01
 -1       834 5.00000E+01 1.20000E+01 2.00000E+01
 -1       835 5.62500E+01 1.20000E+01 2.00000E+01
 -1       836 6.25000E+01 1.20000E+01 2.00000E+01
 -1       837 6.87500E+01 1.20000E+01 2.00000E+01
 -1       838 7.50000E+01 1.20000E+01 2.00000E+01
 -1       839 8.12500E+01 1.20000E+01 2.00000E+01
 -1       840 8.75000E+01 1.20000E+01 2.00000E+01
 -1       841 9.37500E+01 1.20000E+01 2.00000E+01
 -1       842 1.00000E+02 1.20000E+01 2.00000E+01
 -1       843 1.06250E+02 1.20000E+01 2.00000E+01
 -1       844 1.12500E+02 1.20000E+01 2.00000E+01
 -1       845 1.18750E+02 1.20000E+01 2.00000E+01
 -1       846 1.25000E+02 1.20000E+01 2.00000E+01
 -1       847 1.31250E+02 1.20000E+01 2.00000E+01
 -1       848 1.37500E+02 1.20000E+01 2.00000E+01
 -1       849 1.43750E+02 1.20000E+01 2.00000E+01
 -1       850 1.50000E+02 1.20000E+01 2.00000E+01
 -1       851 0.00000E+00 1.60000E+01 2.00000E+01
 -1       852 6.25000E+00 1.60000E+01 2.00000E+01
 -1       853 1.25000E+01 1.60000E+01 2.00000E+01
 -1       854 1.87500E+01 1.60000E+01 2.00000E+01
 -1       855 2.50000E+01 1.60000E+01 2.00000E+01
 -1       856 3.12500E+01 1.60000E+01 2.00000E+01
 -1       857 3.75000E+01 1.60000E+01 2.00000E+01
 -1       858 4.37500E+01 1.60000E+01 2.00000E+01
 -1       859 5.00000E+01 1.60000E+01 2.00000E+01
 -1       860 5.62500E+01 1.60000E+01 2.00000E+01
 -1       861 6.25000E+01 1.60000E+01 2.00000E+01
 -1       862 6.87500E+01 1.60000E+01 2.00000E+01
 -1       863 7.50000E+01 1.60000E+01 2.00000E+01
 -1       864 8.12500E+01 1.60000E+01 2.00000E+01
 -1       865 8.75000E+01 1.60000E+01 2.00000E+01
 -1       866 9.37500E+01 1.60000E+01 2.00000E+01
 -1       867 1.00000E+02 1.60000E+01 2.00000E+01
 -1       868 1.06250E+02 1.60000E+01 2.00000E+01
 -1       869 1.12500E+02 1.60000E+01 2.00000E+01
 -1       870 1.18750E+02 1.60000E+01 2.00000E+01
 -1       871 1.25000E+02 1.60000E+01 2.00000E+01
 -1       872 1.31250E+02 1.60000E+01 2.00000E+01
 -1       873 1.37500E+02 1.60000E+01 2.00000E+01
 -1       874 1.43750E+02 1.60000E+01 2.00000E+01
 -1       875 1.50000E+02 1.60000E+01 2.00000E+01
 -1       876 0.00000E+00 2.00000E+01 2.00000E+01
 -1       877 6.25000E+00 2.00000E+01 2.00000E+01
 -1       878 1.25000E+01 2.00000E+01 2.00000E+01
 -1       879 1.87500E+01 2.00000E+01 2.00000E+01
 -1       880 2.50000E+01 2.00000E+01 2.00000E+01
 -1       881 3.12500E+01 2.00000E+01 2.00000E+01
 -1       882 3.75000E+01 2.00000E+01 2.00000E+01
 -1       883 4.37500E+01 2.00000E+01 2.00000E+01
 -1       884 5.00000E+01 2.00000E+01 2.00000E+01
 -1       885 5.62500E+01 2.00000E+01 2.00000E+01
 -1       886 6.25000E+01 2.00000E+01 2.00000E+01
 -1       887 6.87500E+01 2.00000E+01 2.00000E+01
 -1       888 7.50000E+01 2.00000E+01 2.00000E+01
 -1       889 8.12500E+01 2.00000E+01 2.00000E+01
 -1       890 8.75000E+01 2.00000E+01 2.00000E+01
 -1       891 9.37500E+01 2.00000E+01 2.00000E+01
 -1       892 1.00000E+02 2.00000E+01 2.00000E+01
 -1       893 1.06250E+02 2.00000E+01 2.00000E+01
 -1       894 1.12500E+02 2.00000E+01 2.00000E+01
 -1       895 1.18750E+02 2.00000E+01 2.00000E+01
 -1       896 1.25000E+02 2.00000E+01 2.00000E+01
 -1       897 1.31250E+02 2.00000E+01 2.00000E+01
 -1       898 1.37500E+02 2.00000E+01 2.00000E+01
 -1       899 1.43750E+02 2.00000E+01 2.00000E+01
 -1       900 1.50000E+02 2.00000E+01 2.00000E+01
 -3
    3C                           600                                     1
 -1         1    1    0    1
 -2         1         2        27        26       151       152       177       176
 -1         2    1    0    1
 -2         2         3        28        27       152       153       178       177
 -1         3    1    0    1
 -2         3         4        29        28       153       154       179       178
 -1         4    1    0    1
 -2         4         5        30        29       154       155       180       179
 -1         5    1    0    1
 -2         5         6        31        30       155       156       181       180
 -1         6    1    0    1
 -2         6         7        32        31       156       157       182       181
 -1         7    1    0    1
 -2         7         8        33        32       157       158       183       182
 -1         8    1    0    1
 -2         8         9        34        33       158       159       184       183
 -1         9    1    0    1
 -2         9        10        35        34       159       160       185       184
 -1        10    1    0    1
 -2        10        11        36        35       160       161       186       185
 -1        11    1    0    1
 -2        11        12        37        36       161       162       187       186
 -1        12    1    0    1
 -2        12        13        38        37       162       163       188       187
 -1        13    1    0    1
 -2        13        14        39        38       163       164       189       188
 -1        14    1    0    1
 -2        14        15        40        39       164       165       190       189
 -1        15    1    0    1
 -2        15        16        41        40       165       166       191       190
 -1        16    1    0    1
 -2        16        17        42        41       166       167       192       191
 -1        17    1    0    1
 -2        17        18        43        42       167       168       193       192
 -1        18    1    0    1
 -2        18        19        44        43       168       169       194       193
 -1        19    1    0    1
 -2        19        20        45        44       169       170       195       194
 -1        20    1    0    1
 -2        20        21        46        45       170       171       196       195
 -1        21    1    0    1
 -2        21        22        47        46       171       172       197       196
 -1        22    1    0    1
 -2        22        23        48        47       172       173       198       197
 -1        23    1    0    1
 -2        23        24        49        48       173       174       199       198
 -1        24    1    0    1
 -2        24        25        50        49       174       175       200       199
 -1        25    1    0    1
 -2        26        27        52        51       176       177       202       201
 -1        26    1    0    1
 -2        27        28        53        52       177       178       203       202
 -1        27    1    0    1
 -2        28        29        54        53       178       179       204       203
 -1        28    1    0    1
 -2        29        30        55        54       179       180       205       204
 -1        29    1    0    1
 -2        30        31        56        55       180       181       206       205
 -1        30    1    0    1
 -2        31        32        57        56       181       182       207       206
 -1        31    1    0    1
 -2        32        33        58        57       182       183       208       207
 -1        32    1    0    1
 -2        33        34        59        58       183       184       209       208
 -1        33    1    0    1
 -2        34        35        60        59       184       185       210       209
 -1        34    1    0    1
 -2        35        36        61        60       185       186       211       210
 -1        35    1    0    1
 -2        36        37        62        61       186       187       212       211
 -1        36    1    0    1
 -2        37        38        63        62       187       188       213       212
 -1        37    1    0    1
 -2        38        39        64        63       188       189       214       213
 -1        38    1    0    1
 -2        39        40        65        64       189       190       215       214
 -1        39    1    0    1
 -2        40        41        66        65       190       191       216       215
 -1        40    1    0    1
 -2        41        42        67        66       191       192       217       216
 -1        41    1    0    1
 -2        42        43        68        67       192       193       218       217
 -1        42    1    0    1
 -2        43        44        69        68       193       194       219       218
 -1        43    1    0    1
 -2        44        45        70        69       194       195       220       219
 -1        44    1    0    1
 -2        45        46        71        70       195       196       221       220
 -1        45    1    0    1
 -2        46        47        72        71       196       197       222       221
 -1        46    1    0    1
 -2        47        48        73        72       197       198       223       222
 -1        47    1    0    1
 -2        48        49        74        73       198       199       224       223
 -1        48    1    0    1
 -2        49        50        75        74       199       200       225       224
 -1        49    1    0    1
 -2        51        52        77        76       201       202       227       226
 -1        50    1    0    1
 -2        52        53        78        77       202       203       228       227
 -1        51    1    0    1
 -2        53        54        79        78       203       204       229       228
 -1        52    1    0    1
 -2        54        55        80        79       204       205       230       229
 -1        53    1    0    1
 -2        55        56        81        80       205       206       231       230
 -1        54    1    0    1
 -2        56        57        82        81       206       207       232       231
 -1        55    1    0    1
 -2        57        58        83        82       207       208       233       232
 -1        56    1    0    1
 -2        58        59        84        83       208       209       234       233
 -1        57    1    0    1
 -2        59        60        85        84       209       210       235       234
 -1        58    1    0    1
 -2        60        61        86        85       210       211       236       235
 -1        59    1    0    1
 -2        61        62        87        86       211       212       237       236
 -1        60    1    0    1
 -2        62        63        88        87       212       213       238       237
 -1        61    1    0    1
 -2        63        64        89        88       213       214       239       238
 -1        62    1    0    1
 -2        64        65        90        89       214       215       240       239
 -1        63    1    0    1
 -2        65        66        91        90       215       216       241       240
 -1        64    1    0    1
 -2        66        67        92        91       216       217       242       241
 -1        65    1    0    1
 -2        67        68        93        92       217       218       243       242
 -1        66    1    0    1
 -2        68        69        94        93       218       219       244       243
 -1        67    1    0    1
 -2        69        70        95        94       219       220       245       244
 -1        68    1    0    1
 -2        70        71        96        95       220       221       246       245
 -1        69    1    0    1
 -2        71        72        97        96       221       222       247       246
 -1        70    1    0    1
 -2        72        73        98        97       222       223       248       247
 -1        71    1    0    1
 -2        73        74        99        98       223       224       249       248
 -1        72    1    0    1
 -2        74        75       100        99       224       225       250       249
 -1        73    1    0    1
 -2        76        77       102       101       226       227       252       251
 -1        74    1    0    1
 -2        77        78       103       102       227       228       253       252
 -1        75    1    0    1
 -2        78        79       104       103       228       229       254       253
 -1        76    1    0    1
 -2        79        80       105       104       229       230       255       254
 -1        77    1    0    1
 -2        80        81       106       105       230       231       256       255
 -1        78    1    0    1
 -2        81        82       107       106       231       232       257       256
 -1        79    1    0    1
 -2        82        83       108       107       232       233       258       257
 -1        80    1    0    1
 -2        83        84       109       108       233       234       259       258
 -1        81    1    0    1
 -2        84        85       110       109       234       235       260       259
 -1        82    1    0    1
 -2        85        86       111       110       235       236       261       260
 -1        83    1    0    1
 -2        86        87       112       111       236       237       262       261
 -1        84    1    0    1
 -2        87        88       113       112       237       238       263       262
 -1        85    1    0    1
 -2        88        89       114       113       238       239       264       263
 -1        86    1    0    1
 -2        89        90       115       114       239       240       265       264
 -1        87    1    0    1
 -2        90        91       116       115       240       241       266       265
 -1        88    1    0    1
 -2        91        92       117       116       241       242       267       266
 -1        89    1    0    1
 -2        92        93       118       117       242       243       268       267
 -1        90    1    0    1
 -2        93        94       119       118       243       244       269       268
 -1        91    1    0    1
 -2        94        95       120       119       244       245       270       269
 -1        92    1    0    1
 -2        95        96       121       120       245       246       271       270
 -1        93    1    0    1
 -2        96        97       122       121       246       247       272       271
 -1        94    1    0    1
 -2        97        98       123       122       247       248       273       272
 -1        95    1    0    1
 -2        98        99       124       123       248       249       274       273
 -1        96    1    0    1
 -2        99       100       125       124       249       250       275       274
 -1        97    1    0    1
 -2       101       102       127       126       251       252       277       276
 -1        98    1    0    1
 -2       102       103       128       127       252       253       278       277
 -1        99    1    0    1
 -2       103       104       129       128       253       254       279       278
 -1       100    1    0    1
 -2       104       105       130       129       254       255       280       279
 -1       101    1    0    1
 -2       105       106       131       130       255       256       281       280
 -1       102    1    0    1
 -2       106       107       132       131       256       257       282       281
 -1       103    1    0    1
 -2       107       108       133       132       257       258       283       282
 -1       104    1    0    1
 -2       108       109       134       133       258       259       284       283
 -1       105    1    0    1
 -2       109       110       135       134       259       260       285       284
 -1       106    1    0    1
 -2       110       111       136       135       260       261       286       285
 -1       107    1    0    1
 -2       111       112       137       136       261       262       287       286
 -1       108    1    0    1
 -2       112       113       138       137       262       263       288       287
 -1       109    1    0    1
 -2       113       114       139       138       263       264       289       288
 -1       110    1    0    1
 -2       114       115       140       139       264       265       290       289
 -1       111    1    0    1
 -2       115       116       141       140       265       266       291       290
 -1       112    1    0    1
 -2       116       117       142       141       266       267       292       291
 -1       113    1    0    1
 -2       117       118       143       142       267       268       293       292
 -1       114    1    0    1
 -2       118       119       144       143       268       269       294       293
 -1       115    1    0    1
 -2       119       120       145       144       269       270       295       294
 -1       116    1    0    1
 -2       120       121       146       145       270       271       296       295
 -1       117    1    0    1
 -2       121       122       147       146       271       272       297       296
 -1       118    1    0    1
 -2       122       123       148       147       272       273       298       297
 -1       119    1    0    1
 -2       123       124       149       148       273       274       299       298
 -1       120    1    0    1
 -2       124       125       150       149       274       275       300       299
 -1       121    1    0    1
 -2       151       152       177       176       301       302       327       326
 -1       122    1    0    1
 -2       152       153       178       177       302       303       328       327
 -1       123    1    0    1
 -2       153       154       179       178       303       304       329       328
 -1       124    1    0    1
 -2       154       155       180       179       304       305       330       329
 -1       125    1    0    1
 -2       155       156       181       180       305       306       331       330
 -1       126    1    0    1
 -2       156       157       182       181       306       307       332       331
 -1       127    1    0    1
 -2       157       158       183       182       307       308       333       332
 -1       128    1    0    1
 -2       158       159       184       183       308       309       334       333
 -1       129    1    0    1
 -2       159       160       185       184       309       310       335       334
 -1       130    1    0    1
 -2       160       161       186       185       310       311       336       335
 -1       131    1    0    1
 -2       161       162       187       186       311       312       337       336
 -1       132    1    0    1
 -2       162       163       188       187       312       313       338       337
 -1       133    1    0    1
 -2       163       164       189       188       313       314       339       338
 -1       134    1    0    1
 -2       164       165       190       189       314       315       340       339
 -1       135    1    0    1
 -2       165       166       191       190       315       316       341       340
 -1       136    1    0    1
 -2       166       167       192       191       316       317       342       341
 -1       137    1    0    1
 -2       167       168       193       192       317       318       343       342
 -1       138    1    0    1
 -2       168       169       194       193       318       319       344       343
 -1       139    1    0    1
 -2       169       170       195       194       319       320       345       344
 -1       140    1    0    1
 -2       170       171       196       195       320       321       346       345
 -1       141    1    0    1
 -2       171       172       197       196       321       322       347       346
 -1       142    1    0    1
 -2       172       173       198       197       322       323       348       347
 -1       143    1    0    1
 -2       173       174       199       198       323       324       349       348
 -1       144    1    0    1
 -2       174       175       200       199       324       325       350       349
 -1       145    1    0    1
 -2       176       177       202       201       326       327       352       351
 -1       146    1    0    1
 -2       177       178       203       202       327       328       353       352
 -1       147    1    0    1
 -2       178       179       204       203       328       329       354       353
 -1       148    1    0    1
 -2       179       180       205       204       329       330       355       354
 -1       149    1    0    1
 -2       180       181       206       205       330       331       356       355
 -1       150    1    0    1
 -2       181       182       207       206       331       332       357       356
 -1       151    1    0    1
 -2       182       183       208       207       332       333       358       357
 -1       152    1    0    1
 -2       183       184       209       208       333       334       359       358
 -1       153    1    0    1
 -2       184       185       210       209       334       335       360       359
 -1       154    1    0    1
 -2       185       186       211       210       335       336       361       360
 -1       155    1    0    1
 -2       186       187       212       211       336       337       362       361
 -1       156    1    0    1
 -2       187       188       213       212       337       338       363       362
 -1       157    1    0    1
 -2       188       189       214       213       338       339       364       363
 -1       158    1    0    1
 -2       189       190       215       214       339       340       365       364
 -1       159    1    0    1
 -2       190       191       216       215       340       341       366       365
 -1       160    1    0    1
 -2       191       192       217       216       341       342       367       366
 -1       161    1    0    1
 -2       192       193       218       217       342       343       368       367
 -1       162    1    0    1
 -2       193       194       219       218       343       344       369       368
 -1       163    1    0    1
 -2       194       195       220       219       344       345       370       369
 -1       164    1    0    1
 -2       195       196       221       220       345       346       371       370
 -1       165    1    0    1
 -2       196       197       222       221       346       347       372       371
 -1       166    1    0    1
 -2       197       198       223       222       347       348       373       372
 -1       167    1    0    1
 -2       198       199       224       223       348       349       374       373
 -1       168    1    0    1
 -2       199       200       225       224       349       350       375       374
 -1       169    1    0    1
 -2       201       202       227       226       351       352       377       376
 -1       170    1    0    1
 -2       202       203       228       227       352       353       378       377
 -1       171    1    0    1
 -2       203       204       229       228       353       354       379       378
 -1       172    1    0    1
 -2       204       205       230       229       354       355       380       379
 -1       173    1    0    1
 -2       205       206       231       230       355       356       381       380
 -1       174    1    0    1
 -2       206       207       232       231       356       357       382       381
 -1       175    1    0    1
 -2       207       208       233       232       357       358       383       382
 -1       176    1    0    1
 -2       208       209       234       233       358       359       384       383
 -1       177    1    0    1
 -2       209       210       235       234       359       360       385       384
 -1       178    1    0    1
 -2       210       211       236       235       360       361       386       385
 -1       179    1    0    1
 -2       211       212       237       236       361       362       387       386
 -1       180    1    0    1
 -2       212       213       238       237       362       363       388       387
 -1       181    1    0    1
 -2       213       214       239       238       363       364       389       388
 -1       182    1    0    1
 -2       214       215       240       239       364       365       390       389
 -1       183    1    0    1
 -2       215       216       241       240       365       366       391       390
 -1       184    1    0    1
 -2       216       217       242       241       366       367       392       391
 -1       185    1    0    1
 -2       217       218       243       242       367       368       393       392
 -1       186    1    0    1
 -2       218       219       244       243       368       369       394       393
 -1       187    1    0    1
 -2       219       220       245       244       369       370       395       394
 -1       188    1    0    1
 -2       220       221       246       245       370       371       396       395
 -1       189    1    0    1
 -2       221       222       247       246       371       372       397       396
 -1       190    1    0    1
 -2       222       223       248       247       372       373       398       397
 -1       191    1    0    1
 -2       223       224       249       248       373       374       399       398
 -1       192    1    0    1
 -2       224       225       250       249       374       375       400       399
 -1       193    1    0    1
 -2       226       227       252       251       376       377       402       401
 -1       194    1    0    1
 -2       227       228       253       252       377       378       403       402
 -1       195    1    0    1
 -2       228       229       254       253       378       379       404       403
 -1       196    1    0    1
 -2       229       230       255       254       379       380       405       404
 -1       197    1    0    1
 -2       230       231       256       255       380       381       406       405
 -1       198    1    0    1
 -2       231       232       257       256       381       382       407       406
 -1       199    1    0    1
 -2       232       233       258       257       382       383       408       407
 -1       200    1    0    1
 -2       233       234       259       258       383       384       409       408
 -1       201    1    0    1
 -2       234       235       260       259       384       385       410       409
 -1       202    1    0    1
 -2       235       236       261       260       385       386       411       410
 -1       203    1    0    1
 -2       236       237       262       261       386       387       412       411
 -1       204    1    0    1
 -2       237       238       263       262       387       388       413       412
 -1       205    1    0    1
 -2       238       239       264       263       388       389       414       413
 -1       206    1    0    1
 -2       239       240       265       264       389       390       415       414
 -1       207    1    0    1
 -2       240       241       266       265       390       391       416       415
 -1       208    1    0    1
 -2       241       242       267       266       391       392       417       416
 -1       209    1    0    1
 -2       242       243       268       267       392       393       418       417
 -1       210    1    0    1
 -2       243       244       269       268       393       394       419       418
 -1       211    1    0    1
 -2       244       245       270       269       394       395       420       419
 -1       212    1    0    1
 -2       245       246       271       270       395       396       421       420
 -1       213    1    0    1
 -2       246       247       272       271       396       397       422       421
 -1       214    1    0    1
 -2       247       248       273       272       397       398       423       422
 -1       215    1    0    1
 -2       248       249       274       273       398       399       424       423
 -1       216    1    0    1
 -2       249       250       275       274       399       400       425       424
 -1       217    1    0    1
 -2       251       252       277       276       401       402       427       426
 -1       218    1    0    1
 -2       252       253       278       277       402       403       428       427
 -1       219    1    0    1
 -2       253       254       279       278       403       404       429       428
 -1       220    1    0    1
 -2       254       255       280       279       404       405       430       429
 -1       221    1    0    1
 -2       255       256       281       280       405       406       431       430
 -1       222    1    0    1
 -2       256       257       282       281       406       407       432       431
 -1       223    1    0    1
 -2       257       258       283       282       407       408       433       432
 -1       224    1    0    1
 -2       258       259       284       283       408       409       434       433
 -1       225    1    0    1
 -2       259       260       285       284       409       410       435       434
 -1       226    1    0    1
 -2       260       261       286       285       410       411       436       435
 -1       227    1    0    1
 -2       261       262       287       286       411       412       437       436
 -1       228    1    0    1
 -2       262       263       288       287       412       413       438       437
 -1       229    1    0    1
 -2       263       264       289       288       413       414       439       438
 -1       230    1    0    1
 -2       264       265       290       289       414       415       440       439
 -1       231    1    0    1
 -2       265       266       291       290       415       416       441       440
 -1       232    1    0    1
 -2       266       267       292       291       416       417       442       441
 -1       233    1    0    1
 -2       267       268       293       292       417       418       443       442
 -1       234    1    0    1
 -2       268       269       294       293       418       419       444       443
 -1       235    1    0    1
 -2       269       270       295       294       419       420       445       444
 -1       236    1    0    1
 -2       270       271       296       295       420       421       446       445
 -1       237    1    0    1
 -2       271       272       297       296       421       422       447       446
 -1       238    1    0    1
 -2       272       273       298       297       422       423       448       447
 -1       239    1    0    1
 -2       273       274       299       298       423       424       449       448
 -1       240    1    0    1
 -2       274       275       300       299       424       425       450       449
 -1       241    1    0    1
 -2       301       302       327       326       451       452       477       476
 -1       242    1    0    1
 -2       302       303       328       327       452       453       478       477
 -1       243    1    0    1
 -2       303       304       329       328       453       454       479       478
 -1       244    1    0    1
 -2       304       305       330       329       454       455       480       479
 -1       245    1    0    1
 -2       305       306       331       330       455       456       481       480
 -1       246    1    0    1
 -2       306       307       332       331       456       457       482       481
 -1       247    1    0    1
 -2       307       308       333       332       457       458       483       482
 -1       248    1    0    1
 -2       308       309       334       333       458       459       484       483
 -1       249    1    0    1
 -2       309       310       335       334       459       460       485       484
 -1       250    1    0    1
 -2       310       311       336       335       460       461       486       485
 -1       251    1    0    1
 -2       311       312       337       336       461       462       487       486
 -1       252    1    0    1
 -2       312       313       338       337       462       463       488       487
 -1       253    1    0    1
 -2       313       314       339       338       463       464       489       488
 -1       254    1    0    1
 -2       314       315       340       339       464       465       490       489
 -1       255    1    0    1
 -2       315       316       341       340       465       466       491       490
 -1       256    1    0    1
 -2       316       317       342       341       466       467       492       491
 -1       257    1    0    1
 -2       317       318       343       342       467       468       493       492
 -1       258    1    0    1
 -2       318       319       344       343       468       469       494       493
 -1       259    1    0    1
 -2       319       320       345       344       469       470       495       494
 -1       260    1    0    1
 -2       320       321       346       345       470       471       496       495
 -1       261    1    0    1
 -2       321       322       347       346       471       472       497       496
 -1       262    1    0    1
 -2       322       323       348       347       472       473       498       497
 -1       263    1    0    1
 -2       323       324       349       348       473       474       499       498
 -1       264    1    0    1
 -2       324       325       350       349       474       475       500       499
 -1       265    1    0    1
 -2       326       327       352       351       476       477       502       501
 -1       266    1    0    1
 -2       327       328       353       352       477       478       503       502
 -1       267    1    0    1
 -2       328       329       354       353       478       479       504       503
 -1       268    1    0    1
 -2       329       330       355       354       479       480       505       504
 -1       269    1    0    1
 -2       330       331       356       355       480       481       506       505
 -1       270    1    0    1
 -2       331       332       357       356       481       482       507       506
 -1       271    1    0    1
 -2       332       333       358       357       482       483       508       507
 -1       272    1    0    1
 -2       333       334       359       358       483       484       509       508
 -1       273    1    0    1
 -2       334       335       360       359       484       485       510       509
 -1       274    1    0    1
 -2       335       336       361       360       485       486       511       510
 -1       275    1    0    1
 -2       336       337       362       361       486       487       512       511
 -1       276    1    0    1
 -2       337       338       363       362       487       488       513       512
 -1       277    1    0    1
 -2       338       339       364       363       488       489       514       513
 -1       278    1    0    1
 -2       339       340       365       364       489       490       515       514
 -1       279    1    0    1
 -2       340       341       366       365       490       491       516       515
 -1       280    1    0    1
 -2       341       342       367       366       491       492       517       516
 -1       281    1    0    1
 -2       342       343       368       367       492       493       518       517
 -1       282    1    0    1
 -2       343       344       369       368       493       494       519       518
 -1       283    1    0    1
 -2       344       345       370       369       494       495       520       519
 -1       284    1    0    1
 -2       345       346       371       370       495       496       521       520
 -1       285    1    0    1
 -2       346       347       372       371       496       497       522       521
 -1       286    1    0    1
 -2       347       348       373       372       497       498       523       522
 -1       287    1    0    1
 -2       348       349       374       373       498       499       524       523
 -1       288    1    0    1
 -2       349       350       375       374       499       500       525       524
 -1       289    1    0    1
 -2       351       352       377       376       501       502       527       526
 -1       290    1    0    1
 -2       352       353       378       377       502       503       528       527
 -1       291    1    0    1
 -2       353       354       379       378       503       504       529       528
 -1       292    1    0    1
 -2       354       355       380       379       504       505       530       529
 -1       293    1    0    1
 -2       355       356       381       380       505       506       531       530
 -1       294    1    0    1
 -2       356       357       382       381       506       507       532       531
 -1       295    1    0    1
 -2       357       358       383       382       507       508       533       532
 -1       296    1    0    1
 -2       358       359       384       383       508       509       534       533
 -1       297    1    0    1
 -2       359       360       385       384       509       510       535       534
 -1       298    1    0    1
 -2       360       361       386       385       510       511       536       535
 -1       299    1    0    1
 -2       361       362       387       386       511       512       537       536
 -1       300    1    0    1
 -2       362       363       388       387       512       513       538       537
 -1       301    1    0    1
 -2       363       364       389       388       513       514       539       538
 -1       302    1    0    1
 -2       364       365       390       389       514       515       540       539
 -1       303    1    0    1
 -2       365       366       391       390       515       516       541       540
 -1       304    1    0    1
 -2       366       367       392       391       516       517       542       541
 -1       305    1    0    1
 -2       367       368       393       392       517       518       543       542
 -1       306    1    0    1
 -2       368       369       394       393       518       519       544       543
 -1       307    1    0    1
 -2       369       370       395       394       519       520       545       544
 -1       308    1    0    1
 -2       370       371       396       395       520       521       546       545
 -1       309    1    0    1
 -2       371       372       397       396       521       522       547       546
 -1       310    1    0    1
 -2       372       373       398       397       522       523       548       547
 -1       311    1    0    1
 -2       373       374       399       398       523       524       549       548
 -1       312    1    0    1
 -2       374       375       400       399       524       525       550       549
 -1       313    1    0    1
 -2       376       377       402       401       526       527       552       551
 -1       314    1    0    1
 -2       377       378       403       402       527       528       553       552
 -1       315    1    0    1
 -2       378       379       404       403       528       529       554       553
 -1       316    1    0    1
 -2       379       380       405       404       529       530       555       554
 -1       317    1    0    1
 -2       380       381       406       405       530       531       556       555
 -1       318    1    0    1
 -2       381       382       407       406       531       532       557       556
 -1       319    1    0    1
 -2       382       383       408       407       532       533       558       557
 -1       320    1    0    1
 -2       383       384       409       408       533       534       559       558
 -1       321    1    0    1
 -2       384       385       410       409       534       535       560       559
 -1       322    1    0    1
 -2       385       386       411       410       535       536       561       560
 -1       323    1    0    1
 -2       386       387       412       411       536       537       562       561
 -1       324    1    0    1
 -2       387       388       413       412       537       538       563       562
 -1       325    1    0    1
 -2       388       389       414       413       538       539       564       563
 -1       326    1    0    1
 -2       389       390       415       414       539       540       565       564
 -1       327    1    0    1
 -2       390       391       416       415       540       541       566       565
 -1       328    1    0    1
 -2       391       392       417       416       541       542       567       566
 -1       329    1    0    1
 -2       392       393       418       417       542       543       568       567
 -1       330    1    0    1
 -2       393       394       419       418       543       544       569       568
 -1       331    1    0    1
 -2       394       395       420       419       544       545       570       569
 -1       332    1    0    1
 -2       395       396       421       420       545       546       571       570
 -1       333    1    0    1
 -2       396       397       422       421       546       547       572       571
 -1       334    1    0    1
 -2       397       398       423       422       547       548       573       572
 -1       335    1    0    1
 -2       398       399       424       423       548       549       574       573
 -1       336    1    0    1
 -2       399       400       425       424       549       550       575       574
 -1       337    1    0    1
 -2       401       402       427       426       551       552       577       576
 -1       338    1    0    1
 -2       402       403       428       427       552       553       578       577
 -1       339    1    0    1
 -2       403       404       429       428       553       554       579       578
 -1       340    1    0    1
 -2       404       405       430       429       554       555       580       579
 -1       341    1    0    1
 -2       405       406       431       430       555       556       581       580
 -1       342    1    0    1
 -2       406       407       432       431       556       557       582       581
 -1       343    1    0    1
 -2       407       408       433       432       557       558       583       582
 -1       344    1    0    1
 -2       408       409       434       433       558       559       584       583
 -1       345    1    0    1
 -2       409       410       435       434       559       560       585       584
 -1       346    1    0    1
 -2       410       411       436       435       560       561       586       585
 -1       347    1    0    1
 -2       411       412       437       436       561       562       587       586
 -1       348    1    0    1
 -2       412       413       438       437       562       563       588       587
 -1       349    1    0    1
 -2       413       414       439       438       563       564       589       588
 -1       350    1    0    1
 -2       414       415       440       439       564       565       590       589
 -1       351    1    0    1
 -2       415       416       441       440       565       566       591       590
 -1       352    1    0    1
 -2       416       417       442       441       566       567       592       591
 -1       353    1    0    1
 -2       417       418       443       442       567       568       593       592
 -1       354    1    0    1
 -2       418       419       444       443       568       569       594       593
 -1       355    1    0    1
 -2       419       420       445       444       569       570       595       594
 -1       356    1    0    1
 -2       420       421       446       445       570       571       596       595
 -1       357    1    0    1
 -2       421       422       447       446       571       572       597       596
 -1       358    1    0    1
 -2       422       423       448       447       572       573       598       597
 -1       359    1    0    1
 -2       423       424       449       448       573       574       599       598
 -1       360    1    0    1
 -2       424       425       450       449       574       575       600       599
 -1       361    1    0    1
 -2       451       452       477       476       601       602       627       626
 -1       362    1    0    1
 -2       452       453       478       477       602       603       628       627
 -1       363    1    0    1
 -2       453       454       479       478       603       604       629       628
 -1       364    1    0    1
 -2       454       455       480       479       604       605       630       629
 -1       365    1    0    1
 -2       455       456       481       480       605       606       631       630
 -1       366    1    0    1
 -2       456       457       482       481       606       607       632       631
 -1       367    1    0    1
 -2       457       458       483       482       607       608       633       632
 -1       368    1    0    1
 -2       458       459       484       483       608       609       634       633
 -1       369    1    0    1
 -2       459       460       485       484       609       610       635       634
 -1       370    1    0    1
 -2       460       461       486       485       610       611       636       635
 -1       371    1    0    1
 -2       461       462       487       486       611       612       637       636
 -1       372    1    0    1
 -2       462       463       488       487       612       613       638       637
 -1       373    1    0    1
 -2       463       464       489       488       613       614       639       638
 -1       374    1    0    1
 -2       464       465       490       489       614       615       640       639
 -1       375    1    0    1
 -2       465       466       491       490       615       616       641       640
 -1       376    1    0    1
 -2       466       467       492       491       616       617       642       641
 -1       377    1    0    1
 -2       467       468       493       492       617       618       643       642
 -1       378    1    0    1
 -2       468       469       494       493       618       619       644       643
 -1       379    1    0    1
 -2       469       470       495       494       619       620       645       644
 -1       380    1    0    1
 -2       470       471       496       495       620       621       646       645
 -1       381    1    0    1
 -2       471       472       497       496       621       622       647       646
 -1       382    1    0    1
 -2       472       473       498       497       622       623       648       647
 -1       383    1    0    1
 -2       473       474       499       498       623       624       649       648
 -1       384    1    0    1
 -2       474       475       500       499       624       625       650       649
 -1       385    1    0    1
 -2       476       477       502       501       626       627       652       651
 -1       386    1    0    1
 -2       477       478       503       502       627       628       653       652
 -1       387    1    0    1
 -2       478       479       504       503       628       629       654       653
 -1       388    1    0    1
 -2       479       480       505       504       629       630       655       654
 -1       389    1    0    1
 -2       480       481       506       505       630       631       656       655
 -1       390    1    0    1
 -2       481       482       507       506       631       632       657       656
 -1       391    1    0    1
 -2       482       483       508       507       632       633       658       657
 -1       392    1    0    1
 -2       483       484       509       508       633       634       659       658
 -1       393    1    0    1
 -2       484       485       510       509       634       635       660       659
 -1       394    1    0    1
 -2       485       486       511       510       635       636       661       660
 -1       395    1    0    1
 -2       486       487       512       511       636       637       662       661
 -1       396    1    0    1
 -2       487       488       513       512       637       638       663       662
 -1       397    1    0    1
 -2       488       489       514       513       638       639       664       663
 -1       398    1    0    1
 -2       489       490       515       514       639       640       665       664
 -1       399    1    0    1
 -2       490       491       516       515       640       641       666       665
 -1       400    1    0    1
 -2       491       492       517       516       641       642       667       666
 -1       401    1    0    1
 -2       492       493       518       517       642       643       668       667
 -1       402    1    0    1
 -2       493       494       519       518       643       644       669       668
 -1       403    1    0    1
 -2       494       495       520       519       644       645       670       669
 -1       404    1    0    1
 -2       495       496       521       520       645       646       671       670
 -1       405    1    0    1
 -2       496       497       522       521       646       647       672       671
 -1       406    1    0    1
 -2       497       498       523       522       647       648       673       672
 -1       407    1    0    1
 -2       498       499       524       523       648       649       674       673
 -1       408    1    0    1
 -2       499       500       525       524       649       650       675       674
 -1       409    1    0    1
 -2       501       502       527       526       651       652       677       676
 -1       410    1    0    1
 -2       502       503       528       527       652       653       678       677
 -1       411    1    0    1
 -2       503       504       529       528       653       654       679       678
 -1       412    1    0    1
 -2       504       505       530       529       654       655       680       679
 -1       413    1    0    1
 -2       505       506       531       530       655       656       681       680
 -1       414    1    0    1
 -2       506       507       532       531       656       657       682       681
 -1       415    1    0    1
 -2       507       508       533       532       657       658       683       682
 -1       416    1    0    1
 -2       508       509       534       533       658       659       684       683
 -1       417    1    0    1
 -2       509       510       535       534       659       660       685       684
 -1       418    1    0    1
 -2       510       511       536       535       660       661       686       685
 -1       419    1    0    1
 -2       511       512       537       536       661       662       687       686
 -1       420    1    0    1
 -2       512       513       538       537       662       663       688       687
 -1       421    1    0    1
 -2       513       514       539       538       663       664       689       688
 -1       422    1    0    1
 -2       514       515       540       539       664       665       690       689
 -1       423    1    0    1
 -2       515       516       541       540       665       666       691       690
 -1       424    1    0    1
 -2       516       517       542       541       666       667       692       691
 -1       425    1    0    1
 -2       517       518       543       542       667       668       693       692
 -1       426    1    0    1
 -2       518       519       544       543       668       669       694       693
 -1       427    1    0    1
 -2       519       520       545       544       669       670       695       694
 -1       428    1    0    1
 -2       520       521       546       545       670       671       696       695
 -1       429    1    0    1
 -2       521       522       547       546       671       672       697       696
 -1       430    1    0    1
 -2       522       523       548       547       672       673       698       697
 -1       431    1    0    1
 -2       523       524       549       548       673       674       699       698
 -1       432    1    0    1
 -2       524       525       550       549       674       675       700       699
 -1       433    1    0    1
 -2       526       527       552       551       676       677       702       701
 -1       434    1    0    1
 -2       527       528       553       552       677       678       703       702
 -1       435    1    0    1
 -2       528       529       554       553       678       679       704       703
 -1       436    1    0    1
 -2       529       530       555       554       679       680       705       704
 -1       437    1    0    1
 -2       530       531       556       555       680       681       706       705
 -1       438    1    0    1
 -2       531       532       557       556       681       682       707       706
 -1       439    1    0    1
 -2       532       533       558       557       682       683       708       707
 -1       440    1    0    1
 -2       533       534       559       558       683       684       709       708
 -1       441    1    0    1
 -2       534       535       560       559       684       685       710       709
 -1       442    1    0    1
 -2       535       536       561       560       685       686       711       710
 -1       443    1    0    1
 -2       536       537       562       561       686       687       712       711
 -1       444    1    0    1
 -2       537       538       563       562       687       688       713       712
 -1       445    1    0    1
 -2       538       539       564       563       688       689       714       713
 -1       446    1    0    1
 -2       539       540       565       564       689       690       715       714
 -1       447    1    0    1
 -2       540       541       566       565       690       691       716       715
 -1       448    1    0    1
 -2       541       542       567       566       691       692       717       716
 -1       449    1    0    1
 -2       542       543       568       567       692       693       718       717
 -1       450    1    0    1
 -2       543       544       569       568       693       694       719       718
 -1       451    1    0    1
 -2       544       545       570       569       694       695       720       719
 -1       452    1    0    1
 -2       545       546       571       570       695       696       721       720
 -1       453    1    0    1
 -2       546       547       572       571       696       697       722       721
 -1       454    1    0    1
 -2       547       548       573       572       697       698       723       722
 -1       455    1    0    1
 -2       548       549       574       573       698       699       724       723
 -1       456    1    0    1
 -2       549       550       575       574       699       700       725       724
 -1       457    1    0    1
 -2       551       552       577       576       701       702       727       726
 -1       458    1    0    1
 -2       552       553       578       577       702       703       728       727
 -1       459    1    0    1
 -2       553       554       579       578       703       704       729       728
 -1       460    1    0    1
 -2       554       555       580       579       704       705       730       729
 -1       461    1    0    1
 -2       555       556       581       580       705       706       731       730
 -1       462    1    0    1
 -2       556       557       582       581       706       707       732       731
 -1       463    1    0    1
 -2       557       558       583       582       707       708       733       732
 -1       464    1    0    1
 -2       558       559       584       583       708       709       734       733
 -1       465    1    0    1
 -2       559       560       585       584       709       710       735       734
 -1       466    1    0    1
 -2       560       561       586       585       710       711       736       735
 -1       467    1    0    1
 -2       561       562       587       586       711       712       737       736
 -1       468    1    0    1
 -2       562       563       588       587       712       713       738       737
 -1       469    1    0    1
 -2       563       564       589       588       713       714       739       738
 -1       470    1    0    1
 -2       564       565       590       589       714       715       740       739
 -1       471    1    0    1
 -2       565       566       591       590       715       716       741       740
 -1       472    1    0    1
 -2       566       567       592       591       716       717       742       741
 -1       473    1    0    1
 -2       567       568       593       592       717       718       743       742
 -1       474    1    0    1
 -2       568       569       594       593       718       719       744       743
 -1       475    1    0    1
 -2       569       570       595       594       719       720       745       744
 -1       476    1    0    1
 -2       570       571       596       595       720       721       746       745
 -1       477    1    0    1
 -2       571       572       597       596       721       722       747       746
 -1       478    1    0    1
 -2       572       573       598       597       722       723       748       747
 -1       479    1    0    1
 -2       573       574       599       598       723       724       749       748
 -1       480    1    0    1
 -2       574       575       600       599       724       725       750       749
 -1       481    1    0    1
 -2       601       602       627       626       751       752       777       776
 -1       482    1    0    1
 -2       602       603       628       627       752       753       778       777
 -1       483    1    0    1
 -2       603       604       629       628       753       754       779       778
 -1       484    1    0    1
 -2       604       605       630       629       754       755       780       779
 -1       485    1    0    1
 -2       605       606       631       630       755       756       781       780
 -1       486    1    0    1
 -2       606       607       632       631       756       757       782       781
 -1       487    1    0    1
 -2       607       608       633       632       757       758       783       782
 -1       488    1    0    1
 -2       608       609       634       633       758       759       784       783
 -1       489    1    0    1
 -2       609       610       635       634       759       760       785       784
 -1       490    1    0    1
 -2       610       611       636       635       760       761       786       785
 -1       491    1    0    1
 -2       611       612       637       636       761       762       787       786
 -1       492    1    0    1
 -2       612       613       638       637       762       763       788       787
 -1       493    1    0    1
 -2       613       614       639       638       763       764       789       788
 -1       494    1    0    1
 -2       614       615       640       639       764       765       790       789
 -1       495    1    0    1
 -2       615       616       641       640       765       766       791       790
 -1       496    1    0    1
 -2       616       617       642       641       766       767       792       791
 -1       497    1    0    1
 -2       617       618       643       642       767       768       793       792
 -1       498    1    0    1
 -2       618       619       644       643       768       769       794       793
 -1       499    1    0    1
 -2       619       620       645       644       769       770       795       794
 -1       500    1    0    1
 -2       620       621       646       645       770       771       796       795
 -1       501    1    0    1
 -2       621       622       647       646       771       772       797       796
 -1       502    1    0    1
 -2       622       623       648       647       772       773       798       797
 -1       503    1    0    1
 -2       623       624       649       648       773       774       799       798
 -1       504    1    0    1
 -2       624       625       650       649       774       775       800       799
 -1       505    1    0    1
 -2       626       627       652       651       776       777       802       801
 -1       506    1    0    1
 -2       627       628       653       652       777       778       803       802
 -1       507    1    0    1
 -2       628       629       654       653       778       779       804       803
 -1       508    1    0    1
 -2       629       630       655       654       779       780       805       804
 -1       509    1    0    1
 -2       630       631       656       655       780       781       806       805
 -1       510    1    0    1
 -2       631       632       657       656       781       782       807       806
 -1       511    1    0    1
 -2       632       633       658       657       782       783       808       807
 -1       512    1    0    1
 -2       633       634       659       658       783       784       809       808
 -1       513    1    0    1
 -2       634       635       660       659       784       785       810       809
 -1       514    1    0    1
 -2       635       636       661       660       785       786       811       810
 -1       515    1    0    1
 -2       636       637       662       661       786       787       812       811
 -1       516    1    0    1
 -2       637       638       663       662       787       788       813       812
 -1       517    1    0    1
 -2       638       639       664       663       788       789       814       813
 -1       518    1    0    1
 -2       639       640       665       664       789       790       815       814
 -1       519    1    0    1
 -2       640       641       666       665       790       791       816       815
 -1       520    1    0    1
 -2       641       642       667       666       791       792       817       816
 -1       521    1    0    1
 -2       642       643       668       667       792       793       818       817
 -1       522    1    0    1
 -2       643       644       669       668       793       794       819       818
 -1       523    1    0    1
 -2       644       645       670       669       794       795       820       819
 -1       524    1    0    1
 -2       645       646       671       670       795       796       821       820
 -1       525    1    0    1
 -2       646       647       672       671       796       797       822       821
 -1       526    1    0    1
 -2       647       648       673       672       797       798       823       822
 -1       527    1    0    1
 -2       648       649       674       673       798       799       824       823
 -1       528    1    0    1
 -2       649       650       675       674       799       800       825       824
 -1       529    1    0    1
 -2       651       652       677       676       801       802       827       826
 -1       530    1    0    1
 -2       652       653       678       677       802       803       828       827
 -1       531    1    0    1
 -2       653       654       679       678       803       804       829       828
 -1       532    1    0    1
 -2       654       655       680       679       804       805       830       829
 -1       533    1    0    1
 -2       655       656       681       680       805       806       831       830
 -1       534    1    0    1
 -2       656       657       682       681       806       807       832       831
 -1       535    1    0    1
 -2       657       658       683       682       807       808       833       832
 -1       536    1    0    1
 -2       658       659       684       683       808       809       834       833
 -1       537    1    0    1
 -2       659       660       685       684       809       810       835       834
 -1       538    1    0    1
 -2       660       661       686       685       810       811       836       835
 -1       539    1    0    1
 -2       661       662       687       686       811       812       837       836
 -1       540    1    0    1
 -2       662       663       688       687       812       813       838       837
 -1       541    1    0    1
 -2       663       664       689       688       813       814       839       838
 -1       542    1    0    1
 -2       664       665       690       689       814       815       840       839
 -1       543    1    0    1
 -2       665       666       691       690       815       816       841       840
 -1       544    1    0    1
 -2       666       667       692       691       816       817       842       841
 -1       545    1    0    1
 -2       667       668       693       692       817       818       843       842
 -1       546    1    0    1
 -2       668       669       694       693       818       819       844       843
 -1       547    1    0    1
 -2       669       670       695       694       819       820       845       844
 -1       548    1    0    1
 -2       670       671       696       695       820       821       846       845
 -1       549    1    0    1
 -2       671       672       697       696       821       822       847       846
 -1       550    1    0    1
 -2       672       673       698       697       822       823       848       847
 -1       551    1    0    1
 -2       673       674       699       698       823       824       849       848
 -1       552    1    0    1
 -2       674       675       700       699       824       825       850       849
 -1       553    1    0    1
 -2       676       677       702       701       826       827       852       851
 -1       554    1    0    1
 -2       677       678       703       702       827       828       853       852
 -1       555    1    0    1
 -2       678       679       704       703       828       829       854       853
 -1       556    1    0    1
 -2       679       680       705       704       829       830       855       854
 -1       557    1    0    1
 -2       680       681       706       705       830       831       856       855
 -1       558    1    0    1
 -2       681       682       707       706       831       832       857       856
 -1       559    1    0    1
 -2       682       683       708       707       832       833       858       857
 -1       560    1    0    1
 -2       683       684       709       708       833       834       859       858
 -1       561    1    0    1
 -2       684       685       710       709       834       835       860       859
 -1       562    1    0    1
 -2       685       686       711       710       835       836       861       860
 -1       563    1    0    1
 -2       686       687       712       711       836       837       862       861
 -1       564    1    0    1
 -2       687       688       713       712       837       838       863       862
 -1       565    1    0    1
 -2       688       689       714       713       838       839       864       863
 -1       566    1    0    1
 -2       689       690       715       714       839       840       865       864
 -1       567    1    0    1
 -2       690       691       716       715       840       841       866       865
 -1       568    1    0    1
 -2       691       692       717       716       841       842       867       866
 -1       569    1    0    1
 -2       692       693       718       717       842       843       868       867
 -1       570    1    0    1
 -2       693       694       719       718       843       844       869       868
 -1       571    1    0    1
 -2       694       695       720       719       844       845       870       869
 -1       572    1    0    1
 -2       695       696       721       720       845       846       871       870
 -1       573    1    0    1
 -2       696       697       722       721       846       847       872       871
 -1       574    1    0    1
 -2       697       698       723       722       847       848       873       872
 -1       575    1    0    1
 -2       698       699       724       723       848       849       874       873
 -1       576    1    0    1
 -2       699       700       725       724       849       850       875       874
 -1       577    1    0    1
 -2       701       702       727       726       851       852       877       876
 -1       578    1    0    1
 -2       702       703       728       727       852       853       878       877
 -1       579    1    0    1
 -2       703       704       729       728       853       854       879       878
 -1       580    1    0    1
 -2       704       705       730       729       854       855       880       879
 -1       581    1    0    1
 -2       705       706       731       730       855       856       881       880
 -1       582    1    0    1
 -2       706       707       732       731       856       857       882       881
 -1       583    1    0    1
 -2       707       708       733       732       857       858       883       882
 -1       584    1    0    1
 -2       708       709       734       733       858       859       884       883
 -1       585    1    0    1
 -2       709       710       735       734       859       860       885       884
 -1       586    1    0    1
 -2       710       711       736       735       860       861       886       885
 -1       587    1    0    1
 -2       711       712       737       736       861       862       887       886
 -1       588    1    0    1
 -2       712       713       738       737       862       863       888       887
 -1       589    1    0    1
 -2       713       714       739       738       863       864       889       888
 -1       590    1    0    1
 -2       714       715       740       739       864       865       890       889
 -1       591    1    0    1
 -2       715       716       741       740       865       866       891       890
 -1       592    1    0    1
 -2       716       717       742       741       866       867       892       891
 -1       593    1    0    1
 -2       717       718       743       742       867       868       893       892
 -1       594    1    0    1
 -2       718       719       744       743       868       869       894       893
 -1       595    1    0    1
 -2       719       720       745       744       869       870       895       894
 -1       596    1    0    1
 -2       720       721       746       745       870       871       896       895
 -1       597    1    0    1
 -2       721       722       747       746       871       872       897       896
 -1       598    1    0    1
 -2       722       723       748       747       872       873       898       897
 -1       599    1    0    1
 -2       723       724       749       748       873       874       899       898
 -1       600    1    0    1
 -2       724       725       750       749       874       875       900       899
 -3
    1PSTEP                         1           1           1          
  100CL  101 1.000000000         900                     0    1           1
 -4  DISP        4    1
 -5  D1          1    2    1    0
 -5  D2          1    2    2    0
 -5  D3          1    2    3    0
 -5  ALL         1    2    0    0    1ALL
 -1         1 0.00000E+00 0.00000E+00 0.00000E+00
 -1         2-1.79926E-04-7.76958E-05-7.72420E-05
 -1         3-3.50658E-04-8.36910E-05-2.39291E-04
 -1         4-5.20307E-04-8.21772E-05-5.22136E-04
 -1         5-6.84394E-04-7.79283E-05-9.10622E-04
 -1         6-8.40752E-04-7.39302E-05-1.39963E-03
 -1         7-9.89137E-04-7.00062E-05-1.98379E-03
 -1         8-1.12948E-03-6.61181E-05-2.65816E-03
 -1         9-1.26180E-03-6.22295E-05-3.41773E-03
 -1        10-1.38610E-03-5.83406E-05-4.25751E-03
 -1        11-1.50239E-03-5.44513E-05-5.17246E-03
 -1        12-1.61065E-03-5.05619E-05-6.15758E-03
 -1        13-1.71089E-03-4.66725E-05-7.20786E-03
 -1        14-1.80311E-03-4.27831E-05-8.31829E-03
 -1        15-1.88732E-03-3.88938E-05-9.48385E-03
 -1        16-1.96350E-03-3.50044E-05-1.06995E-02
 -1        17-2.03167E-03-3.11150E-05-1.19603E-02
 -1        18-2.09181E-03-2.72256E-05-1.32612E-02
 -1        19-2.14394E-03-2.33364E-05-1.45972E-02
 -1        20-2.18805E-03-1.94475E-05-1.59632E-02
 -1        21-2.22413E-03-1.55604E-05-1.73543E-02
 -1        22-2.25218E-03-1.16556E-05-1.87655E-02
 -1        23-2.27214E-03-7.77781E-06-2.01917E-02
 -1        24-2.28480E-03-3.39574E-06-2.16274E-02
 -1        25-2.29077E-03 2.84007E-06-2.30787E-02
 -1        26 0.00000E+00 0.00000E+00 0.00000E+00
 -1        27-1.68369E-04-4.07236E-05-9.92094E-05
 -1        28-3.49047E-04-5.08772E-05-2.66598E-04
 -1        29-5.21148E-04-4.92500E-05-5.48360E-04
 -1        30-6.85656E-04-4.67350E-05-9.35687E-04
 -1        31-8.42022E-04-4.42657E-05-1.42339E-03
 -1        32-9.90379E-04-4.19184E-05-2.00629E-03
 -1        33-1.13072E-03-3.95890E-05-2.67941E-03
 -1        34-1.26304E-03-3.72615E-05-3.43774E-03
 -1        35-1.38734E-03-3.49330E-05-4.27626E-03
 -1        36-1.50362E-03-3.26042E-05-5.18996E-03
 -1        37-1.61188E-03-3.02753E-05-6.17384E-03
 -1        38-1.71213E-03-2.79464E-05-7.22287E-03
 -1        39-1.80435E-03-2.56175E-05-8.33204E-03
 -1        40-1.88855E-03-2.32887E-05-9.49635E-03
 -1        41-1.96474E-03-2.09598E-05-1.07108E-02
 -1        42-2.03290E-03-1.86309E-05-1.19703E-02
 -1        43-2.09305E-03-1.63021E-05-1.32700E-02
 -1        44-2.14518E-03-1.39733E-05-1.46047E-02
 -1        45-2.18928E-03-1.16451E-05-1.59695E-02
 -1        46-2.22537E-03-9.31760E-06-1.73593E-02
 -1        47-2.25342E-03-6.98907E-06-1.87692E-02
 -1        48-2.27350E-03-4.61789E-06-2.01941E-02
 -1        49-2.28602E-03-1.67046E-06-2.16291E-02
 -1        50-2.29117E-03 1.52593E-06-2.30726E-02
 -1        51 0.00000E+00 0.00000E+00 0.00000E+00
 -1        52-1.69790E-04-1.26379E-05-1.08699E-04
 -1        53-3.47198E-04-1.66769E-05-2.79289E-04
 -1        54-5.20897E-04-1.65093E-05-5.61393E-04
 -1        55-6.85831E-04-1.55585E-05-9.48082E-04
 -1        56-8.42255E-04-1.47492E-05-1.43517E-03
 -1        57-9.90606E-04-1.39601E-05-2.01745E-03
 -1        58-1.13094E-03-1.31855E-05-2.68995E-03
 -1        59-1.26326E-03-1.24101E-05-3.44766E-03
 -1        60-1.38756E-03-1.16347E-05-4.28556E-03
 -1        61-1.50384E-03-1.08590E-05-5.19864E-03
 -1        62-1.61210E-03-1.00834E-05-6.18189E-03
 -1        63-1.71235E-03-9.30774E-06-7.23031E-03
 -1        64-1.80457E-03-8.53210E-06-8.33886E-03
 -1        65-1.88877E-03-7.75645E-06-9.50255E-03
 -1        66-1.96496E-03-6.98080E-06-1.07164E-02
 -1        67-2.03312E-03-6.20516E-06-1.19753E-02
 -1        68-2.09327E-03-5.42950E-06-1.32743E-02
 -1        69-2.14540E-03-4.65393E-06-1.46084E-02
 -1        70-2.18950E-03-3.87843E-06-1.59726E-02
 -1        71-2.22559E-03-3.10376E-06-1.73618E-02
 -1        72-2.25366E-03-2.32953E-06-1.87711E-02
 -1        73-2.27372E-03-1.52080E-06-2.01954E-02
 -1        74-2.28587E-03-4.72380E-07-2.16293E-02
 -1        75-2.29071E-03 3.68369E-07-2.30717E-02
 -1        76 0.00000E+00 0.00000E+00 0.00000E+00
 -1        77-1.69790E-04 1.26379E-05-1.08699E-04
 -1        78-3.47198E-04 1.66769E-05-2.79289E-04
 -1        79-5.20897E-04 1.65093E-05-5.61393E-04
 -1        80-6.85831E-04 1.55585E-05-9.48082E-04
 -1        81-8.42255E-04 1.47492E-05-1.43517E-03
 -1        82-9.90606E-04 1.39601E-05-2.01745E-03
 -1        83-1.13094E-03 1.31855E-05-2.68995E-03
 -1        84-1.26326E-03 1.24101E-05-3.44766E-03
 -1        85-1.38756E-03 1.16347E-05-4.28556E-03
 -1        86-1.50384E-03 1.08590E-05-5.19864E-03
 -1        87-1.61210E-03 1.00834E-05-6.18189E-03
 -1        88-1.71235E-03 9.30774E-06-7.23031E-03
 -1        89-1.80457E-03 8.53210E-06-8.33886E-03
 -1        90-1.88877E-03 7.75645E-06-9.50255E-03
 -1        91-1.96496E-03 6.98080E-06-1.07164E-02
 -1        92-2.03312E-03 6.20516E-06-1.19753E-02
 -1        93-2.09327E-03 5.42950E-06-1.32743E-02
 -1        94-2.14540E-03 4.65393E-06-1.46084E-02
 -1        95-2.18950E-03 3.87843E-06-1.59726E-02
 -1        96-2.22559E-03 3.10376E-06-1.73618E-02
 -1        97-2.25366E-03 2.32953E-06-1.87711E-02
 -1        98-2.27372E-03 1.52080E-06-2.01954E-02
 -1        99-2.28587E-03 4.72380E-07-2.16293E-02
 -1       100-2.29071E-03-3.68369E-07-2.30717E-02
 -1       101 0.00000E+00 0.00000E+00 0.00000E+00
 -1       102-1.68369E-04 4.07236E-05-9.92094E-05
 -1       103-3.49047E-04 5.08772E-05-2.66598E-04
 -1       104-5.21148E-04 4.92500E-05-5.48360E-04
 -1       105-6.85656E-04 4.67350E-05-9.35687E-04
 -1       106-8.42022E-04 4.42657E-05-1.42339E-03
 -1       107-9.90379E-04 4.19184E-05-2.00629E-03
 -1       108-1.13072E-03 3.95890E-05-2.67941E-03
 -1       109-1.26304E-03 3.72615E-05-3.43774E-03
 -1       110-1.38734E-03 3.49330E-05-4.27626E-03
 -1       111-1.50362E-03 3.26042E-05-5.18996E-03
 -1       112-1.61188E-03 3.02753E-05-6.17384E-03
 -1       113-1.71213E-03 2.79464E-05-7.22287E-03
 -1       114-1.80435E-03 2.56175E-05-8.33204E-03
 -1       115-1.88855E-03 2.32887E-05-9.49635E-03
 -1       116-1.96474E-03 2.09598E-05-1.07108E-02
 -1       117-2.03290E-03 1.86309E-05-1.19703E-02
 -1       118-2.09305E-03 1.63021E-05-1.32700E-02
 -1       119-2.14518E-03 1.39733E-05-1.46047E-02
 -1       120-2.18928E-03 1.16451E-05-1.59695E-02
 -1       121-2.22537E-03 9.31760E-06-1.73593E-02
 -1       122-2.25342E-03 6.98907E-06-1.87692E-02
 -1       123-2.27350E-03 4.61789E-06-2.01941E-02
 -1       124-2.28602E-03 1.67046E-06-2.16291E-02
 -1       125-2.29117E-03-1.52593E-06-2.30726E-02
 -1       126 0.00000E+00 0.00000E+00 0.00000E+00
 -1       127-1.79926E-04 7.76958E-05-7.72420E-05
 -1       128-3.50658E-04 8.36910E-05-2.39291E-04
 -1       129-5.20307E-04 8.21772E-05-5.22136E-04
 -1       130-6.84394E-04 7.79283E-05-9.10622E-04
 -1       131-8.40752E-04 7.39302E-05-1.39963E-03
 -1       132-9.89137E-04 7.00062E-05-1.98379E-03
 -1       133-1.12948E-03 6.61181E-05-2.65816E-03
 -1       134-1.26180E-03 6.22295E-05-3.41773E-03
 -1       135-1.38610E-03 5.83406E-05-4.25751E-03
 -1       136-1.50239E-03 5.44513E-05-5.17246E-03
 -1       137-1.61065E-03 5.05619E-05-6.15758E-03
 -1       138-1.71089E-03 4.66725E-05-7.20786E-03
 -1       139-1.80311E-03 4.27831E-05-8.31829E-03
 -1       140-1.88732E-03 3.88938E-05-9.48385E-03
 -1       141-1.96350E-03 3.50044E-05-1.06995E-02
 -1       142-2.03167E-03 3.11150E-05-1.19603E-02
 -1       143-2.09181E-03 2.72256E-05-1.32612E-02
 -1       144-2.14394E-03 2.33364E-05-1.45972E-02
 -1       145-2.18805E-03 1.94475E-05-1.59632E-02
 -1       146-2.22413E-03 1.55604E-05-1.73543E-02
 -1       147-2.25218E-03 1.16556E-05-1.87655E-02
 -1       148-2.27214E-03 7.77781E-06-2.01917E-02
 -1       149-2.28480E-03 3.39574E-06-2.16274E-02
 -1       150-2.29077E-03-2.84007E-06-2.30787E-02
 -1       151 0.00000E+00 0.00000E+00 0.00000E+00
 -1       152-1.04007E-04-4.68093E-05-4.41335E-05
 -1       153-2.08378E-04-5.03585E-05-2.14021E-04
 -1       154-3.09027E-04-4.89011E-05-4.96453E-04
 -1       155-4.07246E-04-4.64375E-05-8.86223E-04
 -1       156-5.01045E-04-4.40290E-05-1.37637E-03
 -1       157-5.90088E-04-4.16935E-05-1.96176E-03
 -1       158-6.74298E-04-3.93765E-05-2.63736E-03
 -1       159-7.53691E-04-3.70610E-05-3.39816E-03
 -1       160-8.28272E-04-3.47450E-05-4.23915E-03
 -1       161-8.98041E-04-3.24287E-05-5.15533E-03
 -1       162-9.62998E-04-3.01123E-05-6.14167E-03
 -1       163-1.02314E-03-2.77960E-05-7.19318E-03
 -1       164-1.07848E-03-2.54797E-05-8.30483E-03
 -1       165-1.12900E-03-2.31633E-05-9.47161E-03
 -1       166-1.17471E-03-2.08470E-05-1.06885E-02
 -1       167-1.21561E-03-1.85307E-05-1.19505E-02
 -1       168-1.25170E-03-1.62143E-05-1.32526E-02
 -1       169-1.28297E-03-1.38980E-05-1.45898E-02
 -1       170-1.30944E-03-1.15825E-05-1.59571E-02
 -1       171-1.33109E-03-9.26616E-06-1.73494E-02
 -1       172-1.34792E-03-6.95695E-06-1.87618E-02
 -1       173-1.35991E-03-4.56187E-06-2.01892E-02
 -1       174-1.36641E-03-1.96640E-06-2.16269E-02
 -1       175-1.36923E-03 7.79361E-07-2.30735E-02
 -1       176 0.00000E+00 0.00000E+00 0.00000E+00
 -1       177-9.37878E-05-2.47281E-05-6.51833E-05
 -1       178-2.06823E-04-3.09378E-05-2.39913E-04
 -1       179-3.09822E-04-2.95378E-05-5.22539E-04
 -1       180-4.08333E-04-2.79545E-05-9.11150E-04
 -1       181-5.02154E-04-2.64644E-05-1.40003E-03
 -1       182-5.91171E-04-2.50588E-05-1.98417E-03
 -1       183-6.75376E-04-2.36668E-05-2.65852E-03
 -1       184-7.54768E-04-2.22756E-05-3.41807E-03
 -1       185-8.29349E-04-2.08836E-05-4.25782E-03
 -1       186-8.99118E-04-1.94914E-05-5.17276E-03
 -1       187-9.64075E-04-1.80991E-05-6.15786E-03
 -1       188-1.02422E-03-1.67069E-05-7.20812E-03
 -1       189-1.07955E-03-1.53147E-05-8.31852E-03
 -1       190-1.13008E-03-1.39224E-05-9.48406E-03
 -1       191-1.17579E-03-1.25302E-05-1.06997E-02
 -1       192-1.21669E-03-1.11379E-05-1.19605E-02
 -1       193-1.25277E-03-9.74567E-06-1.32614E-02
 -1       194-1.28405E-03-8.35352E-06-1.45973E-02
 -1       195-1.31051E-03-6.96157E-06-1.59633E-02
 -1       196-1.33217E-03-5.57196E-06-1.73544E-02
 -1       197-1.34901E-03-4.17981E-06-1.87656E-02
 -1       198-1.36103E-03-2.74304E-06-2.01917E-02
 -1       199-1.36779E-03-1.10823E-06-2.16282E-02
 -1       200-1.37059E-03 1.42353E-07-2.30697E-02
 -1       201 0.00000E+00 0.00000E+00 0.00000E+00
 -1       202-9.26914E-05-7.70573E-06-7.31279E-05
 -1       203-2.04937E-04-1.02202E-05-2.52371E-04
 -1       204-3.09741E-04-9.94685E-06-5.35331E-04
 -1       205-4.08696E-04-9.32756E-06-9.23559E-04
 -1       206-5.02548E-04-8.83409E-06-1.41183E-03
 -1       207-5.91561E-04-8.36126E-06-1.99534E-03
 -1       208-6.75761E-04-7.89734E-06-2.66907E-03
 -1       209-7.55153E-04-7.43313E-06-3.42800E-03
 -1       210-8.29733E-04-6.96867E-06-4.26713E-03
 -1       211-8.99502E-04-6.50410E-06-5.18144E-03
 -1       212-9.64459E-04-6.03952E-06-6.16592E-03
 -1       213-1.02461E-03-5.57494E-06-7.21556E-03
 -1       214-1.07994E-03-5.11036E-06-8.32535E-03
 -1       215-1.13046E-03-4.64578E-06-9.49027E-03
 -1       216-1.17617E-03-4.18121E-06-1.07053E-02
 -1       217-1.21707E-03-3.71662E-06-1.19655E-02
 -1       218-1.25316E-03-3.25205E-06-1.32657E-02
 -1       219-1.28443E-03-2.78746E-06-1.46010E-02
 -1       220-1.31090E-03-2.32318E-06-1.59664E-02
 -1       221-1.33255E-03-1.85929E-06-1.73569E-02
 -1       222-1.34941E-03-1.39615E-06-1.87674E-02
 -1       223-1.36145E-03-9.08013E-07-2.01929E-02
 -1       224-1.36817E-03-3.62860E-07-2.16283E-02
 -1       225-1.37090E-03 5.38722E-08-2.30688E-02
 -1       226 0.00000E+00 0.00000E+00 0.00000E+00
 -1       227-9.26914E-05 7.70573E-06-7.31279E-05
 -1       228-2.04937E-04 1.02202E-05-2.52371E-04
 -1       229-3.09741E-04 9.94685E-06-5.35331E-04
 -1       230-4.08696E-04 9.32756E-06-9.23559E-04
 -1       231-5.02548E-04 8.83409E-06-1.41183E-03
 -1       232-5.91561E-04 8.36126E-06-1.99534E-03
 -1       233-6.75761E-04 7.89734E-06-2.66907E-03
 -1       234-7.55153E-04 7.43313E-06-3.42800E-03
 -1       235-8.29733E-04 6.96867E-06-4.26713E-03
 -1       236-8.99502E-04 6.50410E-06-5.18144E-03
 -1       237-9.64459E-04 6.03952E-06-6.16592E-03
 -1       238-1.02461E-03 5.57494E-06-7.21556E-03
 -1       239-1.07994E-03 5.11036E-06-8.32535E-03
 -1       240-1.13046E-03 4.64578E-06-9.49027E-03
 -1       241-1.17617E-03 4.18121E-06-1.07053E-02
 -1       242-1.21707E-03 3.71662E-06-1.19655E-02
 -1       243-1.25316E-03 3.25205E-06-1.32657E-02
 -1       244-1.28443E-03 2.78746E-06-1.46010E-02
 -1       245-1.31090E-03 2.32318E-06-1.59664E-02
 -1       246-1.33255E-03 1.85929E-06-1.73569E-02
 -1       247-1.34941E-03 1.39615E-06-1.87674E-02
 -1       248-1.36145E-03 9.08013E-07-2.01929E-02
 -1       249-1.36817E-03 3.62860E-07-2.16283E-02
 -1       250-1.37090E-03-5.38721E-08-2.30688E-02
 -1       251 0.00000E+00 0.00000E+00 0.00000E+00
 -1       252-9.37878E-05 2.47281E-05-6.51833E-05
 -1       253-2.06823E-04 3.09378E-05-2.39913E-04
 -1       254-3.09822E-04 2.95378E-05-5.22539E-04
 -1       255-4.08333E-04 2.79545E-05-9.11150E-04
 -1       256-5.02154E-04 2.64644E-05-1.40003E-03
 -1       257-5.91171E-04 2.50588E-05-1.98417E-03
 -1       258-6.75376E-04 2.36668E-05-2.65852E-03
 -1       259-7.54768E-04 2.22756E-05-3.41807E-03
 -1       260-8.29349E-04 2.08836E-05-4.25782E-03
 -1       261-8.99118E-04 1.94914E-05-5.17276E-03
 -1       262-9.64075E-04 1.80991E-05-6.15786E-03
 -1       263-1.02422E-03 1.67069E-05-7.20812E-03
 -1       264-1.07955E-03 1.53147E-05-8.31852E-03
 -1       265-1.13008E-03 1.39224E-05-9.48406E-03
 -1       266-1.17579E-03 1.25302E-05-1.06997E-02
 -1       267-1.21669E-03 1.11379E-05-1.19605E-02
 -1       268-1.25277E-03 9.74567E-06-1.32614E-02
 -1       269-1.28405E-03 8.35352E-06-1.45973E-02
 -1       270-1.31051E-03 6.96157E-06-1.59633E-02
 -1       271-1.33217E-03 5.57196E-06-1.73544E-02
 -1       272-1.34901E-03 4.17981E-06-1.87656E-02
 -1       273-1.36103E-03 2.74304E-06-2.01917E-02
 -1       274-1.36779E-03 1.10823E-06-2.16282E-02
 -1       275-1.37059E-03-1.42353E-07-2.30697E-02
 -1       276 0.00000E+00 0.00000E+00 0.00000E+00
 -1       277-1.04007E-04 4.68093E-05-4.41335E-05
 -1       278-2.08378E-04 5.03585E-05-2.14021E-04
 -1       279-3.09027E-04 4.89011E-05-4.96453E-04
 -1       280-4.07246E-04 4.64375E-05-8.86223E-04
 -1       281-5.01045E-04 4.40290E-05-1.37637E-03
 -1       282-5.90088E-04 4.16935E-05-1.96176E-03
 -1       283-6.74298E-04 3.93765E-05-2.63736E-03
 -1       284-7.53691E-04 3.70610E-05-3.39816E-03
 -1       285-8.28272E-04 3.47450E-05-4.23915E-03
 -1       286-8.98041E-04 3.24287E-05-5.15533E-03
 -1       287-9.62998E-04 3.01123E-05-6.14167E-03
 -1       288-1.02314E-03 2.77960E-05-7.19318E-03
 -1       289-1.07848E-03 2.54797E-05-8.30483E-03
 -1       290-1.12900E-03 2.31633E-05-9.47161E-03
 -1       291-1.17471E-03 2.08470E-05-1.06885E-02
 -1       292-1.21561E-03 1.85307E-05-1.19505E-02
 -1       293-1.25170E-03 1.62143E-05-1.32526E-02
 -1       294-1.28297E-03 1.38980E-05-1.45898E-02
 -1       295-1.30944E-03 1.15825E-05-1.59571E-02
 -1       296-1.33109E-03 9.26616E-06-1.73494E-02
 -1       297-1.34792E-03 6.95695E-06-1.87618E-02
 -1       298-1.35991E-03 4.56187E-06-2.01892E-02
 -1       299-1.36641E-03 1.96640E-06-2.16269E-02
 -1       300-1.36923E-03-7.79361E-07-2.30735E-02
 -1       301 0.00000E+00 0.00000E+00 0.00000E+00
 -1       302-3.41347E-05-1.58649E-05-2.94900E-05
 -1       303-6.86765E-05-1.68109E-05-2.00043E-04
 -1       304-1.02616E-04-1.63471E-05-4.83892E-04
 -1       305-1.35211E-04-1.54476E-05-8.74015E-04
 -1       306-1.66487E-04-1.46653E-05-1.36475E-03
 -1       307-1.96166E-04-1.38821E-05-1.95075E-03
 -1       308-2.24238E-04-1.31117E-05-2.62696E-03
 -1       309-2.50702E-04-1.23405E-05-3.38838E-03
 -1       310-2.75562E-04-1.15693E-05-4.22998E-03
 -1       311-2.98819E-04-1.07981E-05-5.14677E-03
 -1       312-3.20471E-04-1.00268E-05-6.13373E-03
 -1       313-3.40519E-04-9.25547E-06-7.18584E-03
 -1       314-3.58964E-04-8.48418E-06-8.29811E-03
 -1       315-3.75805E-04-7.71290E-06-9.46550E-03
 -1       316-3.91042E-04-6.94160E-06-1.06830E-02
 -1       317-4.04675E-04-6.17032E-06-1.19456E-02
 -1       318-4.16704E-04-5.39901E-06-1.32484E-02
 -1       319-4.27129E-04-4.62780E-06-1.45862E-02
 -1       320-4.35951E-04-3.85641E-06-1.59541E-02
 -1       321-4.43167E-04-3.08707E-06-1.73470E-02
 -1       322-4.48789E-04-2.31482E-06-1.87600E-02
 -1       323-4.52719E-04-1.50595E-06-2.01882E-02
 -1       324-4.54776E-04-6.87675E-07-2.16266E-02
 -1       325-4.55744E-04 3.96595E-07-2.30703E-02
 -1       326 0.00000E+00 0.00000E+00 0.00000E+00
 -1       327-3.08064E-05-8.32103E-06-5.05098E-05
 -1       328-6.80562E-05-1.03803E-05-2.25421E-04
 -1       329-1.02874E-04-9.84574E-06-5.09799E-04
 -1       330-1.35594E-04-9.28834E-06-8.98827E-04
 -1       331-1.66869E-04-8.79292E-06-1.38832E-03
 -1       332-1.96542E-04-8.32559E-06-1.97306E-03
 -1       333-2.24611E-04-7.86301E-06-2.64803E-03
 -1       334-2.51075E-04-7.40089E-06-3.40820E-03
 -1       335-2.75935E-04-6.93841E-06-4.24857E-03
 -1       336-2.99191E-04-6.47586E-06-5.16412E-03
 -1       337-3.20844E-04-6.01329E-06-6.14984E-03
 -1       338-3.40892E-04-5.55073E-06-7.20071E-03
 -1       339-3.59337E-04-5.08817E-06-8.31174E-03
 -1       340-3.76178E-04-4.62561E-06-9.47789E-03
 -1       341-3.91415E-04-4.16305E-06-1.06942E-02
 -1       342-4.05048E-04-3.70048E-06-1.19556E-02
 -1       343-4.17077E-04-3.23793E-06-1.32570E-02
 -1       344-4.27502E-04-2.77535E-06-1.45936E-02
 -1       345-4.36323E-04-2.31303E-06-1.59603E-02
 -1       346-4.43541E-04-1.85141E-06-1.73519E-02
 -1       347-4.49166E-04-1.38957E-06-1.87637E-02
 -1       348-4.53122E-04-9.03476E-07-2.01905E-02
 -1       349-4.55238E-04-4.05149E-07-2.16278E-02
 -1       350-4.56201E-04 6.11436E-08-2.30673E-02
 -1       351 0.00000E+00 0.00000E+00 0.00000E+00
 -1       352-3.03095E-05-2.59429E-06-5.81169E-05
 -1       353-6.72696E-05-3.42350E-06-2.37442E-04
 -1       354-1.02858E-04-3.32396E-06-5.22496E-04
 -1       355-1.35745E-04-3.10098E-06-9.11256E-04
 -1       356-1.67037E-04-2.93749E-06-1.40014E-03
 -1       357-1.96706E-04-2.77967E-06-1.98426E-03
 -1       358-2.24774E-04-2.62563E-06-2.65860E-03
 -1       359-2.51237E-04-2.47125E-06-3.41815E-03
 -1       360-2.76098E-04-2.31686E-06-4.25790E-03
 -1       361-2.99354E-04-2.16240E-06-5.17283E-03
 -1       362-3.21006E-04-2.00794E-06-6.15792E-03
 -1       363-3.41055E-04-1.85349E-06-7.20818E-03
 -1       364-3.59499E-04-1.69903E-06-8.31858E-03
 -1       365-3.76340E-04-1.54457E-06-9.48411E-03
 -1       366-3.91577E-04-1.39011E-06-1.06998E-02
 -1       367-4.05210E-04-1.23566E-06-1.19605E-02
 -1       368-4.17239E-04-1.08120E-06-1.32614E-02
 -1       369-4.27664E-04-9.26745E-07-1.45973E-02
 -1       370-4.36486E-04-7.72388E-07-1.59634E-02
 -1       371-4.43704E-04-6.18301E-07-1.73544E-02
 -1       372-4.49331E-04-4.63904E-07-1.87656E-02
 -1       373-4.53300E-04-3.01877E-07-2.01917E-02
 -1       374-4.55437E-04-1.32207E-07-2.16280E-02
 -1       375-4.56391E-04-1.69179E-08-2.30668E-02
 -1       376 0.00000E+00 0.00000E+00 0.00000E+00
 -1       377-3.03095E-05 2.59429E-06-5.81169E-05
 -1       378-6.72696E-05 3.42350E-06-2.37442E-04
 -1       379-1.02858E-04 3.32396E-06-5.22496E-04
 -1       380-1.35745E-04 3.10098E-06-9.11256E-04
 -1       381-1.67037E-04 2.93749E-06-1.40014E-03
 -1       382-1.96706E-04 2.77967E-06-1.98426E-03
 -1       383-2.24774E-04 2.62563E-06-2.65860E-03
 -1       384-2.51237E-04 2.47125E-06-3.41815E-03
 -1       385-2.76098E-04 2.31686E-06-4.25790E-03
 -1       386-2.99354E-04 2.16240E-06-5.17283E-03
 -1       387-3.21006E-04 2.00794E-06-6.15792E-03
 -1       388-3.41055E-04 1.85349E-06-7.20818E-03
 -1       389-3.59499E-04 1.69903E-06-8.31858E-03
 -1       390-3.76340E-04 1.54457E-06-9.48411E-03
 -1       391-3.91577E-04 1.39011E-06-1.06998E-02
 -1       392-4.05210E-04 1.23566E-06-1.19605E-02
 -1       393-4.17239E-04 1.08120E-06-1.32614E-02
 -1       394-4.27664E-04 9.26745E-07-1.45973E-02
 -1       395-4.36486E-04 7.72388E-07-1.59634E-02
 -1       396-4.43704E-04 6.18301E-07-1.73544E-02
 -1       397-4.49331E-04 4.63904E-07-1.87656E-02
 -1       398-4.53300E-04 3.01877E-07-2.01917E-02
 -1       399-4.55437E-04 1.32207E-07-2.16280E-02
 -1       400-4.56391E-04 1.69179E-08-2.30668E-02
 -1       401 0.00000E+00 0.00000E+00 0.00000E+00
 -1       402-3.08064E-05 8.32103E-06-5.05098E-05
 -1       403-6.80562E-05 1.03803E-05-2.25421E-04
 -1       404-1.02874E-04 9.84574E-06-5.09799E-04
 -1       405-1.35594E-04 9.28834E-06-8.98827E-04
 -1       406-1.66869E-04 8.79292E-06-1.38832E-03
 -1       407-1.96542E-04 8.32559E-06-1.97306E-03
 -1       408-2.24611E-04 7.86301E-06-2.64803E-03
 -1       409-2.51075E-04 7.40089E-06-3.40820E-03
 -1       410-2.75935E-04 6.93841E-06-4.24857E-03
 -1       411-2.99191E-04 6.47586E-06-5.16412E-03
 -1       412-3.20844E-04 6.01329E-06-6.14984E-03
 -1       413-3.40892E-04 5.55073E-06-7.20071E-03
 -1       414-3.59337E-04 5.08817E-06-8.31174E-03
 -1       415-3.76178E-04 4.62561E-06-9.47789E-03
 -1       416-3.91415E-04 4.16305E-06-1.06942E-02
 -1       417-4.05048E-04 3.70048E-06-1.19556E-02
 -1       418-4.17077E-04 3.23793E-06-1.32570E-02
 -1       419-4.27502E-04 2.77535E-06-1.45936E-02
 -1       420-4.36323E-04 2.31303E-06-1.59603E-02
 -1       421-4.43541E-04 1.85141E-06-1.73519E-02
 -1       422-4.49166E-04 1.38957E-06-1.87637E-02
 -1       423-4.53122E-04 9.03476E-07-2.01905E-02
 -1       424-4.55238E-04 4.05149E-07-2.16278E-02
 -1       425-4.56201E-04-6.11436E-08-2.30673E-02
 -1       426 0.00000E+00 0.00000E+00 0.00000E+00
 -1       427-3.41347E-05 1.58649E-05-2.94900E-05
 -1       428-6.86765E-05 1.68109E-05-2.00043E-04
 -1       429-1.02616E-04 1.63471E-05-4.83892E-04
 -1       430-1.35211E-04 1.54476E-05-8.74015E-04
 -1       431-1.66487E-04 1.46653E-05-1.36475E-03
 -1       432-1.96166E-04 1.38821E-05-1.95075E-03
 -1       433-2.24238E-04 1.31117E-05-2.62696E-03
 -1       434-2.50702E-04 1.23405E-05-3.38838E-03
 -1       435-2.75562E-04 1.15693E-05-4.22998E-03
 -1       436-2.98819E-04 1.07981E-05-5.14677E-03
 -1       437-3.20471E-04 1.00268E-05-6.13373E-03
 -1       438-3.40519E-04 9.25547E-06-7.18584E-03
 -1       439-3.58964E-04 8.48418E-06-8.29811E-03
 -1       440-3.75805E-04 7.71290E-06-9.46550E-03
 -1       441-3.91042E-04 6.94161E-06-1.06830E-02
 -1       442-4.04675E-04 6.17032E-06-1.19456E-02
 -1       443-4.16704E-04 5.39901E-06-1.32484E-02
 -1       444-4.27129E-04 4.62780E-06-1.45862E-02
 -1       445-4.35951E-04 3.85641E-06-1.59541E-02
 -1       446-4.43167E-04 3.08707E-06-1.73470E-02
 -1       447-4.48789E-04 2.31482E-06-1.87600E-02
 -1       448-4.52719E-04 1.50595E-06-2.01882E-02
 -1       449-4.54776E-04 6.87675E-07-2.16266E-02
 -1       450-4.55744E-04-3.96595E-07-2.30703E-02
 -1       451 0.00000E+00 0.00000E+00 0.00000E+00
 -1       452 3.41347E-05 1.58649E-05-2.94900E-05
 -1       453 6.86765E-05 1.68109E-05-2.00043E-04
 -1       454 1.02616E-04 1.63471E-05-4.83892E-04
 -1       455 1.35211E-04 1.54476E-05-8.74015E-04
 -1       456 1.66487E-04 1.46653E-05-1.36475E-03
 -1       457 1.96166E-04 1.38821E-05-1.95075E-03
 -1       458 2.24238E-04 1.31117E-05-2.62696E-03
 -1       459 2.50702E-04 1.23405E-05-3.38838E-03
 -1       460 2.75562E-04 1.15693E-05-4.22998E-03
 -1       461 2.98819E-04 1.07981E-05-5.14677E-03
 -1       462 3.20471E-04 1.00268E-05-6.13373E-03
 -1       463 3.40519E-04 9.25547E-06-7.18584E-03
 -1       464 3.58964E-04 8.48418E-06-8.29811E-03
 -1       465 3.75805E-04 7.71290E-06-9.46550E-03
 -1       466 3.91042E-04 6.94161E-06-1.06830E-02
 -1       467 4.04675E-04 6.17032E-06-1.19456E-02
 -1       468 4.16704E-04 5.39901E-06-1.32484E-02
 -1       469 4.27129E-04 4.62780E-06-1.45862E-02
 -1       470 4.35951E-04 3.85641E-06-1.59541E-02
 -1       471 4.43167E-04 3.08707E-06-1.73470E-02
 -1       472 4.48789E-04 2.31482E-06-1.87600E-02
 -1       473 4.52719E-04 1.50595E-06-2.01882E-02
 -1       474 4.54776E-04 6.87675E-07-2.16266E-02
 -1       475 4.55744E-04-3.96595E-07-2.30703E-02
 -1       476 0.00000E+00 0.00000E+00 0.00000E+00
 -1       477 3.08064E-05 8.32103E-06-5.05098E-05
 -1       478 6.80562E-05 1.03803E-05-2.25421E-04
 -1       479 1.02874E-04 9.84574E-06-5.09799E-04
 -1       480 1.35594E-04 9.28834E-06-8.98827E-04
 -1       481 1.66869E-04 8.79292E-06-1.38832E-03
 -1       482 1.96542E-04 8.32559E-06-1.97306E-03
 -1       483 2.24611E-04 7.86301E-06-2.64803E-03
 -1       484 2.51075E-04 7.40089E-06-3.40820E-03
 -1       485 2.75935E-04 6.93841E-06-4.24857E-03
 -1       486 2.99191E-04 6.47586E-06-5.16412E-03
 -1       487 3.20844E-04 6.01329E-06-6.14984E-03
 -1       488 3.40892E-04 5.55073E-06-7.20071E-03
 -1       489 3.59337E-04 5.08817E-06-8.31174E-03
 -1       490 3.76178E-04 4.62561E-06-9.47789E-03
 -1       491 3.91415E-04 4.16305E-06-1.06942E-02
 -1       492 4.05048E-04 3.70048E-06-1.19556E-02
 -1       493 4.17077E-04 3.23793E-06-1.32570E-02
 -1       494 4.27502E-04 2.77535E-06-1.45936E-02
 -1       495 4.36323E-04 2.31303E-06-1.59603E-02
 -1       496 4.43541E-04 1.85141E-06-1.73519E-02
 -1       497 4.49166E-04 1.38957E-06-1.87637E-02
 -1       498 4.53122E-04 9.03476E-07-2.01905E-02
 -1       499 4.55238E-04 4.05149E-07-2.16278E-02
 -1       500 4.56201E-04-6.11436E-08-2.30673E-02
 -1       501 0.00000E+00 0.00000E+00 0.00000E+00
 -1       502 3.03095E-05 2.59429E-06-5.81169E-05
 -1       503 6.72696E-05 3.42350E-06-2.37442E-04
 -1       504 1.02858E-04 3.32396E-06-5.22496E-04
 -1       505 1.35745E-04 3.10098E-06-9.11256E-04
 -1       506 1.67037E-04 2.93749E-06-1.40014E-03
 -1       507 1.96706E-04 2.77967E-06-1.98426E-03
 -1       508 2.24774E-04 2.62563E-06-2.65860E-03
 -1       509 2.51237E-04 2.47125E-06-3.41815E-03
 -1       510 2.76098E-04 2.31686E-06-4.25790E-03
 -1       511 2.99354E-04 2.16240E-06-5.17283E-03
 -1       512 3.21006E-04 2.00794E-06-6.15792E-03
 -1       513 3.41055E-04 1.85349E-06-7.20818E-03
 -1       514 3.59499E-04 1.69903E-06-8.31858E-03
 -1       515 3.76340E-04 1.54457E-06-9.48411E-03
 -1       516 3.91577E-04 1.39011E-06-1.06998E-02
 -1       517 4.05210E-04 1.23566E-06-1.19605E-02
 -1       518 4.17239E-04 1.08120E-06-1.32614E-02
 -1       519 4.27664E-04 9.26745E-07-1.45973E-02
 -1       520 4.36486E-04 7.72388E-07-1.59634E-02
 -1       521 4.43704E-04 6.18301E-07-1.73544E-02
 -1       522 4.49331E-04 4.63904E-07-1.87656E-02
 -1       523 4.53300E-04 3.01877E-07-2.01917E-02
 -1       524 4.55437E-04 1.32207E-07-2.16280E-02
 -1       525 4.56391E-04 1.69179E-08-2.30668E-02
 -1       526 0.00000E+00 0.00000E+00 0.00000E+00
 -1       527 3.03095E-05-2.59429E-06-5.81169E-05
 -1       528 6.72696E-05-3.42350E-06-2.37442E-04
 -1       529 1.02858E-04-3.32396E-06-5.22496E-04
 -1       530 1.35745E-04-3.10098E-06-9.11256E-04
 -1       531 1.67037E-04-2.93749E-06-1.40014E-03
 -1       532 1.96706E-04-2.77967E-06-1.98426E-03
 -1       533 2.24774E-04-2.62563E-06-2.65860E-03
 -1       534 2.51237E-04-2.47125E-06-3.41815E-03
 -1       535 2.76098E-04-2.31686E-06-4.25790E-03
 -1       536 2.99354E-04-2.16240E-06-5.17283E-03
 -1       537 3.21006E-04-2.00794E-06-6.15792E-03
 -1       538 3.41055E-04-1.85349E-06-7.20818E-03
 -1       539 3.59499E-04-1.69903E-06-8.31858E-03
 -1       540 3.76340E-04-1.54457E-06-9.48411E-03
 -1       541 3.91577E-04-1.39011E-06-1.06998E-02
 -1       542 4.05210E-04-1.23566E-06-1.19605E-02
 -1       543 4.17239E-04-1.08120E-06-1.32614E-02
 -1       544 4.27664E-04-9.26745E-07-1.45973E-02
 -1       545 4.36486E-04-7.72388E-07-1.59634E-02
 -1       546 4.43704E-04-6.18301E-07-1.73544E-02
 -1       547 4.49331E-04-4.63904E-07-1.87656E-02
 -1       548 4.53300E-04-3.01877E-07-2.01917E-02
 -1       549 4.55437E-04-1.32207E-07-2.16280E-02
 -1       550 4.56391E-04-1.69179E-08-2.30668E-02
 -1       551 0.00000E+00 0.00000E+00 0.00000E+00
 -1       552 3.08064E-05-8.32103E-06-5.05098E-05
 -1       553 6.80562E-05-1.03803E-05-2.25421E-04
 -1       554 1.02874E-04-9.84574E-06-5.09799E-04
 -1       555 1.35594E-04-9.28834E-06-8.98827E-04
 -1       556 1.66869E-04-8.79292E-06-1.38832E-03
 -1       557 1.96542E-04-8.32559E-06-1.97306E-03
 -1       558 2.24611E-04-7.86301E-06-2.64803E-03
 -1       559 2.51075E-04-7.40089E-06-3.40820E-03
 -1       560 2.75935E-04-6.93841E-06-4.24857E-03
 -1       561 2.99191E-04-6.47586E-06-5.16412E-03
 -1       562 3.20844E-04-6.01329E-06-6.14984E-03
 -1       563 3.40892E-04-5.55073E-06-7.20071E-03
 -1       564 3.59337E-04-5.08817E-06-8.31174E-03
 -1       565 3.76178E-04-4.62561E-06-9.47789E-03
 -1       566 3.91415E-04-4.16305E-06-1.06942E-02
 -1       567 4.05048E-04-3.70048E-06-1.19556E-02
 -1       568 4.17077E-04-3.23793E-06-1.32570E-02
 -1       569 4.27502E-04-2.77535E-06-1.45936E-02
 -1       570 4.36323E-04-2.31303E-06-1.59603E-02
 -1       571 4.43541E-04-1.85141E-06-1.73519E-02
 -1       572 4.49166E-04-1.38957E-06-1.87637E-02
 -1       573 4.53122E-04-9.03476E-07-2.01905E-02
 -1       574 4.55238E-04-4.05149E-07-2.16278E-02
 -1       575 4.56201E-04 6.11436E-08-2.30673E-02
 -1       576 0.00000E+00 0.00000E+00 0.00000E+00
 -1       577 3.41347E-05-1.58649E-05-2.94900E-05
 -1       578 6.86765E-05-1.68109E-05-2.00043E-04
 -1       579 1.02616E-04-1.63471E-05-4.83892E-04
 -1       580 1.35211E-04-1.54476E-05-8.74015E-04
 -1       581 1.66487E-04-1.46653E-05-1.36475E-03
 -1       582 1.96166E-04-1.38821E-05-1.95075E-03
 -1       583 2.24238E-04-1.31117E-05-2.62696E-03
 -1       584 2.50702E-04-1.23405E-05-3.38838E-03
 -1       585 2.75562E-04-1.15693E-05-4.22998E-03
 -1       586 2.98819E-04-1.07981E-05-5.14677E-03
 -1       587 3.20471E-04-1.00268E-05-6.13373E-03
 -1       588 3.40519E-04-9.25547E-06-7.18584E-03
 -1       589 3.58964E-04-8.48418E-06-8.29811E-03
 -1       590 3.75805E-04-7.71290E-06-9.46550E-03
 -1       591 3.91042E-04-6.94160E-06-1.06830E-02
 -1       592 4.04675E-04-6.17032E-06-1.19456E-02
 -1       593 4.16704E-04-5.39901E-06-1.32484E-02
 -1       594 4.27129E-04-4.62780E-06-1.45862E-02
 -1       595 4.35951E-04-3.85641E-06-1.59541E-02
 -1       596 4.43167E-04-3.08707E-06-1.73470E-02
 -1       597 4.48789E-04-2.31482E-06-1.87600E-02
 -1       598 4.52719E-04-1.50595E-06-2.01882E-02
 -1       599 4.54776E-04-6.87675E-07-2.16266E-02
 -1       600 4.55744E-04 3.96595E-07-2.30703E-02
 -1       601 0.00000E+00 0.00000E+00 0.00000E+00
 -1       602 1.04007E-04 4.68093E-05-4.41335E-05
 -1       603 2.08378E-04 5.03585E-05-2.14021E-04
 -1       604 3.09027E-04 4.89011E-05-4.96453E-04
 -1       605 4.07246E-04 4.64375E-05-8.86223E-04
 -1       606 5.01045E-04 4.40290E-05-1.37637E-03
 -1       607 5.90088E-04 4.16935E-05-1.96176E-03
 -1       608 6.74298E-04 3.93765E-05-2.63736E-03
 -1       609 7.53691E-04 3.70610E-05-3.39816E-03
 -1       610 8.28272E-04 3.47450E-05-4.23915E-03
 -1       611 8.98041E-04 3.24287E-05-5.15533E-03
 -1       612 9.62998E-04 3.01123E-05-6.14167E-03
 -1       613 1.02314E-03 2.77960E-05-7.19318E-03
 -1       614 1.07848E-03 2.54797E-05-8.30483E-03
 -1       615 1.12900E-03 2.31633E-05-9.47161E-03
 -1       616 1.17471E-03 2.08470E-05-1.06885E-02
 -1       617 1.21561E-03 1.85307E-05-1.19505E-02
 -1       618 1.25170E-03 1.62143E-05-1.32526E-02
 -1       619 1.28297E-03 1.38980E-05-1.45898E-02
 -1       620 1.30944E-03 1.15825E-05-1.59571E-02
 -1       621 1.33109E-03 9.26616E-06-1.73494E-02
 -1       622 1.34792E-03 6.95695E-06-1.87618E-02
 -1       623 1.35991E-03 4.56187E-06-2.01892E-02
 -1       624 1.36641E-03 1.96640E-06-2.16269E-02
 -1       625 1.36923E-03-7.79361E-07-2.30735E-02
 -1       626 0.00000E+00 0.00000E+00 0.00000E+00
 -1       627 9.37878E-05 2.47281E-05-6.51833E-05
 -1       628 2.06823E-04 3.09378E-05-2.39913E-04
 -1       629 3.09822E-04 2.95378E-05-5.22539E-04
 -1       630 4.08333E-04 2.79545E-05-9.11150E-04
 -1       631 5.02154E-04 2.64644E-05-1.40003E-03
 -1       632 5.91171E-04 2.50588E-05-1.98417E-03
 -1       633 6.75376E-04 2.36668E-05-2.65852E-03
 -1       634 7.54768E-04 2.22756E-05-3.41807E-03
 -1       635 8.29349E-04 2.08836E-05-4.25782E-03
 -1       636 8.99118E-04 1.94914E-05-5.17276E-03
 -1       637 9.64075E-04 1.80991E-05-6.15786E-03
 -1       638 1.02422E-03 1.67069E-05-7.20812E-03
 -1       639 1.07955E-03 1.53147E-05-8.31852E-03
 -1       640 1.13008E-03 1.39224E-05-9.48406E-03
 -1       641 1.17579E-03 1.25302E-05-1.06997E-02
 -1       642 1.21669E-03 1.11379E-05-1.19605E-02
 -1       643 1.25277E-03 9.74567E-06-1.32614E-02
 -1       644 1.28405E-03 8.35352E-06-1.45973E-02
 -1       645 1.31051E-03 6.96157E-06-1.59633E-02
 -1       646 1.33217E-03 5.57196E-06-1.73544E-02
 -1       647 1.34901E-03 4.17981E-06-1.87656E-02
 -1       648 1.36103E-03 2.74304E-06-2.01917E-02
 -1       649 1.36779E-03 1.10823E-06-2.16282E-02
 -1       650 1.37059E-03-1.42353E-07-2.30697E-02
 -1       651 0.00000E+00 0.00000E+00 0.00000E+00
 -1       652 9.26914E-05 7.70573E-06-7.31279E-05
 -1       653 2.04937E-04 1.02202E-05-2.52371E-04
 -1       654 3.09741E-04 9.94685E-06-5.35331E-04
 -1       655 4.08696E-04 9.32756E-06-9.23559E-04
 -1       656 5.02548E-04 8.83409E-06-1.41183E-03
 -1       657 5.91561E-04 8.36126E-06-1.99534E-03
 -1       658 6.75761E-04 7.89734E-06-2.66907E-03
 -1       659 7.55153E-04 7.43313E-06-3.42800E-03
 -1       660 8.29733E-04 6.96867E-06-4.26713E-03
 -1       661 8.99502E-04 6.50410E-06-5.18144E-03
 -1       662 9.64459E-04 6.03952E-06-6.16592E-03
 -1       663 1.02461E-03 5.57494E-06-7.21556E-03
 -1       664 1.07994E-03 5.11036E-06-8.32535E-03
 -1       665 1.13046E-03 4.64578E-06-9.49027E-03
 -1       666 1.17617E-03 4.18121E-06-1.07053E-02
 -1       667 1.21707E-03 3.71662E-06-1.19655E-02
 -1       668 1.25316E-03 3.25205E-06-1.32657E-02
 -1       669 1.28443E-03 2.78746E-06-1.46010E-02
 -1       670 1.31090E-03 2.32318E-06-1.59664E-02
 -1       671 1.33255E-03 1.85929E-06-1.73569E-02
 -1       672 1.34941E-03 1.39615E-06-1.87674E-02
 -1       673 1.36145E-03 9.08013E-07-2.01929E-02
 -1       674 1.36817E-03 3.62860E-07-2.16283E-02
 -1       675 1.37090E-03-5.38721E-08-2.30688E-02
 -1       676 0.00000E+00 0.00000E+00 0.00000E+00
 -1       677 9.26914E-05-7.70573E-06-7.31279E-05
 -1       678 2.04937E-04-1.02202E-05-2.52371E-04
 -1       679 3.09741E-04-9.94685E-06-5.35331E-04
 -1       680 4.08696E-04-9.32756E-06-9.23559E-04
 -1       681 5.02548E-04-8.83409E-06-1.41183E-03
 -1       682 5.91561E-04-8.36126E-06-1.99534E-03
 -1       683 6.75761E-04-7.89734E-06-2.66907E-03
 -1       684 7.55153E-04-7.43313E-06-3.42800E-03
 -1       685 8.29733E-04-6.96867E-06-4.26713E-03
 -1       686 8.99502E-04-6.50410E-06-5.18144E-03
 -1       687 9.64459E-04-6.03952E-06-6.16592E-03
 -1       688 1.02461E-03-5.57494E-06-7.21556E-03
 -1       689 1.07994E-03-5.11036E-06-8.32535E-03
 -1       690 1.13046E-03-4.64578E-06-9.49027E-03
 -1       691 1.17617E-03-4.18121E-06-1.07053E-02
 -1       692 1.21707E-03-3.71662E-06-1.19655E-02
 -1       693 1.25316E-03-3.25205E-06-1.32657E-02
 -1       694 1.28443E-03-2.78746E-06-1.46010E-02
 -1       695 1.31090E-03-2.32318E-06-1.59664E-02
 -1       696 1.33255E-03-1.85929E-06-1.73569E-02
 -1       697 1.34941E-03-1.39615E-06-1.87674E-02
 -1       698 1.36145E-03-9.08013E-07-2.01929E-02
 -1       699 1.36817E-03-3.62860E-07-2.16283E-02
 -1       700 1.37090E-03 5.38722E-08-2.30688E-02
 -1       701 0.00000E+00 0.00000E+00 0.00000E+00
 -1       702 9.37878E-05-2.47281E-05-6.51833E-05
 -1       703 2.06823E-04-3.09378E-05-2.39913E-04
 -1       704 3.09822E-04-2.95378E-05-5.22539E-04
 -1       705 4.08333E-04-2.79545E-05-9.11150E-04
 -1       706 5.02154E-04-2.64644E-05-1.40003E-03
 -1       707 5.91171E-04-2.50588E-05-1.98417E-03
 -1       708 6.75376E-04-2.36668E-05-2.65852E-03
 -1       709 7.54768E-04-2.22756E-05-3.41807E-03
 -1       710 8.29349E-04-2.08836E-05-4.25782E-03
 -1       711 8.99118E-04-1.94914E-05-5.17276E-03
 -1       712 9.64075E-04-1.80991E-05-6.15786E-03
 -1       713 1.02422E-03-1.67069E-05-7.20812E-03
 -1       714 1.07955E-03-1.53147E-05-8.31852E-03
 -1       715 1.13008E-03-1.39224E-05-9.48406E-03
 -1       716 1.17579E-03-1.25302E-05-1.06997E-02
 -1       717 1.21669E-03-1.11379E-05-1.19605E-02
 -1       718 1.25277E-03-9.74567E-06-1.32614E-02
 -1       719 1.28405E-03-8.35352E-06-1.45973E-02
 -1       720 1.31051E-03-6.96157E-06-1.59633E-02
 -1       721 1.33217E-03-5.57196E-06-1.73544E-02
 -1       722 1.34901E-03-4.17981E-06-1.87656E-02
 -1       723 1.36103E-03-2.74304E-06-2.01917E-02
 -1       724 1.36779E-03-1.10823E-06-2.16282E-02
 -1       725 1.37059E-03 1.42353E-07-2.30697E-02
 -1       726 0.00000E+00 0.00000E+00 0.00000E+00
 -1       727 1.04007E-04-4.68093E-05-4.41335E-05
 -1       728 2.08378E-04-5.03585E-05-2.14021E-04
 -1       729 3.09027E-04-4.89011E-05-4.96453E-04
 -1       730 4.07246E-04-4.64375E-05-8.86223E-04
 -1       731 5.01045E-04-4.40290E-05-1.37637E-03
 -1       732 5.90088E-04-4.16935E-05-1.96176E-03
 -1       733 6.74298E-04-3.93765E-05-2.63736E-03
 -1       734 7.53691E-04-3.70610E-05-3.39816E-03
 -1       735 8.28272E-04-3.47450E-05-4.23915E-03
 -1       736 8.98041E-04-3.24287E-05-5.15533E-03
 -1       737 9.62998E-04-3.01123E-05-6.14167E-03
 -1       738 1.02314E-03-2.77960E-05-7.19318E-03
 -1       739 1.07848E-03-2.54797E-05-8.30483E-03
 -1       740 1.12900E-03-2.31633E-05-9.47161E-03
 -1       741 1.17471E-03-2.08470E-05-1.06885E-02
 -1       742 1.21561E-03-1.85307E-05-1.19505E-02
 -1       743 1.25170E-03-1.62143E-05-1.32526E-02
 -1       744 1.28297E-03-1.38980E-05-1.45898E-02
 -1       745 1.30944E-03-1.15825E-05-1.59571E-02
 -1       746 1.33109E-03-9.26616E-06-1.73494E-02
 -1       747 1.34792E-03-6.95695E-06-1.87618E-02
 -1       748 1.35991E-03-4.56187E-06-2.01892E-02
 -1       749 1.36641E-03-1.96640E-06-2.16269E-02
 -1       750 1.36923E-03 7.79361E-07-2.30735E-02
 -1       751 0.00000E+00 0.00000E+00 0.00000E+00
 -1       752 1.79926E-04 7.76958E-05-7.72420E-05
 -1       753 3.50658E-04 8.36910E-05-2.39291E-04
 -1       754 5.20307E-04 8.21772E-05-5.22136E-04
 -1       755 6.84394E-04 7.79283E-05-9.10622E-04
 -1       756 8.40752E-04 7.39302E-05-1.39963E-03
 -1       757 9.89137E-04 7.00062E-05-1.98379E-03
 -1       758 1.12948E-03 6.61181E-05-2.65816E-03
 -1       759 1.26180E-03 6.22295E-05-3.41773E-03
 -1       760 1.38610E-03 5.83406E-05-4.25751E-03
 -1       761 1.50239E-03 5.44513E-05-5.17246E-03
 -1       762 1.61065E-03 5.05619E-05-6.15758E-03
 -1       763 1.71089E-03 4.66725E-05-7.20786E-03
 -1       764 1.80311E-03 4.27831E-05-8.31829E-03
 -1       765 1.88732E-03 3.88938E-05-9.48385E-03
 -1       766 1.96350E-03 3.50044E-05-1.06995E-02
 -1       767 2.03167E-03 3.11150E-05-1.19603E-02
 -1       768 2.09181E-03 2.72256E-05-1.32612E-02
 -1       769 2.14394E-03 2.33364E-05-1.45972E-02
 -1       770 2.18805E-03 1.94475E-05-1.59632E-02
 -1       771 2.22413E-03 1.55604E-05-1.73543E-02
 -1       772 2.25218E-03 1.16556E-05-1.87655E-02
 -1       773 2.27214E-03 7.77781E-06-2.01917E-02
 -1       774 2.28480E-03 3.39574E-06-2.16274E-02
 -1       775 2.29077E-03-2.84007E-06-2.30787E-02
 -1       776 0.00000E+00 0.00000E+00 0.00000E+00
 -1       777 1.68369E-04 4.07236E-05-9.92094E-05
 -1       778 3.49047E-04 5.08772E-05-2.66598E-04
 -1       779 5.21148E-04 4.92500E-05-5.48360E-04
 -1       780 6.85656E-04 4.67350E-05-9.35687E-04
 -1       781 8.42022E-04 4.42657E-05-1.42339E-03
 -1       782 9.90379E-04 4.19184E-05-2.00629E-03
 -1       783 1.13072E-03 3.95890E-05-2.67941E-03
 -1       784 1.26304E-03 3.72615E-05-3.43774E-03
 -1       785 1.38734E-03 3.49330E-05-4.27626E-03
 -1       786 1.50362E-03 3.26042E-05-5.18996E-03
 -1       787 1.61188E-03 3.02753E-05-6.17384E-03
 -1       788 1.71213E-03 2.79464E-05-7.22287E-03
 -1       789 1.80435E-03 2.56175E-05-8.33204E-03
 -1       790 1.88855E-03 2.32887E-05-9.49635E-03
 -1       791 1.96474E-03 2.09598E-05-1.07108E-02
 -1       792 2.03290E-03 1.86309E-05-1.19703E-02
 -1       793 2.09305E-03 1.63021E-05-1.32700E-02
 -1       794 2.14518E-03 1.39733E-05-1.46047E-02
 -1       795 2.18928E-03 1.16451E-05-1.59695E-02
 -1       796 2.22537E-03 9.31760E-06-1.73593E-02
 -1       797 2.25342E-03 6.98907E-06-1.87692E-02
 -1       798 2.27350E-03 4.61789E-06-2.01941E-02
 -1       799 2.28602E-03 1.67046E-06-2.16291E-02
 -1       800 2.29117E-03-1.52593E-06-2.30726E-02
 -1       801 0.00000E+00 0.00000E+00 0.00000E+00
 -1       802 1.69790E-04 1.26379E-05-1.08699E-04
 -1       803 3.47198E-04 1.66769E-05-2.79289E-04
 -1       804 5.20897E-04 1.65093E-05-5.61393E-04
 -1       805 6.85831E-04 1.55585E-05-9.48082E-04
 -1       806 8.42255E-04 1.47492E-05-1.43517E-03
 -1       807 9.90606E-04 1.39601E-05-2.01745E-03
 -1       808 1.13094E-03 1.31855E-05-2.68995E-03
 -1       809 1.26326E-03 1.24101E-05-3.44766E-03
 -1       810 1.38756E-03 1.16347E-05-4.28556E-03
 -1       811 1.50384E-03 1.08590E-05-5.19864E-03
 -1       812 1.61210E-03 1.00834E-05-6.18189E-03
 -1       813 1.71235E-03 9.30774E-06-7.23031E-03
 -1       814 1.80457E-03 8.53210E-06-8.33886E-03
 -1       815 1.88877E-03 7.75645E-06-9.50255E-03
 -1       816 1.96496E-03 6.98080E-06-1.07164E-02
 -1       817 2.03312E-03 6.20516E-06-1.19753E-02
 -1       818 2.09327E-03 5.42950E-06-1.32743E-02
 -1       819 2.14540E-03 4.65393E-06-1.46084E-02
 -1       820 2.18950E-03 3.87843E-06-1.59726E-02
 -1       821 2.22559E-03 3.10376E-06-1.73618E-02
 -1       822 2.25366E-03 2.32953E-06-1.87711E-02
 -1       823 2.27372E-03 1.52080E-06-2.01954E-02
 -1       824 2.28587E-03 4.72380E-07-2.16293E-02
 -1       825 2.29071E-03-3.68369E-07-2.30717E-02
 -1       826 0.00000E+00 0.00000E+00 0.00000E+00
 -1       827 1.69790E-04-1.26379E-05-1.08699E-04
 -1       828 3.47198E-04-1.66769E-05-2.79289E-04
 -1       829 5.20897E-04-1.65093E-05-5.61393E-04
 -1       830 6.85831E-04-1.55585E-05-9.48082E-04
 -1       831 8.42255E-04-1.47492E-05-1.43517E-03
 -1       832 9.90606E-04-1.39601E-05-2.01745E-03
 -1       833 1.13094E-03-1.31855E-05-2.68995E-03
 -1       834 1.26326E-03-1.24101E-05-3.44766E-03
 -1       835 1.38756E-03-1.16347E-05-4.28556E-03
 -1       836 1.50384E-03-1.08590E-05-5.19864E-03
 -1       837 1.61210E-03-1.00834E-05-6.18189E-03
 -1       838 1.71235E-03-9.30774E-06-7.23031E-03
 -1       839 1.80457E-03-8.53210E-06-8.33886E-03
 -1       840 1.88877E-03-7.75645E-06-9.50255E-03
 -1       841 1.96496E-03-6.98080E-06-1.07164E-02
 -1       842 2.03312E-03-6.20516E-06-1.19753E-02
 -1       843 2.09327E-03-5.42950E-06-1.32743E-02
 -1       844 2.14540E-03-4.65393E-06-1.46084E-02
 -1       845 2.18950E-03-3.87843E-06-1.59726E-02
 -1       846 2.22559E-03-3.10376E-06-1.73618E-02
 -1       847 2.25366E-03-2.32953E-06-1.87711E-02
 -1       848 2.27372E-03-1.52080E-06-2.01954E-02
 -1       849 2.28587E-03-4.72380E-07-2.16293E-02
 -1       850 2.29071E-03 3.68369E-07-2.30717E-02
 -1       851 0.00000E+00 0.00000E+00 0.00000E+00
 -1       852 1.68369E-04-4.07236E-05-9.92094E-05
 -1       853 3.49047E-04-5.08772E-05-2.66598E-04
 -1       854 5.21148E-04-4.92500E-05-5.48360E-04
 -1       855 6.85656E-04-4.67350E-05-9.35687E-04
 -1       856 8.42022E-04-4.42657E-05-1.42339E-03
 -1       857 9.90379E-04-4.19184E-05-2.00629E-03
 -1       858 1.13072E-03-3.95890E-05-2.67941E-03
 -1       859 1.26304E-03-3.72615E-05-3.43774E-03
 -1       860 1.38734E-03-3.49330E-05-4.27626E-03
 -1       861 1.50362E-03-3.26042E-05-5.18996E-03
 -1       862 1.61188E-03-3.02753E-05-6.17384E-03
 -1       863 1.71213E-03-2.79464E-05-7.22287E-03
 -1       864 1.80435E-03-2.56175E-05-8.33204E-03
 -1       865 1.88855E-03-2.32887E-05-9.49635E-03
 -1       866 1.96474E-03-2.09598E-05-1.07108E-02
 -1       867 2.03290E-03-1.86309E-05-1.19703E-02
 -1       868 2.09305E-03-1.63021E-05-1.32700E-02
 -1       869 2.14518E-03-1.39733E-05-1.46047E-02
 -1       870 2.18928E-03-1.16451E-05-1.59695E-02
 -1       871 2.22537E-03-9.31760E-06-1.73593E-02
 -1       872 2.25342E-03-6.98907E-06-1.87692E-02
 -1       873 2.27350E-03-4.61789E-06-2.01941E-02
 -1       874 2.28602E-03-1.67046E-06-2.16291E-02
 -1       875 2.29117E-03 1.52593E-06-2.30726E-02
 -1       876 0.00000E+00 0.00000E+00 0.00000E+00
 -1       877 1.79926E-04-7.76958E-05-7.72420E-05
 -1       878 3.50658E-04-8.36910E-05-2.39291E-04
 -1       879 5.20307E-04-8.21772E-05-5.22136E-04
 -1       880 6.84394E-04-7.79283E-05-9.10622E-04
 -1       881 8.40752E-04-7.39302E-05-1.39963E-03
 -1       882 9.89137E-04-7.00062E-05-1.98379E-03
 -1       883 1.12948E-03-6.61181E-05-2.65816E-03
 -1       884 1.26180E-03-6.22295E-05-3.41773E-03
 -1       885 1.38610E-03-5.83406E-05-4.25751E-03
 -1       886 1.50239E-03-5.44513E-05-5.17246E-03
 -1       887 1.61065E-03-5.05619E-05-6.15758E-03
 -1       888 1.71089E-03-4.66725E-05-7.20786E-03
 -1       889 1.80311E-03-4.27831E-05-8.31829E-03
 -1       890 1.88732E-03-3.88938E-05-9.48385E-03
 -1       891 1.96350E-03-3.50044E-05-1.06995E-02
 -1       892 2.03167E-03-3.11150E-05-1.19603E-02
 -1       893 2.09181E-03-2.72256E-05-1.32612E-02
 -1       894 2.14394E-03-2.33364E-05-1.45972E-02
 -1       895 2.18805E-03-1.94475E-05-1.59632E-02
 -1       896 2.22413E-03-1.55604E-05-1.73543E-02
 -1       897 2.25218E-03-1.16556E-05-1.87655E-02
 -1       898 2.27214E-03-7.77781E-06-2.01917E-02
 -1       899 2.28480E-03-3.39574E-06-2.16274E-02
 -1       900 2.29077E-03 2.84007E-06-2.30787E-02
 -3
    1PSTEP                         2           1           1          
  100CL  101 1.000000000         900                     0    1           1
 -4  STRESS      6    1
 -5  SXX         1    4    1    1
 -5  SYY         1    4    2    2
 -5  SZZ         1    4    3    3
 -5  SXY         1    4    1    2
 -5  SYZ         1    4    2    3
 -5  SZX         1    4    3    1
 -1         1-8.13794E+00-3.48773E+00-3.48773E+00-1.00404E+00-1.58268E-07-9.98192E-01
 -1         2-5.80743E+00 2.17070E-01 6.10378E-02-3.07410E-01 1.80093E-01-1.32158E-02
 -1         3-5.93840E+00-2.14643E-01-5.19306E-01 3.57731E-03 1.21674E-01-1.73700E-03
 -1         4-5.77216E+00-1.29703E-01-4.22241E-01 2.02576E-02 1.42393E-01-7.16108E-02
 -1         5-5.56300E+00-1.62309E-01-4.36682E-01 2.78045E-02 1.29758E-01-7.36923E-02
 -1         6-5.28864E+00-1.52606E-01-4.11152E-01 2.55565E-02 1.24080E-01-7.48176E-02
 -1         7-5.01166E+00-1.46227E-01-3.90966E-01 2.53989E-02 1.17289E-01-7.43145E-02
 -1         8-4.73270E+00-1.37788E-01-3.69030E-01 2.52946E-02 1.10819E-01-7.42855E-02
 -1         9-4.45422E+00-1.29694E-01-3.47338E-01 2.53171E-02 1.04292E-01-7.42726E-02
 -1        10-4.17580E+00-1.21565E-01-3.25614E-01 2.53185E-02 9.77759E-02-7.42759E-02
 -1        11-3.89742E+00-1.13463E-01-3.03907E-01 2.53201E-02 9.12571E-02-7.42764E-02
 -1        12-3.61903E+00-1.05358E-01-2.82199E-01 2.53200E-02 8.47389E-02-7.42767E-02
 -1        13-3.34065E+00-9.72541E-02-2.60492E-01 2.53200E-02 7.82205E-02-7.42766E-02
 -1        14-3.06226E+00-8.91496E-02-2.38784E-01 2.53200E-02 7.17021E-02-7.42766E-02
 -1        15-2.78387E+00-8.10451E-02-2.17077E-01 2.53200E-02 6.51837E-02-7.42766E-02
 -1        16-2.50548E+00-7.29408E-02-1.95369E-01 2.53200E-02 5.86653E-02-7.42767E-02
 -1        17-2.22710E+00-6.48357E-02-1.73661E-01 2.53202E-02 5.21472E-02-7.42764E-02
 -1        18-1.94872E+00-5.67355E-02-1.51958E-01 2.53193E-02 4.56274E-02-7.42772E-02
 -1        19-1.67032E+00-4.86160E-02-1.30231E-01 2.53195E-02 3.91161E-02-7.42701E-02
 -1        20-1.39193E+00-4.05479E-02-1.08605E-01 2.53122E-02 3.25696E-02-7.43007E-02
 -1        21-1.11277E+00-3.19592E-02-8.62079E-02 2.53412E-02 2.61967E-02-7.42186E-02
 -1        22-8.34038E-01-2.51415E-02-6.63835E-02 2.52199E-02 1.88350E-02-7.47759E-02
 -1        23-5.66446E-01-1.72470E-02-4.40119E-02 2.60559E-02 1.63839E-02-7.26739E-02
 -1        24-3.53275E-01-4.29096E-02-9.16733E-02 4.40005E-02-4.95382E-03-1.10074E-01
 -1        25-1.51647E-01-5.04068E-02 2.13597E-01 7.26089E-02 8.13879E-02-1.47104E-01
 -1        26-7.61524E+00-3.26371E+00-3.26371E+00-5.26258E-01-7.39608E-07-1.28207E+00
 -1        27-5.87777E+00-5.35305E-02 6.92763E-03-2.26402E-01 5.38676E-03-2.16658E-01
 -1        28-6.15491E+00-2.42956E-01-5.18479E-01-2.01599E-02-1.20772E-03-3.03891E-02
 -1        29-5.83577E+00-1.59950E-01-4.43136E-01 2.08093E-02 1.68998E-03-5.61969E-02
 -1        30-5.56879E+00-1.62898E-01-4.31381E-01 1.76921E-02 1.01918E-03-5.42265E-02
 -1        31-5.28774E+00-1.54952E-01-4.06927E-01 1.59570E-02 5.91614E-04-5.50215E-02
 -1        32-5.01000E+00-1.47608E-01-3.85906E-01 1.53898E-02 5.56669E-04-5.49242E-02
 -1        33-4.73170E+00-1.39413E-01-3.64460E-01 1.53755E-02 5.21146E-04-5.49365E-02
 -1        34-4.45337E+00-1.31209E-01-3.43040E-01 1.53907E-02 4.95220E-04-5.49292E-02
 -1        35-4.17503E+00-1.22998E-01-3.21596E-01 1.53987E-02 4.64221E-04-5.49297E-02
 -1        36-3.89669E+00-1.14797E-01-3.00156E-01 1.53996E-02 4.33488E-04-5.49295E-02
 -1        37-3.61836E+00-1.06597E-01-2.78717E-01 1.53996E-02 4.02465E-04-5.49296E-02
 -1        38-3.34002E+00-9.83977E-02-2.57277E-01 1.53995E-02 3.71508E-04-5.49296E-02
 -1        39-3.06169E+00-9.01979E-02-2.35837E-01 1.53995E-02 3.40546E-04-5.49296E-02
 -1        40-2.78335E+00-8.19981E-02-2.14397E-01 1.53995E-02 3.09586E-04-5.49296E-02
 -1        41-2.50502E+00-7.37983E-02-1.92958E-01 1.53995E-02 2.78632E-04-5.49296E-02
 -1        42-2.22668E+00-6.55985E-02-1.71518E-01 1.53997E-02 2.47631E-04-5.49296E-02
 -1        43-1.94835E+00-5.73993E-02-1.50078E-01 1.53997E-02 2.16691E-04-5.49296E-02
 -1        44-1.67001E+00-4.91949E-02-1.28638E-01 1.53975E-02 1.86045E-04-5.49287E-02
 -1        45-1.39171E+00-4.10054E-02-1.07223E-01 1.53886E-02 1.54716E-04-5.49374E-02
 -1        46-1.11283E+00-3.25105E-02-8.54595E-02 1.53510E-02 1.38541E-04-5.48984E-02
 -1        47-8.35653E-01-2.54195E-02-6.50834E-02 1.53648E-02 2.88545E-05-5.51071E-02
 -1        48-5.67637E-01-2.00009E-02-4.65039E-02 1.84153E-02 8.87766E-04-5.44367E-02
 -1        49-3.26090E-01-3.87462E-02-5.88511E-02 2.89386E-02-7.00245E-03-5.85139E-02
 -1        50-1.81451E-01-9.83365E-02 6.99357E-02 4.19586E-02 4.35031E-02-6.62832E-02
 -1        51-7.67949E+00-3.29124E+00-3.29125E+00-1.63315E-01-3.46798E-07-1.40471E+00
 -1        52-5.96628E+00-4.02100E-01-4.30583E-02-1.22097E-01 3.77908E-03-2.47840E-01
 -1        53-6.10185E+00-2.00593E-01-4.77584E-01-6.34868E-03 2.23948E-03-5.25170E-02
 -1        54-5.87289E+00-1.69061E-01-4.44396E-01 9.76040E-03 9.30198E-04-5.77045E-02
 -1        55-5.58130E+00-1.70694E-01-4.38179E-01 9.60072E-03 6.70302E-04-4.99618E-02
 -1        56-5.29164E+00-1.61540E-01-4.10464E-01 7.97881E-03 4.28763E-04-5.02979E-02
 -1        57-5.01260E+00-1.53739E-01-3.89066E-01 7.81476E-03 3.81458E-04-5.01631E-02
 -1        58-4.73419E+00-1.45174E-01-3.67337E-01 7.77772E-03 3.72816E-04-5.02245E-02
 -1        59-4.45580E+00-1.36630E-01-3.45762E-01 7.79494E-03 3.50130E-04-5.02262E-02
 -1        60-4.17732E+00-1.28082E-01-3.24152E-01 7.79763E-03 3.29277E-04-5.02275E-02
 -1        61-3.89884E+00-1.19543E-01-3.02544E-01 7.79854E-03 3.07130E-04-5.02270E-02
 -1        62-3.62035E+00-1.11004E-01-2.80933E-01 7.79842E-03 2.85225E-04-5.02269E-02
 -1        63-3.34186E+00-1.02465E-01-2.59323E-01 7.79840E-03 2.63267E-04-5.02269E-02
 -1        64-3.06337E+00-9.39264E-02-2.37713E-01 7.79838E-03 2.41329E-04-5.02269E-02
 -1        65-2.78488E+00-8.53877E-02-2.16102E-01 7.79839E-03 2.19395E-04-5.02269E-02
 -1        66-2.50639E+00-7.68489E-02-1.94492E-01 7.79840E-03 1.97435E-04-5.02269E-02
 -1        67-2.22790E+00-6.83101E-02-1.72882E-01 7.79852E-03 1.75557E-04-5.02269E-02
 -1        68-1.94942E+00-5.97720E-02-1.51273E-01 7.79835E-03 1.53308E-04-5.02273E-02
 -1        69-1.67093E+00-5.12311E-02-1.29662E-01 7.79811E-03 1.32398E-04-5.02260E-02
 -1        70-1.39249E+00-4.26935E-02-1.08086E-01 7.78865E-03 1.09146E-04-5.02320E-02
 -1        71-1.11391E+00-3.39940E-02-8.62395E-02 7.77732E-03 8.32467E-05-5.01877E-02
 -1        72-8.35890E-01-2.57279E-02-6.52204E-02 7.75954E-03 1.71465E-04-5.02374E-02
 -1        73-5.59893E-01-1.97825E-02-4.31666E-02 9.70669E-03-3.19643E-04-4.71686E-02
 -1        74-3.22985E-01-6.02758E-02-6.54266E-02 1.37506E-02 7.64008E-04-5.48350E-02
 -1        75-1.60138E-01-7.32899E-02 8.15893E-02 1.55048E-02 3.59124E-03-6.72141E-02
 -1        76-7.67949E+00-3.29124E+00-3.29125E+00 1.63315E-01 3.46798E-07-1.40471E+00
 -1        77-5.96628E+00-4.02100E-01-4.30583E-02 1.22097E-01-3.77908E-03-2.47840E-01
 -1        78-6.10185E+00-2.00593E-01-4.77584E-01 6.34868E-03-2.23948E-03-5.25170E-02
 -1        79-5.87289E+00-1.69061E-01-4.44396E-01-9.76040E-03-9.30198E-04-5.77045E-02
 -1        80-5.58130E+00-1.70694E-01-4.38179E-01-9.60072E-03-6.70302E-04-4.99618E-02
 -1        81-5.29164E+00-1.61540E-01-4.10464E-01-7.97881E-03-4.28763E-04-5.02979E-02
 -1        82-5.01260E+00-1.53739E-01-3.89066E-01-7.81476E-03-3.81458E-04-5.01631E-02
 -1        83-4.73419E+00-1.45174E-01-3.67337E-01-7.77772E-03-3.72816E-04-5.02245E-02
 -1        84-4.45580E+00-1.36630E-01-3.45762E-01-7.79494E-03-3.50130E-04-5.02262E-02
 -1        85-4.17732E+00-1.28082E-01-3.24152E-01-7.79763E-03-3.29277E-04-5.02275E-02
 -1        86-3.89884E+00-1.19543E-01-3.02544E-01-7.79854E-03-3.07130E-04-5.02270E-02
 -1        87-3.62035E+00-1.11004E-01-2.80933E-01-7.79842E-03-2.85225E-04-5.02269E-02
 -1        88-3.34186E+00-1.02465E-01-2.59323E-01-7.79840E-03-2.63267E-04-5.02269E-02
 -1        89-3.06337E+00-9.39264E-02-2.37713E-01-7.79838E-03-2.41329E-04-5.02269E-02
 -1        90-2.78488E+00-8.53877E-02-2.16102E-01-7.79839E-03-2.19395E-04-5.02269E-02
 -1        91-2.50639E+00-7.68489E-02-1.94492E-01-7.79840E-03-1.97435E-04-5.02269E-02
 -1        92-2.22790E+00-6.83101E-02-1.72882E-01-7.79852E-03-1.75557E-04-5.02269E-02
 -1        93-1.94942E+00-5.97720E-02-1.51273E-01-7.79835E-03-1.53308E-04-5.02273E-02
 -1        94-1.67093E+00-5.12311E-02-1.29662E-01-7.79811E-03-1.32398E-04-5.02260E-02
 -1        95-1.39249E+00-4.26935E-02-1.08086E-01-7.78865E-03-1.09146E-04-5.02320E-02
 -1        96-1.11391E+00-3.39940E-02-8.62395E-02-7.77732E-03-8.32467E-05-5.01877E-02
 -1        97-8.35890E-01-2.57279E-02-6.52204E-02-7.75954E-03-1.71465E-04-5.02374E-02
 -1        98-5.59893E-01-1.97825E-02-4.31666E-02-9.70669E-03 3.19643E-04-4.71686E-02
 -1        99-3.22985E-01-6.02758E-02-6.54266E-02-1.37506E-02-7.64008E-04-5.48350E-02
 -1       100-1.60138E-01-7.32899E-02 8.15893E-02-1.55048E-02-3.59124E-03-6.72141E-02
 -1       101-7.61524E+00-3.26371E+00-3.26371E+00 5.26258E-01 7.39608E-07-1.28207E+00
 -1       102-5.87777E+00-5.35305E-02 6.92763E-03 2.26402E-01-5.38676E-03-2.16658E-01
 -1       103-6.15491E+00-2.42956E-01-5.18479E-01 2.01599E-02 1.20772E-03-3.03891E-02
 -1       104-5.83577E+00-1.59950E-01-4.43136E-01-2.08093E-02-1.68998E-03-5.61969E-02
 -1       105-5.56879E+00-1.62898E-01-4.31381E-01-1.76921E-02-1.01918E-03-5.42265E-02
 -1       106-5.28774E+00-1.54952E-01-4.06927E-01-1.59570E-02-5.91614E-04-5.50215E-02
 -1       107-5.01000E+00-1.47608E-01-3.85906E-01-1.53898E-02-5.56669E-04-5.49242E-02
 -1       108-4.73170E+00-1.39413E-01-3.64460E-01-1.53755E-02-5.21146E-04-5.49365E-02
 -1       109-4.45337E+00-1.31209E-01-3.43040E-01-1.53907E-02-4.95220E-04-5.49292E-02
 -1       110-4.17503E+00-1.22998E-01-3.21596E-01-1.53987E-02-4.64221E-04-5.49297E-02
 -1       111-3.89669E+00-1.14797E-01-3.00156E-01-1.53996E-02-4.33488E-04-5.49295E-02
 -1       112-3.61836E+00-1.06597E-01-2.78717E-01-1.53996E-02-4.02465E-04-5.49296E-02
 -1       113-3.34002E+00-9.83977E-02-2.57277E-01-1.53995E-02-3.71508E-04-5.49296E-02
 -1       114-3.06169E+00-9.01979E-02-2.35837E-01-1.53995E-02-3.40546E-04-5.49296E-02
 -1       115-2.78335E+00-8.19981E-02-2.14397E-01-1.53995E-02-3.09586E-04-5.49296E-02
 -1       116-2.50502E+00-7.37983E-02-1.92958E-01-1.53995E-02-2.78632E-04-5.49296E-02
 -1       117-2.22668E+00-6.55985E-02-1.71518E-01-1.53997E-02-2.47631E-04-5.49296E-02
 -1       118-1.94835E+00-5.73993E-02-1.50078E-01-1.53997E-02-2.16691E-04-5.49296E-02
 -1       119-1.67001E+00-4.91949E-02-1.28638E-01-1.53975E-02-1.86045E-04-5.49287E-02
 -1       120-1.39171E+00-4.10054E-02-1.07223E-01-1.53886E-02-1.54716E-04-5.49374E-02
 -1       121-1.11283E+00-3.25105E-02-8.54595E-02-1.53510E-02-1.38541E-04-5.48984E-02
 -1       122-8.35653E-01-2.54195E-02-6.50834E-02-1.53648E-02-2.88545E-05-5.51071E-02
 -1       123-5.67637E-01-2.00009E-02-4.65039E-02-1.84153E-02-8.87766E-04-5.44367E-02
 -1       124-3.26090E-01-3.87462E-02-5.88511E-02-2.89386E-02 7.00245E-03-5.85139E-02
 -1       125-1.81451E-01-9.83365E-02 6.99357E-02-4.19586E-02-4.35031E-02-6.62832E-02
 -1       126-8.13794E+00-3.48773E+00-3.48773E+00 1.00404E+00 1.58268E-07-9.98192E-01
 -1       127-5.80743E+00 2.17070E-01 6.10378E-02 3.07410E-01-1.80093E-01-1.32158E-02
 -1       128-5.93840E+00-2.14643E-01-5.19306E-01-3.57731E-03-1.21674E-01-1.73700E-03
 -1       129-5.77216E+00-1.29703E-01-4.22241E-01-2.02576E-02-1.42393E-01-7.16108E-02
 -1       130-5.56300E+00-1.62309E-01-4.36682E-01-2.78045E-02-1.29758E-01-7.36923E-02
 -1       131-5.28864E+00-1.52606E-01-4.11152E-01-2.55565E-02-1.24080E-01-7.48176E-02
 -1       132-5.01166E+00-1.46227E-01-3.90966E-01-2.53989E-02-1.17289E-01-7.43145E-02
 -1       133-4.73270E+00-1.37788E-01-3.69030E-01-2.52946E-02-1.10819E-01-7.42855E-02
 -1       134-4.45422E+00-1.29694E-01-3.47338E-01-2.53171E-02-1.04292E-01-7.42726E-02
 -1       135-4.17580E+00-1.21565E-01-3.25614E-01-2.53185E-02-9.77759E-02-7.42759E-02
 -1       136-3.89742E+00-1.13463E-01-3.03907E-01-2.53201E-02-9.12571E-02-7.42764E-02
 -1       137-3.61903E+00-1.05358E-01-2.82199E-01-2.53200E-02-8.47389E-02-7.42767E-02
 -1       138-3.34065E+00-9.72541E-02-2.60492E-01-2.53200E-02-7.82205E-02-7.42766E-02
 -1       139-3.06226E+00-8.91496E-02-2.38784E-01-2.53200E-02-7.17021E-02-7.42766E-02
 -1       140-2.78387E+00-8.10451E-02-2.17077E-01-2.53200E-02-6.51837E-02-7.42766E-02
 -1       141-2.50548E+00-7.29408E-02-1.95369E-01-2.53200E-02-5.86653E-02-7.42767E-02
 -1       142-2.22710E+00-6.48357E-02-1.73661E-01-2.53202E-02-5.21472E-02-7.42764E-02
 -1       143-1.94872E+00-5.67355E-02-1.51958E-01-2.53193E-02-4.56274E-02-7.42772E-02
 -1       144-1.67032E+00-4.86160E-02-1.30231E-01-2.53195E-02-3.91161E-02-7.42701E-02
 -1       145-1.39193E+00-4.05479E-02-1.08605E-01-2.53122E-02-3.25696E-02-7.43007E-02
 -1       146-1.11277E+00-3.19592E-02-8.62079E-02-2.53412E-02-2.61967E-02-7.42186E-02
 -1       147-8.34038E-01-2.51415E-02-6.63835E-02-2.52199E-02-1.88350E-02-7.47759E-02
 -1       148-5.66446E-01-1.72470E-02-4.40119E-02-2.60559E-02-1.63839E-02-7.26739E-02
 -1       149-3.53275E-01-4.29096E-02-9.16733E-02-4.40005E-02 4.95382E-03-1.10074E-01
 -1       150-1.51647E-01-5.04068E-02 2.13597E-01-7.26089E-02-8.13879E-02-1.47104E-01
 -1       151-4.70416E+00-2.01610E+00-2.01610E+00-6.04904E-01-2.36598E-07-5.70334E-01
 -1       152-3.32042E+00 2.64066E-01 3.36544E-01-1.19037E-01 1.99206E-01 8.90214E-02
 -1       153-3.45387E+00-2.02212E-02-1.20122E-02 1.78700E-02 1.52413E-01-7.57496E-02
 -1       154-3.33167E+00 2.01609E-02 1.04322E-02 9.28448E-03 1.37896E-01-1.26380E-01
 -1       155-3.22822E+00-4.53866E-04-7.70075E-03 9.51698E-03 1.27475E-01-1.40962E-01
 -1       156-3.07477E+00-2.66820E-03-7.80058E-03 8.27291E-03 1.20445E-01-1.42128E-01
 -1       157-2.91398E+00-3.35736E-03-8.14837E-03 8.20166E-03 1.14140E-01-1.41964E-01
 -1       158-2.75161E+00-3.03879E-03-7.59770E-03 8.16993E-03 1.07835E-01-1.41840E-01
 -1       159-2.58964E+00-2.82902E-03-7.13126E-03 8.17980E-03 1.01500E-01-1.41817E-01
 -1       160-2.42777E+00-2.64147E-03-6.67704E-03 8.18186E-03 9.51569E-02-1.41816E-01
 -1       161-2.26592E+00-2.46537E-03-6.23188E-03 8.18237E-03 8.88128E-02-1.41817E-01
 -1       162-2.10407E+00-2.28956E-03-5.78695E-03 8.18233E-03 8.24689E-02-1.41818E-01
 -1       163-1.94222E+00-2.11357E-03-5.34189E-03 8.18231E-03 7.61251E-02-1.41818E-01
 -1       164-1.78037E+00-1.93745E-03-4.89675E-03 8.18230E-03 6.97814E-02-1.41818E-01
 -1       165-1.61851E+00-1.76134E-03-4.45159E-03 8.18230E-03 6.34376E-02-1.41818E-01
 -1       166-1.45666E+00-1.58515E-03-4.00646E-03 8.18234E-03 5.70939E-02-1.41818E-01
 -1       167-1.29481E+00-1.40968E-03-3.56144E-03 8.18227E-03 5.07500E-02-1.41818E-01
 -1       168-1.13296E+00-1.23248E-03-3.11676E-03 8.18269E-03 4.44063E-02-1.41817E-01
 -1       169-9.71106E-01-1.05925E-03-2.66894E-03 8.18097E-03 3.80611E-02-1.41817E-01
 -1       170-8.09240E-01-8.53760E-04-2.23414E-03 8.17736E-03 3.17255E-02-1.41821E-01
 -1       171-6.47118E-01-6.72130E-04-1.58134E-03 8.13783E-03 2.53919E-02-1.41899E-01
 -1       172-4.84525E-01 1.18225E-04-1.06051E-03 8.24862E-03 1.89828E-02-1.42103E-01
 -1       173-3.09044E-01 3.33900E-03 1.89224E-03 9.65645E-03 1.42650E-02-1.43726E-01
 -1       174-1.72605E-01-1.75703E-02-3.61377E-02 6.56997E-03 2.53224E-03-1.60737E-01
 -1       175-1.96298E-02 2.75971E-02 2.23097E-01 7.96746E-03 5.20432E-02-1.67629E-01
 -1       176-4.24194E+00-1.81800E+00-1.81800E+00-3.19551E-01-8.37272E-07-8.42359E-01
 -1       177-3.34753E+00 1.14723E-01 3.08484E-01-8.56557E-02 3.44085E-02-1.61349E-01
 -1       178-3.65411E+00-5.19327E-02-3.09646E-02 3.66276E-03 2.16759E-02-1.18294E-01
 -1       179-3.38318E+00 7.38811E-03-5.51504E-04 1.20741E-02 5.30856E-03-1.14260E-01
 -1       180-3.22931E+00 5.40979E-03 3.51555E-04 5.21455E-03 1.11526E-03-1.16457E-01
 -1       181-3.07070E+00 2.66082E-03 1.42565E-04 3.54023E-03 1.02039E-04-1.16892E-01
 -1       182-2.90936E+00 2.13868E-03 4.13644E-05 3.20418E-03 1.34785E-04-1.17032E-01
 -1       183-2.74773E+00 1.97896E-03 1.11125E-05 3.21376E-03 1.63908E-04-1.17029E-01
 -1       184-2.58607E+00 1.88232E-03 1.19002E-05 3.23069E-03 1.66668E-04-1.17025E-01
 -1       185-2.42444E+00 1.76997E-03 1.22443E-05 3.23617E-03 1.57287E-04-1.17023E-01
 -1       186-2.26281E+00 1.65296E-03 1.16496E-05 3.23668E-03 1.46600E-04-1.17023E-01
 -1       187-2.10118E+00 1.53484E-03 1.08499E-05 3.23657E-03 1.35982E-04-1.17023E-01
 -1       188-1.93955E+00 1.41672E-03 1.00085E-05 3.23651E-03 1.25496E-04-1.17023E-01
 -1       189-1.77792E+00 1.29864E-03 9.17255E-06 3.23649E-03 1.15038E-04-1.17023E-01
 -1       190-1.61629E+00 1.18058E-03 8.33389E-06 3.23650E-03 1.04583E-04-1.17023E-01
 -1       191-1.45466E+00 1.06250E-03 7.49951E-06 3.23651E-03 9.41248E-05-1.17023E-01
 -1       192-1.29303E+00 9.44235E-04 6.64124E-06 3.23668E-03 8.35847E-05-1.17023E-01
 -1       193-1.13141E+00 8.26746E-04 6.14810E-06 3.23659E-03 7.29431E-05-1.17023E-01
 -1       194-9.69774E-01 7.09366E-04 4.88040E-06 3.23664E-03 6.18033E-05-1.17024E-01
 -1       195-8.08132E-01 6.07770E-04 1.36654E-06 3.21927E-03 5.71644E-05-1.17024E-01
 -1       196-6.46640E-01 4.32842E-04 7.82628E-06 3.18594E-03 6.19803E-05-1.17056E-01
 -1       197-4.84665E-01 6.47994E-04 2.73780E-04 3.21850E-03 2.01210E-04-1.16896E-01
 -1       198-3.14715E-01 1.70373E-03 6.94455E-04 4.37997E-03 4.62297E-04-1.17977E-01
 -1       199-1.72128E-01-1.62185E-02-2.22384E-02 8.13205E-04-1.27873E-03-1.12848E-01
 -1       200-5.72708E-02 4.86372E-04 1.22373E-01-7.10995E-04 3.30756E-02-1.03285E-01
 -1       201-4.19235E+00-1.79674E+00-1.79675E+00-9.95776E-02-4.12576E-07-9.45021E-01
 -1       202-3.37736E+00-7.41583E-02 2.92299E-01-5.49662E-02 2.11920E-02-2.22485E-01
 -1       203-3.65146E+00-1.55761E-02-1.65138E-03 4.56694E-03 8.03063E-03-1.60343E-01
 -1       204-3.42092E+00 9.42498E-03-2.43058E-03 6.59031E-03 3.96489E-03-1.16316E-01
 -1       205-3.23796E+00 6.38406E-03-2.80927E-03 3.52787E-03 4.90573E-04-1.09765E-01
 -1       206-3.07034E+00 5.47181E-03 8.71427E-05 2.26442E-03 1.66542E-04-1.08240E-01
 -1       207-2.90840E+00 4.75944E-03 1.23461E-04 2.11062E-03 1.03912E-04-1.08338E-01
 -1       208-2.74681E+00 4.54030E-03 1.85177E-04 2.10831E-03 1.29672E-04-1.08402E-01
 -1       209-2.58529E+00 4.28356E-03 1.59904E-04 2.12095E-03 1.26672E-04-1.08422E-01
 -1       210-2.42372E+00 4.02003E-03 1.47035E-04 2.12390E-03 1.19972E-04-1.08423E-01
 -1       211-2.26214E+00 3.75215E-03 1.36199E-04 2.12426E-03 1.11796E-04-1.08423E-01
 -1       212-2.10056E+00 3.48408E-03 1.26500E-04 2.12418E-03 1.03750E-04-1.08423E-01
 -1       213-1.93898E+00 3.21603E-03 1.16801E-04 2.12414E-03 9.57500E-05-1.08422E-01
 -1       214-1.77740E+00 2.94802E-03 1.07080E-04 2.12413E-03 8.77709E-05-1.08422E-01
 -1       215-1.61582E+00 2.68002E-03 9.73529E-05 2.12413E-03 7.97936E-05-1.08422E-01
 -1       216-1.45424E+00 2.41198E-03 8.76248E-05 2.12416E-03 7.18091E-05-1.08422E-01
 -1       217-1.29265E+00 2.14393E-03 7.80409E-05 2.12417E-03 6.38108E-05-1.08423E-01
 -1       218-1.13107E+00 1.87568E-03 6.80767E-05 2.12452E-03 5.55727E-05-1.08423E-01
 -1       219-9.69485E-01 1.61096E-03 5.81891E-05 2.12294E-03 4.81041E-05-1.08424E-01
 -1       220-8.07968E-01 1.33010E-03 1.79845E-05 2.11919E-03 4.04226E-05-1.08418E-01
 -1       221-6.46603E-01 1.10116E-03 6.44808E-05 2.07667E-03 4.60607E-05-1.08384E-01
 -1       222-4.85045E-01 9.04967E-04 1.84558E-04 2.16020E-03 1.65055E-04-1.08074E-01
 -1       223-3.13969E-01 2.23036E-03 1.94915E-03 2.50450E-03-2.04303E-04-1.06583E-01
 -1       224-1.71846E-01-1.99652E-02-2.34194E-02 2.35565E-03 1.78533E-03-1.02309E-01
 -1       225-5.21652E-02 1.43709E-02 1.17239E-01 2.27119E-03 5.61805E-03-9.55539E-02
 -1       226-4.19235E+00-1.79674E+00-1.79675E+00 9.95776E-02 4.12576E-07-9.45021E-01
 -1       227-3.37736E+00-7.41583E-02 2.92299E-01 5.49662E-02-2.11920E-02-2.22485E-01
 -1       228-3.65146E+00-1.55761E-02-1.65138E-03-4.56694E-03-8.03063E-03-1.60343E-01
 -1       229-3.42092E+00 9.42498E-03-2.43058E-03-6.59031E-03-3.96489E-03-1.16316E-01
 -1       230-3.23796E+00 6.38406E-03-2.80927E-03-3.52787E-03-4.90573E-04-1.09765E-01
 -1       231-3.07034E+00 5.47181E-03 8.71427E-05-2.26442E-03-1.66542E-04-1.08240E-01
 -1       232-2.90840E+00 4.75944E-03 1.23461E-04-2.11062E-03-1.03912E-04-1.08338E-01
 -1       233-2.74681E+00 4.54030E-03 1.85177E-04-2.10831E-03-1.29672E-04-1.08402E-01
 -1       234-2.58529E+00 4.28356E-03 1.59904E-04-2.12095E-03-1.26672E-04-1.08422E-01
 -1       235-2.42372E+00 4.02003E-03 1.47035E-04-2.12390E-03-1.19972E-04-1.08423E-01
 -1       236-2.26214E+00 3.75215E-03 1.36199E-04-2.12426E-03-1.11796E-04-1.08423E-01
 -1       237-2.10056E+00 3.48408E-03 1.26500E-04-2.12418E-03-1.03750E-04-1.08423E-01
 -1       238-1.93898E+00 3.21603E-03 1.16801E-04-2.12414E-03-9.57500E-05-1.08422E-01
 -1       239-1.77740E+00 2.94802E-03 1.07080E-04-2.12413E-03-8.77709E-05-1.08422E-01
 -1       240-1.61582E+00 2.68002E-03 9.73529E-05-2.12413E-03-7.97936E-05-1.08422E-01
 -1       241-1.45424E+00 2.41198E-03 8.76248E-05-2.12416E-03-7.18091E-05-1.08422E-01
 -1       242-1.29265E+00 2.14393E-03 7.80409E-05-2.12417E-03-6.38108E-05-1.08423E-01
 -1       243-1.13107E+00 1.87568E-03 6.80767E-05-2.12452E-03-5.55727E-05-1.08423E-01
 -1       244-9.69485E-01 1.61096E-03 5.81891E-05-2.12294E-03-4.81041E-05-1.08424E-01
 -1       245-8.07968E-01 1.33010E-03 1.79845E-05-2.11919E-03-4.04226E-05-1.08418E-01
 -1       246-6.46603E-01 1.10116E-03 6.44808E-05-2.07667E-03-4.60607E-05-1.08384E-01
 -1       247-4.85045E-01 9.04967E-04 1.84558E-04-2.16020E-03-1.65055E-04-1.08074E-01
 -1       248-3.13969E-01 2.23036E-03 1.94915E-03-2.50450E-03 2.04303E-04-1.06583E-01
 -1       249-1.71846E-01-1.99652E-02-2.34194E-02-2.35565E-03-1.78533E-03-1.02309E-01
 -1       250-5.21652E-02 1.43709E-02 1.17239E-01-2.27119E-03-5.61805E-03-9.55539E-02
 -1       251-4.24194E+00-1.81800E+00-1.81800E+00 3.19551E-01 8.37272E-07-8.42359E-01
 -1       252-3.34753E+00 1.14723E-01 3.08484E-01 8.56557E-02-3.44085E-02-1.61349E-01
 -1       253-3.65411E+00-5.19327E-02-3.09646E-02-3.66276E-03-2.16759E-02-1.18294E-01
 -1       254-3.38318E+00 7.38811E-03-5.51504E-04-1.20741E-02-5.30856E-03-1.14260E-01
 -1       255-3.22931E+00 5.40979E-03 3.51555E-04-5.21455E-03-1.11526E-03-1.16457E-01
 -1       256-3.07070E+00 2.66082E-03 1.42565E-04-3.54023E-03-1.02039E-04-1.16892E-01
 -1       257-2.90936E+00 2.13868E-03 4.13644E-05-3.20418E-03-1.34785E-04-1.17032E-01
 -1       258-2.74773E+00 1.97896E-03 1.11125E-05-3.21376E-03-1.63908E-04-1.17029E-01
 -1       259-2.58607E+00 1.88232E-03 1.19002E-05-3.23069E-03-1.66668E-04-1.17025E-01
 -1       260-2.42444E+00 1.76997E-03 1.22443E-05-3.23617E-03-1.57287E-04-1.17023E-01
 -1       261-2.26281E+00 1.65296E-03 1.16496E-05-3.23668E-03-1.46600E-04-1.17023E-01
 -1       262-2.10118E+00 1.53484E-03 1.08499E-05-3.23657E-03-1.35982E-04-1.17023E-01
 -1       263-1.93955E+00 1.41672E-03 1.00085E-05-3.23651E-03-1.25496E-04-1.17023E-01
 -1       264-1.77792E+00 1.29864E-03 9.17255E-06-3.23649E-03-1.15038E-04-1.17023E-01
 -1       265-1.61629E+00 1.18058E-03 8.33389E-06-3.23650E-03-1.04583E-04-1.17023E-01
 -1       266-1.45466E+00 1.06250E-03 7.49951E-06-3.23651E-03-9.41248E-05-1.17023E-01
 -1       267-1.29303E+00 9.44235E-04 6.64124E-06-3.23668E-03-8.35847E-05-1.17023E-01
 -1       268-1.13141E+00 8.26746E-04 6.14810E-06-3.23659E-03-7.29431E-05-1.17023E-01
 -1       269-9.69774E-01 7.09366E-04 4.88040E-06-3.23664E-03-6.18033E-05-1.17024E-01
 -1       270-8.08132E-01 6.07770E-04 1.36654E-06-3.21927E-03-5.71644E-05-1.17024E-01
 -1       271-6.46640E-01 4.32842E-04 7.82628E-06-3.18594E-03-6.19803E-05-1.17056E-01
 -1       272-4.84665E-01 6.47994E-04 2.73780E-04-3.21850E-03-2.01210E-04-1.16896E-01
 -1       273-3.14715E-01 1.70373E-03 6.94455E-04-4.37997E-03-4.62297E-04-1.17977E-01
 -1       274-1.72128E-01-1.62185E-02-2.22384E-02-8.13205E-04 1.27873E-03-1.12848E-01
 -1       275-5.72708E-02 4.86372E-04 1.22373E-01 7.10995E-04-3.30756E-02-1.03285E-01
 -1       276-4.70416E+00-2.01610E+00-2.01610E+00 6.04904E-01 2.36598E-07-5.70334E-01
 -1       277-3.32042E+00 2.64066E-01 3.36544E-01 1.19037E-01-1.99206E-01 8.90214E-02
 -1       278-3.45387E+00-2.02212E-02-1.20122E-02-1.78700E-02-1.52413E-01-7.57496E-02
 -1       279-3.33167E+00 2.01609E-02 1.04322E-02-9.28448E-03-1.37896E-01-1.26380E-01
 -1       280-3.22822E+00-4.53866E-04-7.70075E-03-9.51698E-03-1.27475E-01-1.40962E-01
 -1       281-3.07477E+00-2.66820E-03-7.80058E-03-8.27291E-03-1.20445E-01-1.42128E-01
 -1       282-2.91398E+00-3.35736E-03-8.14837E-03-8.20166E-03-1.14140E-01-1.41964E-01
 -1       283-2.75161E+00-3.03879E-03-7.59770E-03-8.16993E-03-1.07835E-01-1.41840E-01
 -1       284-2.58964E+00-2.82902E-03-7.13126E-03-8.17980E-03-1.01500E-01-1.41817E-01
 -1       285-2.42777E+00-2.64147E-03-6.67704E-03-8.18186E-03-9.51569E-02-1.41816E-01
 -1       286-2.26592E+00-2.46537E-03-6.23188E-03-8.18237E-03-8.88128E-02-1.41817E-01
 -1       287-2.10407E+00-2.28956E-03-5.78695E-03-8.18233E-03-8.24689E-02-1.41818E-01
 -1       288-1.94222E+00-2.11357E-03-5.34189E-03-8.18231E-03-7.61251E-02-1.41818E-01
 -1       289-1.78037E+00-1.93745E-03-4.89675E-03-8.18230E-03-6.97814E-02-1.41818E-01
 -1       290-1.61851E+00-1.76134E-03-4.45159E-03-8.18230E-03-6.34376E-02-1.41818E-01
 -1       291-1.45666E+00-1.58515E-03-4.00646E-03-8.18234E-03-5.70939E-02-1.41818E-01
 -1       292-1.29481E+00-1.40968E-03-3.56144E-03-8.18227E-03-5.07500E-02-1.41818E-01
 -1       293-1.13296E+00-1.23248E-03-3.11676E-03-8.18269E-03-4.44063E-02-1.41817E-01
 -1       294-9.71106E-01-1.05925E-03-2.66894E-03-8.18097E-03-3.80611E-02-1.41817E-01
 -1       295-8.09240E-01-8.53760E-04-2.23414E-03-8.17736E-03-3.17255E-02-1.41821E-01
 -1       296-6.47118E-01-6.72130E-04-1.58134E-03-8.13783E-03-2.53919E-02-1.41899E-01
 -1       297-4.84525E-01 1.18225E-04-1.06051E-03-8.24862E-03-1.89828E-02-1.42103E-01
 -1       298-3.09044E-01 3.33900E-03 1.89224E-03-9.65645E-03-1.42650E-02-1.43726E-01
 -1       299-1.72605E-01-1.75703E-02-3.61377E-02-6.56997E-03-2.53224E-03-1.60737E-01
 -1       300-1.96298E-02 2.75971E-02 2.23097E-01-7.96746E-03-5.20432E-02-1.67629E-01
 -1       301-1.54389E+00-6.61675E-01-6.61675E-01-2.05018E-01-4.58695E-07-3.81102E-01
 -1       302-1.10284E+00 8.92842E-02 8.03125E-02-4.14159E-02 2.08327E-01 1.02114E-01
 -1       303-1.14222E+00 2.42031E-03 2.49732E-02 9.40921E-03 1.65713E-01-1.38944E-01
 -1       304-1.11751E+00 4.83066E-03-4.07864E-03 3.60539E-03 1.35615E-01-1.98872E-01
 -1       305-1.07300E+00 1.11038E-03-1.12297E-03 3.14001E-03 1.23781E-01-2.14997E-01
 -1       306-1.02476E+00 8.88375E-05-2.57910E-03 2.41643E-03 1.16836E-01-2.17871E-01
 -1       307-9.71055E-01-3.84643E-04-2.57863E-03 2.45668E-03 1.10655E-01-2.17662E-01
 -1       308-9.16977E-01-2.79752E-04-2.43772E-03 2.43323E-03 1.04573E-01-2.17489E-01
 -1       309-8.62979E-01-2.59950E-04-2.28002E-03 2.44092E-03 9.84317E-02-2.17446E-01
 -1       310-8.09035E-01-2.36401E-04-2.13431E-03 2.44079E-03 9.22819E-02-2.17444E-01
 -1       311-7.55100E-01-2.21429E-04-1.99206E-03 2.44123E-03 8.61292E-02-2.17446E-01
 -1       312-7.01165E-01-2.05524E-04-1.84981E-03 2.44114E-03 7.99770E-02-2.17446E-01
 -1       313-6.47229E-01-1.89818E-04-1.70758E-03 2.44115E-03 7.38249E-02-2.17447E-01
 -1       314-5.93293E-01-1.73995E-04-1.56528E-03 2.44114E-03 6.76728E-02-2.17447E-01
 -1       315-5.39358E-01-1.58170E-04-1.42298E-03 2.44114E-03 6.15208E-02-2.17447E-01
 -1       316-4.85422E-01-1.42409E-04-1.28068E-03 2.44114E-03 5.53687E-02-2.17447E-01
 -1       317-4.31487E-01-1.26590E-04-1.13862E-03 2.44116E-03 4.92166E-02-2.17446E-01
 -1       318-3.77550E-01-1.11047E-04-9.95155E-04 2.44130E-03 4.30639E-02-2.17446E-01
 -1       319-3.23619E-01-9.34943E-05-8.58295E-04 2.44073E-03 3.69127E-02-2.17444E-01
 -1       320-2.69650E-01-7.87768E-05-6.94492E-04 2.43755E-03 3.07570E-02-2.17456E-01
 -1       321-2.15905E-01-9.72030E-05-6.50898E-04 2.41034E-03 2.46793E-02-2.17437E-01
 -1       322-1.59972E-01 8.31996E-04 8.34325E-04 2.61540E-03 1.85039E-02-2.18428E-01
 -1       323-1.00952E-01 7.40620E-04-2.00755E-03 2.36798E-03 1.34728E-02-2.22463E-01
 -1       324-5.56316E-02-5.12861E-03-1.09042E-02 2.97205E-03 3.25020E-03-2.36323E-01
 -1       325-5.71425E-03 5.75857E-03 8.36131E-02 4.77876E-03 4.85881E-02-2.31571E-01
 -1       326-1.39335E+00-5.97157E-01-5.97157E-01-1.07530E-01-1.08922E-06-6.52738E-01
 -1       327-1.11588E+00 3.15404E-02 5.98669E-02-2.84515E-02 4.46457E-02-1.98639E-01
 -1       328-1.20757E+00-5.95916E-03 1.63488E-02 4.35209E-03 3.95703E-02-1.92483E-01
 -1       329-1.13719E+00-1.47363E-03-7.20222E-03 4.61433E-03 7.86790E-03-1.84591E-01
 -1       330-1.07363E+00 2.64489E-03 2.16260E-03 1.41496E-03 2.25780E-05-1.84987E-01
 -1       331-1.02324E+00 1.17011E-03 9.95011E-04 6.70151E-04-1.31032E-03-1.86647E-01
 -1       332-9.69485E-01 8.61799E-04 9.33956E-04 5.57065E-04-1.22042E-03-1.86815E-01
 -1       333-9.15607E-01 8.25547E-04 8.65070E-04 5.64066E-04-1.08904E-03-1.86809E-01
 -1       334-8.61736E-01 7.80500E-04 8.15247E-04 5.70209E-04-1.00464E-03-1.86797E-01
 -1       335-8.07875E-01 7.35058E-04 7.65179E-04 5.72591E-04-9.39908E-04-1.86795E-01
 -1       336-7.54016E-01 6.86176E-04 7.14205E-04 5.72687E-04-8.77609E-04-1.86795E-01
 -1       337-7.00158E-01 6.37166E-04 6.63207E-04 5.72661E-04-8.15164E-04-1.86795E-01
 -1       338-6.46300E-01 5.88127E-04 6.12189E-04 5.72629E-04-7.52503E-04-1.86795E-01
 -1       339-5.92442E-01 5.39110E-04 5.61171E-04 5.72626E-04-6.89796E-04-1.86795E-01
 -1       340-5.38583E-01 4.90101E-04 5.10157E-04 5.72623E-04-6.27080E-04-1.86795E-01
 -1       341-4.84725E-01 4.41053E-04 4.59114E-04 5.72646E-04-5.64383E-04-1.86795E-01
 -1       342-4.30867E-01 3.92108E-04 4.08211E-04 5.72633E-04-5.01754E-04-1.86795E-01
 -1       343-3.77009E-01 3.42651E-04 3.56914E-04 5.72958E-04-4.39598E-04-1.86795E-01
 -1       344-3.23145E-01 2.97818E-04 3.08094E-04 5.71806E-04-3.76978E-04-1.86797E-01
 -1       345-2.69292E-01 2.38795E-04 2.46545E-04 5.67831E-04-3.11073E-04-1.86795E-01
 -1       346-2.15662E-01 1.47646E-04 1.44941E-04 5.37793E-04-1.77875E-04-1.86784E-01
 -1       347-1.60469E-01 7.24803E-04 9.36451E-04 6.54795E-04-1.90692E-05-1.86833E-01
 -1       348-1.01941E-01 8.35055E-04-6.27583E-04 4.95032E-04 5.64037E-04-1.90596E-01
 -1       349-5.60474E-02-5.04202E-03-9.36097E-03-4.36197E-04 2.00435E-03-1.83052E-01
 -1       350-1.38084E-02 2.74906E-03 5.91544E-02-5.00146E-04 3.39515E-02-1.59433E-01
 -1       351-1.37087E+00-5.87525E-01-5.87526E-01-3.35249E-02-5.52344E-07-7.51039E-01
 -1       352-1.12865E+00-3.89521E-02 4.37467E-02-1.71041E-02 2.71875E-02-2.92393E-01
 -1       353-1.20551E+00 1.07144E-02 3.34430E-02 3.22684E-03 1.63847E-02-2.52355E-01
 -1       354-1.15471E+00-3.92346E-03-1.06674E-02 2.24459E-03 5.79957E-03-1.88207E-01
 -1       355-1.07745E+00 2.07511E-03 3.41950E-04 9.72662E-04 4.12611E-06-1.74178E-01
 -1       356-1.02397E+00 6.62335E-04-1.88792E-04 3.74920E-04-5.50716E-04-1.73016E-01
 -1       357-9.69737E-01 5.97276E-04 5.64733E-05 3.54663E-04-5.72129E-04-1.73112E-01
 -1       358-9.15912E-01 5.48249E-04 2.00693E-05 3.46025E-04-5.00132E-04-1.73212E-01
 -1       359-8.62039E-01 5.29794E-04 2.69320E-05 3.53470E-04-4.60657E-04-1.73236E-01
 -1       360-8.08169E-01 4.96855E-04 2.21451E-05 3.53909E-04-4.30186E-04-1.73238E-01
 -1       361-7.54291E-01 4.63957E-04 2.06538E-05 3.54204E-04-4.01749E-04-1.73238E-01
 -1       362-7.00413E-01 4.30747E-04 1.91192E-05 3.54125E-04-3.73162E-04-1.73237E-01
 -1       363-6.46535E-01 3.97598E-04 1.76703E-05 3.54122E-04-3.44489E-04-1.73237E-01
 -1       364-5.92657E-01 3.64463E-04 1.62014E-05 3.54115E-04-3.15781E-04-1.73237E-01
 -1       365-5.38779E-01 3.31327E-04 1.47264E-05 3.54119E-04-2.87072E-04-1.73237E-01
 -1       366-4.84902E-01 2.98203E-04 1.32806E-05 3.54113E-04-2.58365E-04-1.73237E-01
 -1       367-4.31024E-01 2.64892E-04 1.16945E-05 3.54181E-04-2.29745E-04-1.73237E-01
 -1       368-3.77144E-01 2.32584E-04 1.11984E-05 3.54097E-04-2.01121E-04-1.73238E-01
 -1       369-3.23268E-01 1.97526E-04 5.64522E-06 3.54321E-04-1.73456E-04-1.73240E-01
 -1       370-2.69408E-01 1.67560E-04 3.00661E-06 3.49740E-04-1.37345E-04-1.73231E-01
 -1       371-2.15793E-01 6.91810E-05-6.76137E-05 3.39500E-04-9.09125E-05-1.73093E-01
 -1       372-1.60780E-01 6.43906E-04 7.53301E-04 3.74783E-04 8.34787E-05-1.73019E-01
 -1       373-1.02450E-01 7.85264E-04-3.96639E-04 3.50331E-04-1.42142E-04-1.73628E-01
 -1       374-5.63620E-02-5.57326E-03-9.23223E-03-1.67209E-04 3.49619E-03-1.65580E-01
 -1       375-1.33703E-02 1.03902E-02 5.18747E-02-4.19532E-04 5.40264E-03-1.45095E-01
 -1       376-1.37087E+00-5.87525E-01-5.87526E-01 3.35249E-02 5.52344E-07-7.51039E-01
 -1       377-1.12865E+00-3.89521E-02 4.37467E-02 1.71041E-02-2.71875E-02-2.92393E-01
 -1       378-1.20551E+00 1.07144E-02 3.34430E-02-3.22684E-03-1.63847E-02-2.52355E-01
 -1       379-1.15471E+00-3.92346E-03-1.06674E-02-2.24459E-03-5.79957E-03-1.88207E-01
 -1       380-1.07745E+00 2.07511E-03 3.41950E-04-9.72662E-04-4.12611E-06-1.74178E-01
 -1       381-1.02397E+00 6.62335E-04-1.88792E-04-3.74920E-04 5.50716E-04-1.73016E-01
 -1       382-9.69737E-01 5.97276E-04 5.64733E-05-3.54663E-04 5.72129E-04-1.73112E-01
 -1       383-9.15912E-01 5.48249E-04 2.00693E-05-3.46025E-04 5.00132E-04-1.73212E-01
 -1       384-8.62039E-01 5.29794E-04 2.69320E-05-3.53470E-04 4.60657E-04-1.73236E-01
 -1       385-8.08169E-01 4.96855E-04 2.21451E-05-3.53909E-04 4.30186E-04-1.73238E-01
 -1       386-7.54291E-01 4.63957E-04 2.06538E-05-3.54204E-04 4.01749E-04-1.73238E-01
 -1       387-7.00413E-01 4.30747E-04 1.91192E-05-3.54125E-04 3.73162E-04-1.73237E-01
 -1       388-6.46535E-01 3.97598E-04 1.76703E-05-3.54122E-04 3.44489E-04-1.73237E-01
 -1       389-5.92657E-01 3.64463E-04 1.62014E-05-3.54115E-04 3.15781E-04-1.73237E-01
 -1       390-5.38779E-01 3.31327E-04 1.47264E-05-3.54119E-04 2.87072E-04-1.73237E-01
 -1       391-4.84902E-01 2.98203E-04 1.32806E-05-3.54113E-04 2.58365E-04-1.73237E-01
 -1       392-4.31024E-01 2.64892E-04 1.16945E-05-3.54181E-04 2.29745E-04-1.73237E-01
 -1       393-3.77144E-01 2.32584E-04 1.11984E-05-3.54097E-04 2.01121E-04-1.73238E-01
 -1       394-3.23268E-01 1.97526E-04 5.64522E-06-3.54321E-04 1.73456E-04-1.73240E-01
 -1       395-2.69408E-01 1.67560E-04 3.00661E-06-3.49740E-04 1.37345E-04-1.73231E-01
 -1       396-2.15793E-01 6.91810E-05-6.76137E-05-3.39500E-04 9.09125E-05-1.73093E-01
 -1       397-1.60780E-01 6.43906E-04 7.53301E-04-3.74783E-04-8.34787E-05-1.73019E-01
 -1       398-1.02450E-01 7.85264E-04-3.96639E-04-3.50331E-04 1.42142E-04-1.73628E-01
 -1       399-5.63620E-02-5.57326E-03-9.23223E-03 1.67209E-04-3.49619E-03-1.65580E-01
 -1       400-1.33703E-02 1.03902E-02 5.18747E-02 4.19532E-04-5.40264E-03-1.45095E-01
 -1       401-1.39335E+00-5.97157E-01-5.97157E-01 1.07530E-01 1.08922E-06-6.52738E-01
 -1       402-1.11588E+00 3.15404E-02 5.98669E-02 2.84515E-02-4.46457E-02-1.98639E-01
 -1       403-1.20757E+00-5.95916E-03 1.63488E-02-4.35209E-03-3.95703E-02-1.92483E-01
 -1       404-1.13719E+00-1.47363E-03-7.20222E-03-4.61433E-03-7.86790E-03-1.84591E-01
 -1       405-1.07363E+00 2.64489E-03 2.16260E-03-1.41496E-03-2.25780E-05-1.84987E-01
 -1       406-1.02324E+00 1.17011E-03 9.95011E-04-6.70151E-04 1.31032E-03-1.86647E-01
 -1       407-9.69485E-01 8.61799E-04 9.33956E-04-5.57065E-04 1.22042E-03-1.86815E-01
 -1       408-9.15607E-01 8.25547E-04 8.65070E-04-5.64066E-04 1.08904E-03-1.86809E-01
 -1       409-8.61736E-01 7.80500E-04 8.15247E-04-5.70209E-04 1.00464E-03-1.86797E-01
 -1       410-8.07875E-01 7.35058E-04 7.65179E-04-5.72591E-04 9.39908E-04-1.86795E-01
 -1       411-7.54016E-01 6.86176E-04 7.14205E-04-5.72687E-04 8.77609E-04-1.86795E-01
 -1       412-7.00158E-01 6.37166E-04 6.63207E-04-5.72661E-04 8.15164E-04-1.86795E-01
 -1       413-6.46300E-01 5.88127E-04 6.12189E-04-5.72629E-04 7.52503E-04-1.86795E-01
 -1       414-5.92442E-01 5.39110E-04 5.61171E-04-5.72626E-04 6.89796E-04-1.86795E-01
 -1       415-5.38583E-01 4.90101E-04 5.10157E-04-5.72623E-04 6.27080E-04-1.86795E-01
 -1       416-4.84725E-01 4.41053E-04 4.59114E-04-5.72646E-04 5.64383E-04-1.86795E-01
 -1       417-4.30867E-01 3.92108E-04 4.08211E-04-5.72633E-04 5.01754E-04-1.86795E-01
 -1       418-3.77009E-01 3.42651E-04 3.56914E-04-5.72958E-04 4.39598E-04-1.86795E-01
 -1       419-3.23145E-01 2.97818E-04 3.08094E-04-5.71806E-04 3.76978E-04-1.86797E-01
 -1       420-2.69292E-01 2.38795E-04 2.46545E-04-5.67831E-04 3.11073E-04-1.86795E-01
 -1       421-2.15662E-01 1.47646E-04 1.44941E-04-5.37793E-04 1.77875E-04-1.86784E-01
 -1       422-1.60469E-01 7.24803E-04 9.36451E-04-6.54795E-04 1.90692E-05-1.86833E-01
 -1       423-1.01941E-01 8.35055E-04-6.27583E-04-4.95032E-04-5.64037E-04-1.90596E-01
 -1       424-5.60474E-02-5.04202E-03-9.36097E-03 4.36197E-04-2.00435E-03-1.83052E-01
 -1       425-1.38084E-02 2.74906E-03 5.91544E-02 5.00146E-04-3.39515E-02-1.59433E-01
 -1       426-1.54389E+00-6.61675E-01-6.61675E-01 2.05018E-01 4.58695E-07-3.81102E-01
 -1       427-1.10284E+00 8.92842E-02 8.03125E-02 4.14159E-02-2.08327E-01 1.02114E-01
 -1       428-1.14222E+00 2.42031E-03 2.49732E-02-9.40921E-03-1.65713E-01-1.38944E-01
 -1       429-1.11751E+00 4.83066E-03-4.07864E-03-3.60539E-03-1.35615E-01-1.98872E-01
 -1       430-1.07300E+00 1.11038E-03-1.12297E-03-3.14001E-03-1.23781E-01-2.14997E-01
 -1       431-1.02476E+00 8.88375E-05-2.57910E-03-2.41643E-03-1.16836E-01-2.17871E-01
 -1       432-9.71055E-01-3.84643E-04-2.57863E-03-2.45668E-03-1.10655E-01-2.17662E-01
 -1       433-9.16977E-01-2.79752E-04-2.43772E-03-2.43323E-03-1.04573E-01-2.17489E-01
 -1       434-8.62979E-01-2.59950E-04-2.28002E-03-2.44092E-03-9.84317E-02-2.17446E-01
 -1       435-8.09035E-01-2.36401E-04-2.13431E-03-2.44079E-03-9.22819E-02-2.17444E-01
 -1       436-7.55100E-01-2.21429E-04-1.99206E-03-2.44123E-03-8.61292E-02-2.17446E-01
 -1       437-7.01165E-01-2.05524E-04-1.84981E-03-2.44114E-03-7.99770E-02-2.17446E-01
 -1       438-6.47229E-01-1.89818E-04-1.70758E-03-2.44115E-03-7.38249E-02-2.17447E-01
 -1       439-5.93293E-01-1.73995E-04-1.56528E-03-2.44114E-03-6.76728E-02-2.17447E-01
 -1       440-5.39358E-01-1.58170E-04-1.42298E-03-2.44114E-03-6.15208E-02-2.17447E-01
 -1       441-4.85422E-01-1.42409E-04-1.28068E-03-2.44114E-03-5.53687E-02-2.17447E-01
 -1       442-4.31487E-01-1.26590E-04-1.13862E-03-2.44116E-03-4.92166E-02-2.17446E-01
 -1       443-3.77550E-01-1.11047E-04-9.95155E-04-2.44130E-03-4.30639E-02-2.17446E-01
 -1       444-3.23619E-01-9.34943E-05-8.58295E-04-2.44073E-03-3.69127E-02-2.17444E-01
 -1       445-2.69650E-01-7.87768E-05-6.94492E-04-2.43755E-03-3.07570E-02-2.17456E-01
 -1       446-2.15905E-01-9.72030E-05-6.50898E-04-2.41034E-03-2.46793E-02-2.17437E-01
 -1       447-1.59972E-01 8.31996E-04 8.34325E-04-2.61540E-03-1.85039E-02-2.18428E-01
 -1       448-1.00952E-01 7.40620E-04-2.00755E-03-2.36798E-03-1.34728E-02-2.22463E-01
 -1       449-5.56316E-02-5.12861E-03-1.09042E-02-2.97205E-03-3.25020E-03-2.36323E-01
 -1       450-5.71425E-03 5.75857E-03 8.36131E-02-4.77876E-03-4.85881E-02-2.31571E-01
 -1       451 1.54389E+00 6.61675E-01 6.61675E-01 2.05018E-01-4.58695E-07-3.81102E-01
 -1       452 1.10284E+00-8.92842E-02-8.03125E-02 4.14159E-02 2.08327E-01 1.02114E-01
 -1       453 1.14222E+00-2.42031E-03-2.49732E-02-9.40921E-03 1.65713E-01-1.38944E-01
 -1       454 1.11751E+00-4.83066E-03 4.07864E-03-3.60539E-03 1.35615E-01-1.98872E-01
 -1       455 1.07300E+00-1.11038E-03 1.12297E-03-3.14001E-03 1.23781E-01-2.14997E-01
 -1       456 1.02476E+00-8.88375E-05 2.57910E-03-2.41643E-03 1.16836E-01-2.17871E-01
 -1       457 9.71055E-01 3.84643E-04 2.57863E-03-2.45668E-03 1.10655E-01-2.17662E-01
 -1       458 9.16977E-01 2.79752E-04 2.43772E-03-2.43323E-03 1.04573E-01-2.17489E-01
 -1       459 8.62979E-01 2.59950E-04 2.28002E-03-2.44092E-03 9.84317E-02-2.17446E-01
 -1       460 8.09035E-01 2.36401E-04 2.13431E-03-2.44079E-03 9.22819E-02-2.17444E-01
 -1       461 7.55100E-01 2.21429E-04 1.99206E-03-2.44123E-03 8.61292E-02-2.17446E-01
 -1       462 7.01165E-01 2.05524E-04 1.84981E-03-2.44114E-03 7.99770E-02-2.17446E-01
 -1       463 6.47229E-01 1.89818E-04 1.70758E-03-2.44115E-03 7.38249E-02-2.17447E-01
 -1       464 5.93293E-01 1.73995E-04 1.56528E-03-2.44114E-03 6.76728E-02-2.17447E-01
 -1       465 5.39358E-01 1.58170E-04 1.42298E-03-2.44114E-03 6.15208E-02-2.17447E-01
 -1       466 4.85422E-01 1.42409E-04 1.28068E-03-2.44114E-03 5.53687E-02-2.17447E-01
 -1       467 4.31487E-01 1.26590E-04 1.13862E-03-2.44116E-03 4.92166E-02-2.17446E-01
 -1       468 3.77550E-01 1.11047E-04 9.95155E-04-2.44130E-03 4.30639E-02-2.17446E-01
 -1       469 3.23619E-01 9.34943E-05 8.58295E-04-2.44073E-03 3.69127E-02-2.17444E-01
 -1       470 2.69650E-01 7.87768E-05 6.94492E-04-2.43755E-03 3.07570E-02-2.17456E-01
 -1       471 2.15905E-01 9.72030E-05 6.50898E-04-2.41034E-03 2.46793E-02-2.17437E-01
 -1       472 1.59972E-01-8.31996E-04-8.34325E-04-2.61540E-03 1.85039E-02-2.18428E-01
 -1       473 1.00952E-01-7.40620E-04 2.00755E-03-2.36798E-03 1.34728E-02-2.22463E-01
 -1       474 5.56316E-02 5.12861E-03 1.09042E-02-2.97205E-03 3.25020E-03-2.36323E-01
 -1       475 5.71425E-03-5.75857E-03-8.36131E-02-4.77876E-03 4.85881E-02-2.31571E-01
 -1       476 1.39335E+00 5.97157E-01 5.97157E-01 1.07530E-01-1.08922E-06-6.52738E-01
 -1       477 1.11588E+00-3.15404E-02-5.98669E-02 2.84515E-02 4.46457E-02-1.98639E-01
 -1       478 1.20757E+00 5.95916E-03-1.63488E-02-4.35209E-03 3.95703E-02-1.92483E-01
 -1       479 1.13719E+00 1.47363E-03 7.20222E-03-4.61433E-03 7.86790E-03-1.84591E-01
 -1       480 1.07363E+00-2.64489E-03-2.16260E-03-1.41496E-03 2.25780E-05-1.84987E-01
 -1       481 1.02324E+00-1.17011E-03-9.95011E-04-6.70151E-04-1.31032E-03-1.86647E-01
 -1       482 9.69485E-01-8.61799E-04-9.33956E-04-5.57065E-04-1.22042E-03-1.86815E-01
 -1       483 9.15607E-01-8.25547E-04-8.65070E-04-5.64066E-04-1.08904E-03-1.86809E-01
 -1       484 8.61736E-01-7.80500E-04-8.15247E-04-5.70209E-04-1.00464E-03-1.86797E-01
 -1       485 8.07875E-01-7.35058E-04-7.65179E-04-5.72591E-04-9.39908E-04-1.86795E-01
 -1       486 7.54016E-01-6.86176E-04-7.14205E-04-5.72687E-04-8.77609E-04-1.86795E-01
 -1       487 7.00158E-01-6.37166E-04-6.63207E-04-5.72661E-04-8.15164E-04-1.86795E-01
 -1       488 6.46300E-01-5.88127E-04-6.12189E-04-5.72629E-04-7.52503E-04-1.86795E-01
 -1       489 5.92442E-01-5.39110E-04-5.61171E-04-5.72626E-04-6.89796E-04-1.86795E-01
 -1       490 5.38583E-01-4.90101E-04-5.10157E-04-5.72623E-04-6.27080E-04-1.86795E-01
 -1       491 4.84725E-01-4.41053E-04-4.59114E-04-5.72646E-04-5.64383E-04-1.86795E-01
 -1       492 4.30867E-01-3.92108E-04-4.08211E-04-5.72633E-04-5.01754E-04-1.86795E-01
 -1       493 3.77009E-01-3.42651E-04-3.56914E-04-5.72958E-04-4.39598E-04-1.86795E-01
 -1       494 3.23145E-01-2.97818E-04-3.08094E-04-5.71806E-04-3.76978E-04-1.86797E-01
 -1       495 2.69292E-01-2.38795E-04-2.46545E-04-5.67831E-04-3.11073E-04-1.86795E-01
 -1       496 2.15662E-01-1.47646E-04-1.44941E-04-5.37793E-04-1.77875E-04-1.86784E-01
 -1       497 1.60469E-01-7.24803E-04-9.36451E-04-6.54795E-04-1.90692E-05-1.86833E-01
 -1       498 1.01941E-01-8.35055E-04 6.27583E-04-4.95032E-04 5.64037E-04-1.90596E-01
 -1       499 5.60474E-02 5.04202E-03 9.36097E-03 4.36197E-04 2.00435E-03-1.83052E-01
 -1       500 1.38084E-02-2.74906E-03-5.91544E-02 5.00146E-04 3.39515E-02-1.59433E-01
 -1       501 1.37087E+00 5.87525E-01 5.87526E-01 3.35249E-02-5.52344E-07-7.51039E-01
 -1       502 1.12865E+00 3.89521E-02-4.37467E-02 1.71041E-02 2.71875E-02-2.92393E-01
 -1       503 1.20551E+00-1.07144E-02-3.34430E-02-3.22684E-03 1.63847E-02-2.52355E-01
 -1       504 1.15471E+00 3.92346E-03 1.06674E-02-2.24459E-03 5.79957E-03-1.88207E-01
 -1       505 1.07745E+00-2.07511E-03-3.41950E-04-9.72662E-04 4.12611E-06-1.74178E-01
 -1       506 1.02397E+00-6.62335E-04 1.88792E-04-3.74920E-04-5.50716E-04-1.73016E-01
 -1       507 9.69737E-01-5.97276E-04-5.64733E-05-3.54663E-04-5.72129E-04-1.73112E-01
 -1       508 9.15912E-01-5.48249E-04-2.00693E-05-3.46025E-04-5.00132E-04-1.73212E-01
 -1       509 8.62039E-01-5.29794E-04-2.69320E-05-3.53470E-04-4.60657E-04-1.73236E-01
 -1       510 8.08169E-01-4.96855E-04-2.21451E-05-3.53909E-04-4.30186E-04-1.73238E-01
 -1       511 7.54291E-01-4.63957E-04-2.06538E-05-3.54204E-04-4.01749E-04-1.73238E-01
 -1       512 7.00413E-01-4.30747E-04-1.91192E-05-3.54125E-04-3.73162E-04-1.73237E-01
 -1       513 6.46535E-01-3.97598E-04-1.76703E-05-3.54122E-04-3.44489E-04-1.73237E-01
 -1       514 5.92657E-01-3.64463E-04-1.62014E-05-3.54115E-04-3.15781E-04-1.73237E-01
 -1       515 5.38779E-01-3.31327E-04-1.47264E-05-3.54119E-04-2.87072E-04-1.73237E-01
 -1       516 4.84902E-01-2.98203E-04-1.32806E-05-3.54113E-04-2.58365E-04-1.73237E-01
 -1       517 4.31024E-01-2.64892E-04-1.16945E-05-3.54181E-04-2.29745E-04-1.73237E-01
 -1       518 3.77144E-01-2.32584E-04-1.11984E-05-3.54097E-04-2.01121E-04-1.73238E-01
 -1       519 3.23268E-01-1.97526E-04-5.64522E-06-3.54321E-04-1.73456E-04-1.73240E-01
 -1       520 2.69408E-01-1.67560E-04-3.00661E-06-3.49740E-04-1.37345E-04-1.73231E-01
 -1       521 2.15793E-01-6.91810E-05 6.76137E-05-3.39500E-04-9.09125E-05-1.73093E-01
 -1       522 1.60780E-01-6.43906E-04-7.53301E-04-3.74783E-04 8.34787E-05-1.73019E-01
 -1       523 1.02450E-01-7.85264E-04 3.96639E-04-3.50331E-04-1.42142E-04-1.73628E-01
 -1       524 5.63620E-02 5.57326E-03 9.23223E-03 1.67209E-04 3.49619E-03-1.65580E-01
 -1       525 1.33703E-02-1.03902E-02-5.18747E-02 4.19532E-04 5.40264E-03-1.45095E-01
 -1       526 1.37087E+00 5.87525E-01 5.87526E-01-3.35249E-02 5.52344E-07-7.51039E-01
 -1       527 1.12865E+00 3.89521E-02-4.37467E-02-1.71041E-02-2.71875E-02-2.92393E-01
 -1       528 1.20551E+00-1.07144E-02-3.34430E-02 3.22684E-03-1.63847E-02-2.52355E-01
 -1       529 1.15471E+00 3.92346E-03 1.06674E-02 2.24459E-03-5.79957E-03-1.88207E-01
 -1       530 1.07745E+00-2.07511E-03-3.41950E-04 9.72662E-04-4.12611E-06-1.74178E-01
 -1       531 1.02397E+00-6.62335E-04 1.88792E-04 3.74920E-04 5.50716E-04-1.73016E-01
 -1       532 9.69737E-01-5.97276E-04-5.64733E-05 3.54663E-04 5.72129E-04-1.73112E-01
 -1       533 9.15912E-01-5.48249E-04-2.00693E-05 3.46025E-04 5.00132E-04-1.73212E-01
 -1       534 8.62039E-01-5.29794E-04-2.69320E-05 3.53470E-04 4.60657E-04-1.73236E-01
 -1       535 8.08169E-01-4.96855E-04-2.21451E-05 3.53909E-04 4.30186E-04-1.73238E-01
 -1       536 7.54291E-01-4.63957E-04-2.06538E-05 3.54204E-04 4.01749E-04-1.73238E-01
 -1       537 7.00413E-01-4.30747E-04-1.91192E-05 3.54125E-04 3.73162E-04-1.73237E-01
 -1       538 6.46535E-01-3.97598E-04-1.76703E-05 3.54122E-04 3.44489E-04-1.73237E-01
 -1       539 5.92657E-01-3.64463E-04-1.62014E-05 3.54115E-04 3.15781E-04-1.73237E-01
 -1       540 5.38779E-01-3.31327E-04-1.47264E-05 3.54119E-04 2.87072E-04-1.73237E-01
 -1       541 4.84902E-01-2.98203E-04-1.32806E-05 3.54113E-04 2.58365E-04-1.73237E-01
 -1       542 4.31024E-01-2.64892E-04-1.16945E-05 3.54181E-04 2.29745E-04-1.73237E-01
 -1       543 3.77144E-01-2.32584E-04-1.11984E-05 3.54097E-04 2.01121E-04-1.73238E-01
 -1       544 3.23268E-01-1.97526E-04-5.64522E-06 3.54321E-04 1.73456E-04-1.73240E-01
 -1       545 2.69408E-01-1.67560E-04-3.00661E-06 3.49740E-04 1.37345E-04-1.73231E-01
 -1       546 2.15793E-01-6.91810E-05 6.76137E-05 3.39500E-04 9.09125E-05-1.73093E-01
 -1       547 1.60780E-01-6.43906E-04-7.53301E-04 3.74783E-04-8.34787E-05-1.73019E-01
 -1       548 1.02450E-01-7.85264E-04 3.96639E-04 3.50331E-04 1.42142E-04-1.73628E-01
 -1       549 5.63620E-02 5.57326E-03 9.23223E-03-1.67209E-04-3.49619E-03-1.65580E-01
 -1       550 1.33703E-02-1.03902E-02-5.18747E-02-4.19532E-04-5.40264E-03-1.45095E-01
 -1       551 1.39335E+00 5.97157E-01 5.97157E-01-1.07530E-01 1.08922E-06-6.52738E-01
 -1       552 1.11588E+00-3.15404E-02-5.98669E-02-2.84515E-02-4.46457E-02-1.98639E-01
 -1       553 1.20757E+00 5.95916E-03-1.63488E-02 4.35209E-03-3.95703E-02-1.92483E-01
 -1       554 1.13719E+00 1.47363E-03 7.20222E-03 4.61433E-03-7.86790E-03-1.84591E-01
 -1       555 1.07363E+00-2.64489E-03-2.16260E-03 1.41496E-03-2.25780E-05-1.84987E-01
 -1       556 1.02324E+00-1.17011E-03-9.95011E-04 6.70151E-04 1.31032E-03-1.86647E-01
 -1       557 9.69485E-01-8.61799E-04-9.33956E-04 5.57065E-04 1.22042E-03-1.86815E-01
 -1       558 9.15607E-01-8.25547E-04-8.65070E-04 5.64066E-04 1.08904E-03-1.86809E-01
 -1       559 8.61736E-01-7.80500E-04-8.15247E-04 5.70209E-04 1.00464E-03-1.86797E-01
 -1       560 8.07875E-01-7.35058E-04-7.65179E-04 5.72591E-04 9.39908E-04-1.86795E-01
 -1       561 7.54016E-01-6.86176E-04-7.14205E-04 5.72687E-04 8.77609E-04-1.86795E-01
 -1       562 7.00158E-01-6.37166E-04-6.63207E-04 5.72661E-04 8.15164E-04-1.86795E-01
 -1       563 6.46300E-01-5.88127E-04-6.12189E-04 5.72629E-04 7.52503E-04-1.86795E-01
 -1       564 5.92442E-01-5.39110E-04-5.61171E-04 5.72626E-04 6.89796E-04-1.86795E-01
 -1       565 5.38583E-01-4.90101E-04-5.10157E-04 5.72623E-04 6.27080E-04-1.86795E-01
 -1       566 4.84725E-01-4.41053E-04-4.59114E-04 5.72646E-04 5.64383E-04-1.86795E-01
 -1       567 4.30867E-01-3.92108E-04-4.08211E-04 5.72633E-04 5.01754E-04-1.86795E-01
 -1       568 3.77009E-01-3.42651E-04-3.56914E-04 5.72958E-04 4.39598E-04-1.86795E-01
 -1       569 3.23145E-01-2.97818E-04-3.08094E-04 5.71806E-04 3.76978E-04-1.86797E-01
 -1       570 2.69292E-01-2.38795E-04-2.46545E-04 5.67831E-04 3.11073E-04-1.86795E-01
 -1       571 2.15662E-01-1.47646E-04-1.44941E-04 5.37793E-04 1.77875E-04-1.86784E-01
 -1       572 1.60469E-01-7.24803E-04-9.36451E-04 6.54795E-04 1.90692E-05-1.86833E-01
 -1       573 1.01941E-01-8.35055E-04 6.27583E-04 4.95032E-04-5.64037E-04-1.90596E-01
 -1       574 5.60474E-02 5.04202E-03 9.36097E-03-4.36197E-04-2.00435E-03-1.83052E-01
 -1       575 1.38084E-02-2.74906E-03-5.91544E-02-5.00146E-04-3.39515E-02-1.59433E-01
 -1       576 1.54389E+00 6.61675E-01 6.61675E-01-2.05018E-01 4.58695E-07-3.81102E-01
 -1       577 1.10284E+00-8.92842E-02-8.03125E-02-4.14159E-02-2.08327E-01 1.02114E-01
 -1       578 1.14222E+00-2.42031E-03-2.49732E-02 9.40921E-03-1.65713E-01-1.38944E-01
 -1       579 1.11751E+00-4.83066E-03 4.07864E-03 3.60539E-03-1.35615E-01-1.98872E-01
 -1       580 1.07300E+00-1.11038E-03 1.12297E-03 3.14001E-03-1.23781E-01-2.14997E-01
 -1       581 1.02476E+00-8.88375E-05 2.57910E-03 2.41643E-03-1.16836E-01-2.17871E-01
 -1       582 9.71055E-01 3.84643E-04 2.57863E-03 2.45668E-03-1.10655E-01-2.17662E-01
 -1       583 9.16977E-01 2.79752E-04 2.43772E-03 2.43323E-03-1.04573E-01-2.17489E-01
 -1       584 8.62979E-01 2.59950E-04 2.28002E-03 2.44092E-03-9.84317E-02-2.17446E-01
 -1       585 8.09035E-01 2.36401E-04 2.13431E-03 2.44079E-03-9.22819E-02-2.17444E-01
 -1       586 7.55100E-01 2.21429E-04 1.99206E-03 2.44123E-03-8.61292E-02-2.17446E-01
 -1       587 7.01165E-01 2.05524E-04 1.84981E-03 2.44114E-03-7.99770E-02-2.17446E-01
 -1       588 6.47229E-01 1.89818E-04 1.70758E-03 2.44115E-03-7.38249E-02-2.17447E-01
 -1       589 5.93293E-01 1.73995E-04 1.56528E-03 2.44114E-03-6.76728E-02-2.17447E-01
 -1       590 5.39358E-01 1.58170E-04 1.42298E-03 2.44114E-03-6.15208E-02-2.17447E-01
 -1       591 4.85422E-01 1.42409E-04 1.28068E-03 2.44114E-03-5.53687E-02-2.17447E-01
 -1       592 4.31487E-01 1.26590E-04 1.13862E-03 2.44116E-03-4.92166E-02-2.17446E-01
 -1       593 3.77550E-01 1.11047E-04 9.95155E-04 2.44130E-03-4.30639E-02-2.17446E-01
 -1       594 3.23619E-01 9.34943E-05 8.58295E-04 2.44073E-03-3.69127E-02-2.17444E-01
 -1       595 2.69650E-01 7.87768E-05 6.94492E-04 2.43755E-03-3.07570E-02-2.17456E-01
 -1       596 2.15905E-01 9.72030E-05 6.50898E-04 2.41034E-03-2.46793E-02-2.17437E-01
 -1       597 1.59972E-01-8.31996E-04-8.34325E-04 2.61540E-03-1.85039E-02-2.18428E-01
 -1       598 1.00952E-01-7.40620E-04 2.00755E-03 2.36798E-03-1.34728E-02-2.22463E-01
 -1       599 5.56316E-02 5.12861E-03 1.09042E-02 2.97205E-03-3.25020E-03-2.36323E-01
 -1       600 5.71425E-03-5.75857E-03-8.36131E-02 4.77876E-03-4.85881E-02-2.31571E-01
 -1       601 4.70416E+00 2.01610E+00 2.01610E+00 6.04904E-01-2.36598E-07-5.70334E-01
 -1       602 3.32042E+00-2.64066E-01-3.36544E-01 1.19037E-01 1.99206E-01 8.90214E-02
 -1       603 3.45387E+00 2.02212E-02 1.20122E-02-1.78700E-02 1.52413E-01-7.57496E-02
 -1       604 3.33167E+00-2.01609E-02-1.04322E-02-9.28448E-03 1.37896E-01-1.26380E-01
 -1       605 3.22822E+00 4.53866E-04 7.70075E-03-9.51698E-03 1.27475E-01-1.40962E-01
 -1       606 3.07477E+00 2.66820E-03 7.80058E-03-8.27291E-03 1.20445E-01-1.42128E-01
 -1       607 2.91398E+00 3.35736E-03 8.14837E-03-8.20166E-03 1.14140E-01-1.41964E-01
 -1       608 2.75161E+00 3.03879E-03 7.59770E-03-8.16993E-03 1.07835E-01-1.41840E-01
 -1       609 2.58964E+00 2.82902E-03 7.13126E-03-8.17980E-03 1.01500E-01-1.41817E-01
 -1       610 2.42777E+00 2.64147E-03 6.67704E-03-8.18186E-03 9.51569E-02-1.41816E-01
 -1       611 2.26592E+00 2.46537E-03 6.23188E-03-8.18237E-03 8.88128E-02-1.41817E-01
 -1       612 2.10407E+00 2.28956E-03 5.78695E-03-8.18233E-03 8.24689E-02-1.41818E-01
 -1       613 1.94222E+00 2.11357E-03 5.34189E-03-8.18231E-03 7.61251E-02-1.41818E-01
 -1       614 1.78037E+00 1.93745E-03 4.89675E-03-8.18230E-03 6.97814E-02-1.41818E-01
 -1       615 1.61851E+00 1.76134E-03 4.45159E-03-8.18230E-03 6.34376E-02-1.41818E-01
 -1       616 1.45666E+00 1.58515E-03 4.00646E-03-8.18234E-03 5.70939E-02-1.41818E-01
 -1       617 1.29481E+00 1.40968E-03 3.56144E-03-8.18227E-03 5.07500E-02-1.41818E-01
 -1       618 1.13296E+00 1.23248E-03 3.11676E-03-8.18269E-03 4.44063E-02-1.41817E-01
 -1       619 9.71106E-01 1.05925E-03 2.66894E-03-8.18097E-03 3.80611E-02-1.41817E-01
 -1       620 8.09240E-01 8.53760E-04 2.23414E-03-8.17736E-03 3.17255E-02-1.41821E-01
 -1       621 6.47118E-01 6.72130E-04 1.58134E-03-8.13783E-03 2.53919E-02-1.41899E-01
 -1       622 4.84525E-01-1.18225E-04 1.06051E-03-8.24862E-03 1.89828E-02-1.42103E-01
 -1       623 3.09044E-01-3.33900E-03-1.89224E-03-9.65645E-03 1.42650E-02-1.43726E-01
 -1       624 1.72605E-01 1.75703E-02 3.61377E-02-6.56997E-03 2.53224E-03-1.60737E-01
 -1       625 1.96298E-02-2.75971E-02-2.23097E-01-7.96746E-03 5.20432E-02-1.67629E-01
 -1       626 4.24194E+00 1.81800E+00 1.81800E+00 3.19551E-01-8.37272E-07-8.42359E-01
 -1       627 3.34753E+00-1.14723E-01-3.08484E-01 8.56557E-02 3.44085E-02-1.61349E-01
 -1       628 3.65411E+00 5.19327E-02 3.09646E-02-3.66276E-03 2.16759E-02-1.18294E-01
 -1       629 3.38318E+00-7.38811E-03 5.51504E-04-1.20741E-02 5.30856E-03-1.14260E-01
 -1       630 3.22931E+00-5.40979E-03-3.51555E-04-5.21455E-03 1.11526E-03-1.16457E-01
 -1       631 3.07070E+00-2.66082E-03-1.42565E-04-3.54023E-03 1.02039E-04-1.16892E-01
 -1       632 2.90936E+00-2.13868E-03-4.13644E-05-3.20418E-03 1.34785E-04-1.17032E-01
 -1       633 2.74773E+00-1.97896E-03-1.11125E-05-3.21376E-03 1.63908E-04-1.17029E-01
 -1       634 2.58607E+00-1.88232E-03-1.19002E-05-3.23069E-03 1.66668E-04-1.17025E-01
 -1       635 2.42444E+00-1.76997E-03-1.22443E-05-3.23617E-03 1.57287E-04-1.17023E-01
 -1       636 2.26281E+00-1.65296E-03-1.16496E-05-3.23668E-03 1.46600E-04-1.17023E-01
 -1       637 2.10118E+00-1.53484E-03-1.08499E-05-3.23657E-03 1.35982E-04-1.17023E-01
 -1       638 1.93955E+00-1.41672E-03-1.00085E-05-3.23651E-03 1.25496E-04-1.17023E-01
 -1       639 1.77792E+00-1.29864E-03-9.17255E-06-3.23649E-03 1.15038E-04-1.17023E-01
 -1       640 1.61629E+00-1.18058E-03-8.33389E-06-3.23650E-03 1.04583E-04-1.17023E-01
 -1       641 1.45466E+00-1.06250E-03-7.49951E-06-3.23651E-03 9.41248E-05-1.17023E-01
 -1       642 1.29303E+00-9.44235E-04-6.64124E-06-3.23668E-03 8.35847E-05-1.17023E-01
 -1       643 1.13141E+00-8.26746E-04-6.14810E-06-3.23659E-03 7.29431E-05-1.17023E-01
 -1       644 9.69774E-01-7.09366E-04-4.88040E-06-3.23664E-03 6.18033E-05-1.17024E-01
 -1       645 8.08132E-01-6.07770E-04-1.36654E-06-3.21927E-03 5.71644E-05-1.17024E-01
 -1       646 6.46640E-01-4.32842E-04-7.82628E-06-3.18594E-03 6.19803E-05-1.17056E-01
 -1       647 4.84665E-01-6.47994E-04-2.73780E-04-3.21850E-03 2.01210E-04-1.16896E-01
 -1       648 3.14715E-01-1.70373E-03-6.94455E-04-4.37997E-03 4.62297E-04-1.17977E-01
 -1       649 1.72128E-01 1.62185E-02 2.22384E-02-8.13205E-04-1.27873E-03-1.12848E-01
 -1       650 5.72708E-02-4.86372E-04-1.22373E-01 7.10995E-04 3.30756E-02-1.03285E-01
 -1       651 4.19235E+00 1.79674E+00 1.79675E+00 9.95776E-02-4.12576E-07-9.45021E-01
 -1       652 3.37736E+00 7.41583E-02-2.92299E-01 5.49662E-02 2.11920E-02-2.22485E-01
 -1       653 3.65146E+00 1.55761E-02 1.65138E-03-4.56694E-03 8.03063E-03-1.60343E-01
 -1       654 3.42092E+00-9.42498E-03 2.43058E-03-6.59031E-03 3.96489E-03-1.16316E-01
 -1       655 3.23796E+00-6.38406E-03 2.80927E-03-3.52787E-03 4.90573E-04-1.09765E-01
 -1       656 3.07034E+00-5.47181E-03-8.71427E-05-2.26442E-03 1.66542E-04-1.08240E-01
 -1       657 2.90840E+00-4.75944E-03-1.23461E-04-2.11062E-03 1.03912E-04-1.08338E-01
 -1       658 2.74681E+00-4.54030E-03-1.85177E-04-2.10831E-03 1.29672E-04-1.08402E-01
 -1       659 2.58529E+00-4.28356E-03-1.59904E-04-2.12095E-03 1.26672E-04-1.08422E-01
 -1       660 2.42372E+00-4.02003E-03-1.47035E-04-2.12390E-03 1.19972E-04-1.08423E-01
 -1       661 2.26214E+00-3.75215E-03-1.36199E-04-2.12426E-03 1.11796E-04-1.08423E-01
 -1       662 2.10056E+00-3.48408E-03-1.26500E-04-2.12418E-03 1.03750E-04-1.08423E-01
 -1       663 1.93898E+00-3.21603E-03-1.16801E-04-2.12414E-03 9.57500E-05-1.08422E-01
 -1       664 1.77740E+00-2.94802E-03-1.07080E-04-2.12413E-03 8.77709E-05-1.08422E-01
 -1       665 1.61582E+00-2.68002E-03-9.73529E-05-2.12413E-03 7.97936E-05-1.08422E-01
 -1       666 1.45424E+00-2.41198E-03-8.76248E-05-2.12416E-03 7.18091E-05-1.08422E-01
 -1       667 1.29265E+00-2.14393E-03-7.80409E-05-2.12417E-03 6.38108E-05-1.08423E-01
 -1       668 1.13107E+00-1.87568E-03-6.80767E-05-2.12452E-03 5.55727E-05-1.08423E-01
 -1       669 9.69485E-01-1.61096E-03-5.81891E-05-2.12294E-03 4.81041E-05-1.08424E-01
 -1       670 8.07968E-01-1.33010E-03-1.79845E-05-2.11919E-03 4.04226E-05-1.08418E-01
 -1       671 6.46603E-01-1.10116E-03-6.44808E-05-2.07667E-03 4.60607E-05-1.08384E-01
 -1       672 4.85045E-01-9.04967E-04-1.84558E-04-2.16020E-03 1.65055E-04-1.08074E-01
 -1       673 3.13969E-01-2.23036E-03-1.94915E-03-2.50450E-03-2.04303E-04-1.06583E-01
 -1       674 1.71846E-01 1.99652E-02 2.34194E-02-2.35565E-03 1.78533E-03-1.02309E-01
 -1       675 5.21652E-02-1.43709E-02-1.17239E-01-2.27119E-03 5.61805E-03-9.55539E-02
 -1       676 4.19235E+00 1.79674E+00 1.79675E+00-9.95776E-02 4.12576E-07-9.45021E-01
 -1       677 3.37736E+00 7.41583E-02-2.92299E-01-5.49662E-02-2.11920E-02-2.22485E-01
 -1       678 3.65146E+00 1.55761E-02 1.65138E-03 4.56694E-03-8.03063E-03-1.60343E-01
 -1       679 3.42092E+00-9.42498E-03 2.43058E-03 6.59031E-03-3.96489E-03-1.16316E-01
 -1       680 3.23796E+00-6.38406E-03 2.80927E-03 3.52787E-03-4.90573E-04-1.09765E-01
 -1       681 3.07034E+00-5.47181E-03-8.71427E-05 2.26442E-03-1.66542E-04-1.08240E-01
 -1       682 2.90840E+00-4.75944E-03-1.23461E-04 2.11062E-03-1.03912E-04-1.08338E-01
 -1       683 2.74681E+00-4.54030E-03-1.85177E-04 2.10831E-03-1.29672E-04-1.08402E-01
 -1       684 2.58529E+00-4.28356E-03-1.59904E-04 2.12095E-03-1.26672E-04-1.08422E-01
 -1       685 2.42372E+00-4.02003E-03-1.47035E-04 2.12390E-03-1.19972E-04-1.08423E-01
 -1       686 2.26214E+00-3.75215E-03-1.36199E-04 2.12426E-03-1.11796E-04-1.08423E-01
 -1       687 2.10056E+00-3.48408E-03-1.26500E-04 2.12418E-03-1.03750E-04-1.08423E-01
 -1       688 1.93898E+00-3.21603E-03-1.16801E-04 2.12414E-03-9.57500E-05-1.08422E-01
 -1       689 1.77740E+00-2.94802E-03-1.07080E-04 2.12413E-03-8.77709E-05-1.08422E-01
 -1       690 1.61582E+00-2.68002E-03-9.73529E-05 2.12413E-03-7.97936E-05-1.08422E-01
 -1       691 1.45424E+00-2.41198E-03-8.76248E-05 2.12416E-03-7.18091E-05-1.08422E-01
 -1       692 1.29265E+00-2.14393E-03-7.80409E-05 2.12417E-03-6.38108E-05-1.08423E-01
 -1       693 1.13107E+00-1.87568E-03-6.80767E-05 2.12452E-03-5.55727E-05-1.08423E-01
 -1       694 9.69485E-01-1.61096E-03-5.81891E-05 2.12294E-03-4.81040E-05-1.08424E-01
 -1       695 8.07968E-01-1.33010E-03-1.79845E-05 2.11919E-03-4.04226E-05-1.08418E-01
 -1       696 6.46603E-01-1.10116E-03-6.44808E-05 2.07667E-03-4.60607E-05-1.08384E-01
 -1       697 4.85045E-01-9.04967E-04-1.84558E-04 2.16020E-03-1.65055E-04-1.08074E-01
 -1       698 3.13969E-01-2.23036E-03-1.94915E-03 2.50450E-03 2.04303E-04-1.06583E-01
 -1       699 1.71846E-01 1.99652E-02 2.34194E-02 2.35565E-03-1.78533E-03-1.02309E-01
 -1       700 5.21652E-02-1.43709E-02-1.17239E-01 2.27119E-03-5.61805E-03-9.55539E-02
 -1       701 4.24194E+00 1.81800E+00 1.81800E+00-3.19551E-01 8.37272E-07-8.42359E-01
 -1       702 3.34753E+00-1.14723E-01-3.08484E-01-8.56557E-02-3.44085E-02-1.61349E-01
 -1       703 3.65411E+00 5.19327E-02 3.09646E-02 3.66276E-03-2.16759E-02-1.18294E-01
 -1       704 3.38318E+00-7.38811E-03 5.51504E-04 1.20741E-02-5.30856E-03-1.14260E-01
 -1       705 3.22931E+00-5.40979E-03-3.51555E-04 5.21455E-03-1.11526E-03-1.16457E-01
 -1       706 3.07070E+00-2.66082E-03-1.42565E-04 3.54023E-03-1.02039E-04-1.16892E-01
 -1       707 2.90936E+00-2.13868E-03-4.13644E-05 3.20418E-03-1.34785E-04-1.17032E-01
 -1       708 2.74773E+00-1.97896E-03-1.11125E-05 3.21376E-03-1.63908E-04-1.17029E-01
 -1       709 2.58607E+00-1.88232E-03-1.19002E-05 3.23069E-03-1.66668E-04-1.17025E-01
 -1       710 2.42444E+00-1.76997E-03-1.22443E-05 3.23617E-03-1.57287E-04-1.17023E-01
 -1       711 2.26281E+00-1.65296E-03-1.16496E-05 3.23668E-03-1.46600E-04-1.17023E-01
 -1       712 2.10118E+00-1.53484E-03-1.08499E-05 3.23657E-03-1.35982E-04-1.17023E-01
 -1       713 1.93955E+00-1.41672E-03-1.00085E-05 3.23651E-03-1.25496E-04-1.17023E-01
 -1       714 1.77792E+00-1.29864E-03-9.17255E-06 3.23649E-03-1.15038E-04-1.17023E-01
 -1       715 1.61629E+00-1.18058E-03-8.33389E-06 3.23650E-03-1.04583E-04-1.17023E-01
 -1       716 1.45466E+00-1.06250E-03-7.49951E-06 3.23651E-03-9.41248E-05-1.17023E-01
 -1       717 1.29303E+00-9.44235E-04-6.64124E-06 3.23668E-03-8.35847E-05-1.17023E-01
 -1       718 1.13141E+00-8.26746E-04-6.14810E-06 3.23659E-03-7.29431E-05-1.17023E-01
 -1       719 9.69774E-01-7.09366E-04-4.88040E-06 3.23664E-03-6.18033E-05-1.17024E-01
 -1       720 8.08132E-01-6.07770E-04-1.36655E-06 3.21927E-03-5.71644E-05-1.17024E-01
 -1       721 6.46640E-01-4.32842E-04-7.82628E-06 3.18594E-03-6.19803E-05-1.17056E-01
 -1       722 4.84665E-01-6.47994E-04-2.73780E-04 3.21850E-03-2.01210E-04-1.16896E-01
 -1       723 3.14715E-01-1.70373E-03-6.94455E-04 4.37997E-03-4.62297E-04-1.17977E-01
 -1       724 1.72128E-01 1.62185E-02 2.22384E-02 8.13205E-04 1.27873E-03-1.12848E-01
 -1       725 5.72708E-02-4.86372E-04-1.22373E-01-7.10995E-04-3.30756E-02-1.03285E-01
 -1       726 4.70416E+00 2.01610E+00 2.01610E+00-6.04904E-01 2.36598E-07-5.70334E-01
 -1       727 3.32042E+00-2.64066E-01-3.36544E-01-1.19037E-01-1.99206E-01 8.90214E-02
 -1       728 3.45387E+00 2.02212E-02 1.20122E-02 1.78700E-02-1.52413E-01-7.57496E-02
 -1       729 3.33167E+00-2.01609E-02-1.04322E-02 9.28448E-03-1.37896E-01-1.26380E-01
 -1       730 3.22822E+00 4.53866E-04 7.70075E-03 9.51698E-03-1.27475E-01-1.40962E-01
 -1       731 3.07477E+00 2.66820E-03 7.80058E-03 8.27291E-03-1.20445E-01-1.42128E-01
 -1       732 2.91398E+00 3.35736E-03 8.14837E-03 8.20166E-03-1.14140E-01-1.41964E-01
 -1       733 2.75161E+00 3.03879E-03 7.59770E-03 8.16993E-03-1.07835E-01-1.41840E-01
 -1       734 2.58964E+00 2.82902E-03 7.13126E-03 8.17980E-03-1.01500E-01-1.41817E-01
 -1       735 2.42777E+00 2.64147E-03 6.67704E-03 8.18186E-03-9.51569E-02-1.41816E-01
 -1       736 2.26592E+00 2.46537E-03 6.23188E-03 8.18237E-03-8.88128E-02-1.41817E-01
 -1       737 2.10407E+00 2.28956E-03 5.78695E-03 8.18233E-03-8.24689E-02-1.41818E-01
 -1       738 1.94222E+00 2.11357E-03 5.34189E-03 8.18231E-03-7.61251E-02-1.41818E-01
 -1       739 1.78037E+00 1.93745E-03 4.89675E-03 8.18230E-03-6.97814E-02-1.41818E-01
 -1       740 1.61851E+00 1.76134E-03 4.45159E-03 8.18230E-03-6.34376E-02-1.41818E-01
 -1       741 1.45666E+00 1.58515E-03 4.00646E-03 8.18234E-03-5.70939E-02-1.41818E-01
 -1       742 1.29481E+00 1.40968E-03 3.56144E-03 8.18227E-03-5.07500E-02-1.41818E-01
 -1       743 1.13296E+00 1.23248E-03 3.11676E-03 8.18269E-03-4.44063E-02-1.41817E-01
 -1       744 9.71106E-01 1.05925E-03 2.66894E-03 8.18097E-03-3.80611E-02-1.41817E-01
 -1       745 8.09240E-01 8.53760E-04 2.23414E-03 8.17736E-03-3.17255E-02-1.41821E-01
 -1       746 6.47118E-01 6.72130E-04 1.58134E-03 8.13783E-03-2.53919E-02-1.41899E-01
 -1       747 4.84525E-01-1.18225E-04 1.06051E-03 8.24862E-03-1.89828E-02-1.42103E-01
 -1       748 3.09044E-01-3.33900E-03-1.89224E-03 9.65645E-03-1.42650E-02-1.43726E-01
 -1       749 1.72605E-01 1.75703E-02 3.61377E-02 6.56997E-03-2.53224E-03-1.60737E-01
 -1       750 1.96298E-02-2.75971E-02-2.23097E-01 7.96746E-03-5.20432E-02-1.67629E-01
 -1       751 8.13794E+00 3.48773E+00 3.48773E+00 1.00404E+00-1.58268E-07-9.98192E-01
 -1       752 5.80743E+00-2.17070E-01-6.10378E-02 3.07410E-01 1.80093E-01-1.32158E-02
 -1       753 5.93840E+00 2.14643E-01 5.19306E-01-3.57731E-03 1.21674E-01-1.73700E-03
 -1       754 5.77216E+00 1.29703E-01 4.22241E-01-2.02576E-02 1.42393E-01-7.16108E-02
 -1       755 5.56300E+00 1.62309E-01 4.36682E-01-2.78045E-02 1.29758E-01-7.36923E-02
 -1       756 5.28864E+00 1.52606E-01 4.11152E-01-2.55565E-02 1.24080E-01-7.48176E-02
 -1       757 5.01166E+00 1.46227E-01 3.90966E-01-2.53989E-02 1.17289E-01-7.43145E-02
 -1       758 4.73270E+00 1.37788E-01 3.69030E-01-2.52946E-02 1.10819E-01-7.42855E-02
 -1       759 4.45422E+00 1.29694E-01 3.47338E-01-2.53171E-02 1.04292E-01-7.42726E-02
 -1       760 4.17580E+00 1.21565E-01 3.25614E-01-2.53185E-02 9.77759E-02-7.42759E-02
 -1       761 3.89742E+00 1.13463E-01 3.03907E-01-2.53201E-02 9.12571E-02-7.42764E-02
 -1       762 3.61903E+00 1.05358E-01 2.82199E-01-2.53200E-02 8.47389E-02-7.42767E-02
 -1       763 3.34065E+00 9.72541E-02 2.60492E-01-2.53200E-02 7.82205E-02-7.42766E-02
 -1       764 3.06226E+00 8.91496E-02 2.38784E-01-2.53200E-02 7.17021E-02-7.42766E-02
 -1       765 2.78387E+00 8.10451E-02 2.17077E-01-2.53200E-02 6.51837E-02-7.42766E-02
 -1       766 2.50548E+00 7.29408E-02 1.95369E-01-2.53200E-02 5.86653E-02-7.42767E-02
 -1       767 2.22710E+00 6.48357E-02 1.73661E-01-2.53202E-02 5.21472E-02-7.42764E-02
 -1       768 1.94872E+00 5.67355E-02 1.51958E-01-2.53193E-02 4.56274E-02-7.42772E-02
 -1       769 1.67032E+00 4.86160E-02 1.30231E-01-2.53195E-02 3.91161E-02-7.42701E-02
 -1       770 1.39193E+00 4.05479E-02 1.08605E-01-2.53122E-02 3.25696E-02-7.43007E-02
 -1       771 1.11277E+00 3.19592E-02 8.62079E-02-2.53412E-02 2.61967E-02-7.42186E-02
 -1       772 8.34038E-01 2.51415E-02 6.63835E-02-2.52199E-02 1.88350E-02-7.47759E-02
 -1       773 5.66446E-01 1.72470E-02 4.40119E-02-2.60559E-02 1.63839E-02-7.26739E-02
 -1       774 3.53275E-01 4.29096E-02 9.16733E-02-4.40005E-02-4.95382E-03-1.10074E-01
 -1       775 1.51647E-01 5.04068E-02-2.13597E-01-7.26089E-02 8.13879E-02-1.47104E-01
 -1       776 7.61524E+00 3.26371E+00 3.26371E+00 5.26258E-01-7.39608E-07-1.28207E+00
 -1       777 5.87777E+00 5.35305E-02-6.92763E-03 2.26402E-01 5.38676E-03-2.16658E-01
 -1       778 6.15491E+00 2.42956E-01 5.18479E-01 2.01599E-02-1.20772E-03-3.03891E-02
 -1       779 5.83577E+00 1.59950E-01 4.43136E-01-2.08093E-02 1.68998E-03-5.61969E-02
 -1       780 5.56879E+00 1.62898E-01 4.31381E-01-1.76921E-02 1.01918E-03-5.42265E-02
 -1       781 5.28774E+00 1.54952E-01 4.06927E-01-1.59570E-02 5.91614E-04-5.50215E-02
 -1       782 5.01000E+00 1.47608E-01 3.85906E-01-1.53898E-02 5.56669E-04-5.49242E-02
 -1       783 4.73170E+00 1.39413E-01 3.64460E-01-1.53755E-02 5.21146E-04-5.49365E-02
 -1       784 4.45337E+00 1.31209E-01 3.43040E-01-1.53907E-02 4.95220E-04-5.49292E-02
 -1       785 4.17503E+00 1.22998E-01 3.21596E-01-1.53987E-02 4.64221E-04-5.49297E-02
 -1       786 3.89669E+00 1.14797E-01 3.00156E-01-1.53996E-02 4.33488E-04-5.49295E-02
 -1       787 3.61836E+00 1.06597E-01 2.78717E-01-1.53996E-02 4.02465E-04-5.49296E-02
 -1       788 3.34002E+00 9.83977E-02 2.57277E-01-1.53995E-02 3.71508E-04-5.49296E-02
 -1       789 3.06169E+00 9.01979E-02 2.35837E-01-1.53995E-02 3.40546E-04-5.49296E-02
 -1       790 2.78335E+00 8.19981E-02 2.14397E-01-1.53995E-02 3.09586E-04-5.49296E-02
 -1       791 2.50502E+00 7.37983E-02 1.92958E-01-1.53995E-02 2.78632E-04-5.49296E-02
 -1       792 2.22668E+00 6.55985E-02 1.71518E-01-1.53997E-02 2.47631E-04-5.49296E-02
 -1       793 1.94835E+00 5.73993E-02 1.50078E-01-1.53997E-02 2.16691E-04-5.49296E-02
 -1       794 1.67001E+00 4.91949E-02 1.28638E-01-1.53975E-02 1.86045E-04-5.49287E-02
 -1       795 1.39171E+00 4.10054E-02 1.07223E-01-1.53886E-02 1.54716E-04-5.49374E-02
 -1       796 1.11283E+00 3.25105E-02 8.54595E-02-1.53510E-02 1.38541E-04-5.48984E-02
 -1       797 8.35653E-01 2.54195E-02 6.50834E-02-1.53648E-02 2.88545E-05-5.51071E-02
 -1       798 5.67637E-01 2.00009E-02 4.65039E-02-1.84153E-02 8.87766E-04-5.44367E-02
 -1       799 3.26090E-01 3.87462E-02 5.88511E-02-2.89386E-02-7.00245E-03-5.85139E-02
 -1       800 1.81451E-01 9.83365E-02-6.99357E-02-4.19586E-02 4.35031E-02-6.62832E-02
 -1       801 7.67949E+00 3.29124E+00 3.29125E+00 1.63315E-01-3.46798E-07-1.40471E+00
 -1       802 5.96628E+00 4.02100E-01 4.30583E-02 1.22097E-01 3.77908E-03-2.47840E-01
 -1       803 6.10185E+00 2.00593E-01 4.77584E-01 6.34868E-03 2.23948E-03-5.25170E-02
 -1       804 5.87289E+00 1.69061E-01 4.44396E-01-9.76040E-03 9.30198E-04-5.77045E-02
 -1       805 5.58130E+00 1.70694E-01 4.38179E-01-9.60072E-03 6.70302E-04-4.99618E-02
 -1       806 5.29164E+00 1.61540E-01 4.10464E-01-7.97881E-03 4.28763E-04-5.02979E-02
 -1       807 5.01260E+00 1.53739E-01 3.89066E-01-7.81476E-03 3.81458E-04-5.01631E-02
 -1       808 4.73419E+00 1.45174E-01 3.67337E-01-7.77772E-03 3.72816E-04-5.02245E-02
 -1       809 4.45580E+00 1.36630E-01 3.45762E-01-7.79494E-03 3.50130E-04-5.02262E-02
 -1       810 4.17732E+00 1.28082E-01 3.24152E-01-7.79763E-03 3.29277E-04-5.02275E-02
 -1       811 3.89884E+00 1.19543E-01 3.02544E-01-7.79854E-03 3.07130E-04-5.02270E-02
 -1       812 3.62035E+00 1.11004E-01 2.80933E-01-7.79842E-03 2.85225E-04-5.02269E-02
 -1       813 3.34186E+00 1.02465E-01 2.59323E-01-7.79840E-03 2.63267E-04-5.02269E-02
 -1       814 3.06337E+00 9.39264E-02 2.37713E-01-7.79838E-03 2.41329E-04-5.02269E-02
 -1       815 2.78488E+00 8.53877E-02 2.16102E-01-7.79839E-03 2.19395E-04-5.02269E-02
 -1       816 2.50639E+00 7.68489E-02 1.94492E-01-7.79840E-03 1.97435E-04-5.02269E-02
 -1       817 2.22790E+00 6.83101E-02 1.72882E-01-7.79852E-03 1.75557E-04-5.02269E-02
 -1       818 1.94942E+00 5.97720E-02 1.51273E-01-7.79835E-03 1.53308E-04-5.02273E-02
 -1       819 1.67093E+00 5.12311E-02 1.29662E-01-7.79811E-03 1.32398E-04-5.02260E-02
 -1       820 1.39249E+00 4.26935E-02 1.08086E-01-7.78865E-03 1.09146E-04-5.02320E-02
 -1       821 1.11391E+00 3.39940E-02 8.62395E-02-7.77732E-03 8.32467E-05-5.01877E-02
 -1       822 8.35890E-01 2.57279E-02 6.52204E-02-7.75954E-03 1.71465E-04-5.02374E-02
 -1       823 5.59893E-01 1.97825E-02 4.31666E-02-9.70669E-03-3.19643E-04-4.71686E-02
 -1       824 3.22985E-01 6.02758E-02 6.54266E-02-1.37506E-02 7.64008E-04-5.48350E-02
 -1       825 1.60138E-01 7.32899E-02-8.15893E-02-1.55048E-02 3.59124E-03-6.72141E-02
 -1       826 7.67949E+00 3.29124E+00 3.29125E+00-1.63315E-01 3.46798E-07-1.40471E+00
 -1       827 5.96628E+00 4.02100E-01 4.30583E-02-1.22097E-01-3.77908E-03-2.47840E-01
 -1       828 6.10185E+00 2.00593E-01 4.77584E-01-6.34868E-03-2.23948E-03-5.25170E-02
 -1       829 5.87289E+00 1.69061E-01 4.44396E-01 9.76040E-03-9.30198E-04-5.77045E-02
 -1       830 5.58130E+00 1.70694E-01 4.38179E-01 9.60072E-03-6.70302E-04-4.99618E-02
 -1       831 5.29164E+00 1.61540E-01 4.10464E-01 7.97881E-03-4.28763E-04-5.02979E-02
 -1       832 5.01260E+00 1.53739E-01 3.89066E-01 7.81476E-03-3.81458E-04-5.01631E-02
 -1       833 4.73419E+00 1.45174E-01 3.67337E-01 7.77772E-03-3.72816E-04-5.02245E-02
 -1       834 4.45580E+00 1.36630E-01 3.45762E-01 7.79494E-03-3.50130E-04-5.02262E-02
 -1       835 4.17732E+00 1.28082E-01 3.24152E-01 7.79763E-03-3.29277E-04-5.02275E-02
 -1       836 3.89884E+00 1.19543E-01 3.02544E-01 7.79854E-03-3.07130E-04-5.02270E-02
 -1       837 3.62035E+00 1.11004E-01 2.80933E-01 7.79842E-03-2.85225E-04-5.02269E-02
 -1       838 3.34186E+00 1.02465E-01 2.59323E-01 7.79840E-03-2.63267E-04-5.02269E-02
 -1       839 3.06337E+00 9.39264E-02 2.37713E-01 7.79838E-03-2.41329E-04-5.02269E-02
 -1       840 2.78488E+00 8.53877E-02 2.16102E-01 7.79839E-03-2.19395E-04-5.02269E-02
 -1       841 2.50639E+00 7.68489E-02 1.94492E-01 7.79840E-03-1.97435E-04-5.02269E-02
 -1       842 2.22790E+00 6.83101E-02 1.72882E-01 7.79852E-03-1.75557E-04-5.02269E-02
 -1       843 1.94942E+00 5.97720E-02 1.51273E-01 7.79835E-03-1.53308E-04-5.02273E-02
 -1       844 1.67093E+00 5.12311E-02 1.29662E-01 7.79811E-03-1.32398E-04-5.02260E-02
 -1       845 1.39249E+00 4.26935E-02 1.08086E-01 7.78865E-03-1.09146E-04-5.02320E-02
 -1       846 1.11391E+00 3.39940E-02 8.62395E-02 7.77732E-03-8.32467E-05-5.01877E-02
 -1       847 8.35890E-01 2.57279E-02 6.52204E-02 7.75954E-03-1.71465E-04-5.02374E-02
 -1       848 5.59893E-01 1.97825E-02 4.31666E-02 9.70669E-03 3.19643E-04-4.71686E-02
 -1       849 3.22985E-01 6.02758E-02 6.54266E-02 1.37506E-02-7.64008E-04-5.48350E-02
 -1       850 1.60138E-01 7.32899E-02-8.15893E-02 1.55048E-02-3.59124E-03-6.72141E-02
 -1       851 7.61524E+00 3.26371E+00 3.26371E+00-5.26258E-01 7.39608E-07-1.28207E+00
 -1       852 5.87777E+00 5.35305E-02-6.92763E-03-2.26402E-01-5.38676E-03-2.16658E-01
 -1       853 6.15491E+00 2.42956E-01 5.18479E-01-2.01599E-02 1.20772E-03-3.03891E-02
 -1       854 5.83577E+00 1.59950E-01 4.43136E-01 2.08093E-02-1.68998E-03-5.61969E-02
 -1       855 5.56879E+00 1.62898E-01 4.31381E-01 1.76921E-02-1.01918E-03-5.42265E-02
 -1       856 5.28774E+00 1.54952E-01 4.06927E-01 1.59570E-02-5.91614E-04-5.50215E-02
 -1       857 5.01000E+00 1.47608E-01 3.85906E-01 1.53898E-02-5.56669E-04-5.49242E-02
 -1       858 4.73170E+00 1.39413E-01 3.64460E-01 1.53755E-02-5.21146E-04-5.49365E-02
 -1       859 4.45337E+00 1.31209E-01 3.43040E-01 1.53907E-02-4.95220E-04-5.49292E-02
 -1       860 4.17503E+00 1.22998E-01 3.21596E-01 1.53987E-02-4.64221E-04-5.49297E-02
 -1       861 3.89669E+00 1.14797E-01 3.00156E-01 1.53996E-02-4.33488E-04-5.49295E-02
 -1       862 3.61836E+00 1.06597E-01 2.78717E-01 1.53996E-02-4.02465E-04-5.49296E-02
 -1       863 3.34002E+00 9.83977E-02 2.57277E-01 1.53995E-02-3.71508E-04-5.49296E-02
 -1       864 3.06169E+00 9.01979E-02 2.35837E-01 1.53995E-02-3.40546E-04-5.49296E-02
 -1       865 2.78335E+00 8.19981E-02 2.14397E-01 1.53995E-02-3.09586E-04-5.49296E-02
 -1       866 2.50502E+00 7.37983E-02 1.92958E-01 1.53995E-02-2.78632E-04-5.49296E-02
 -1       867 2.22668E+00 6.55985E-02 1.71518E-01 1.53997E-02-2.47631E-04-5.49296E-02
 -1       868 1.94835E+00 5.73993E-02 1.50078E-01 1.53997E-02-2.16691E-04-5.49296E-02
 -1       869 1.67001E+00 4.91949E-02 1.28638E-01 1.53975E-02-1.86045E-04-5.49287E-02
 -1       870 1.39171E+00 4.10054E-02 1.07223E-01 1.53886E-02-1.54716E-04-5.49374E-02
 -1       871 1.11283E+00 3.25105E-02 8.54595E-02 1.53510E-02-1.38541E-04-5.48984E-02
 -1       872 8.35653E-01 2.54195E-02 6.50834E-02 1.53648E-02-2.88545E-05-5.51071E-02
 -1       873 5.67637E-01 2.00009E-02 4.65039E-02 1.84153E-02-8.87766E-04-5.44367E-02
 -1       874 3.26090E-01 3.87462E-02 5.88511E-02 2.89386E-02 7.00245E-03-5.85139E-02
 -1       875 1.81451E-01 9.83365E-02-6.99357E-02 4.19586E-02-4.35031E-02-6.62832E-02
 -1       876 8.13794E+00 3.48773E+00 3.48773E+00-1.00404E+00 1.58268E-07-9.98192E-01
 -1       877 5.80743E+00-2.17070E-01-6.10378E-02-3.07410E-01-1.80093E-01-1.32158E-02
 -1       878 5.93840E+00 2.14643E-01 5.19306E-01 3.57731E-03-1.21674E-01-1.73700E-03
 -1       879 5.77216E+00 1.29703E-01 4.22241E-01 2.02576E-02-1.42393E-01-7.16108E-02
 -1       880 5.56300E+00 1.62309E-01 4.36682E-01 2.78045E-02-1.29758E-01-7.36923E-02
 -1       881 5.28864E+00 1.52606E-01 4.11152E-01 2.55565E-02-1.24080E-01-7.48176E-02
 -1       882 5.01166E+00 1.46227E-01 3.90966E-01 2.53989E-02-1.17289E-01-7.43145E-02
 -1       883 4.73270E+00 1.37788E-01 3.69030E-01 2.52946E-02-1.10819E-01-7.42855E-02
 -1       884 4.45422E+00 1.29694E-01 3.47338E-01 2.53171E-02-1.04292E-01-7.42726E-02
 -1       885 4.17580E+00 1.21565E-01 3.25614E-01 2.53185E-02-9.77759E-02-7.42759E-02
 -1       886 3.89742E+00 1.13463E-01 3.03907E-01 2.53201E-02-9.12571E-02-7.42764E-02
 -1       887 3.61903E+00 1.05358E-01 2.82199E-01 2.53200E-02-8.47389E-02-7.42767E-02
 -1       888 3.34065E+00 9.72541E-02 2.60492E-01 2.53200E-02-7.82205E-02-7.42766E-02
 -1       889 3.06226E+00 8.91496E-02 2.38784E-01 2.53200E-02-7.17021E-02-7.42766E-02
 -1       890 2.78387E+00 8.10451E-02 2.17077E-01 2.53200E-02-6.51837E-02-7.42766E-02
 -1       891 2.50548E+00 7.29408E-02 1.95369E-01 2.53200E-02-5.86653E-02-7.42767E-02
 -1       892 2.22710E+00 6.48357E-02 1.73661E-01 2.53202E-02-5.21472E-02-7.42764E-02
 -1       893 1.94872E+00 5.67355E-02 1.51958E-01 2.53193E-02-4.56274E-02-7.42772E-02
 -1       894 1.67032E+00 4.86160E-02 1.30231E-01 2.53195E-02-3.91161E-02-7.42701E-02
 -1       895 1.39193E+00 4.05479E-02 1.08605E-01 2.53122E-02-3.25696E-02-7.43007E-02
 -1       896 1.11277E+00 3.19592E-02 8.62079E-02 2.53412E-02-2.61967E-02-7.42186E-02
 -1       897 8.34038E-01 2.51415E-02 6.63835E-02 2.52199E-02-1.88350E-02-7.47759E-02
 -1       898 5.66446E-01 1.72470E-02 4.40119E-02 2.60559E-02-1.63839E-02-7.26739E-02
 -1       899 3.53275E-01 4.29096E-02 9.16733E-02 4.40005E-02 4.95382E-03-1.10074E-01
 -1       900 1.51647E-01 5.04068E-02-2.13597E-01 7.26089E-02-8.13879E-02-1.47104E-01
 -3
    1PSTEP                         3           1           1          
  100CL  101 1.000000000         900                     0    1           1
 -4  TOSTRAIN    6    1
 -5  EXX         1    4    1    1
 -5  EYY         1    4    2    2
 -5  EZZ         1    4    3    3
 -5  EXY         1    4    1    2
 -5  EYZ         1    4    2    3
 -5  EZX         1    4    3    1
 -1         1-2.87872E-05-1.18002E-10-1.42062E-10-6.21551E-06-9.79754E-13-6.17928E-06
 -1         2-2.80517E-05 9.24279E-06 8.27688E-06-1.90301E-06 1.11486E-06-8.18118E-08
 -1         3-2.72296E-05 8.20318E-06 6.31717E-06 2.21452E-08 7.53223E-07-1.07528E-08
 -1         4-2.66980E-05 8.23151E-06 6.42057E-06 1.25404E-07 8.81478E-07-4.43305E-07
 -1         5-2.56348E-05 7.79808E-06 6.09958E-06 1.72123E-07 8.03263E-07-4.56190E-07
 -1         6-2.43786E-05 7.41587E-06 5.81534E-06 1.58207E-07 7.68113E-07-4.63157E-07
 -1         7-2.30976E-05 7.02172E-06 5.50667E-06 1.57231E-07 7.26075E-07-4.60042E-07
 -1         8-2.18127E-05 6.63205E-06 5.20056E-06 1.56586E-07 6.86023E-07-4.59863E-07
 -1         9-2.05291E-05 6.24178E-06 4.89446E-06 1.56725E-07 6.45614E-07-4.59783E-07
 -1        10-1.92459E-05 5.85171E-06 4.58856E-06 1.56733E-07 6.05279E-07-4.59803E-07
 -1        11-1.79629E-05 5.46159E-06 4.28265E-06 1.56744E-07 5.64925E-07-4.59806E-07
 -1        12-1.66798E-05 5.07148E-06 3.97675E-06 1.56743E-07 5.24574E-07-4.59808E-07
 -1        13-1.53968E-05 4.68137E-06 3.67085E-06 1.56743E-07 4.84222E-07-4.59808E-07
 -1        14-1.41137E-05 4.29125E-06 3.36494E-06 1.56743E-07 4.43870E-07-4.59808E-07
 -1        15-1.28306E-05 3.90114E-06 3.05904E-06 1.56743E-07 4.03518E-07-4.59808E-07
 -1        16-1.15476E-05 3.51102E-06 2.75314E-06 1.56743E-07 3.63166E-07-4.59808E-07
 -1        17-1.02645E-05 3.12091E-06 2.44723E-06 1.56744E-07 3.22816E-07-4.59806E-07
 -1        18-8.98147E-06 2.73079E-06 2.14132E-06 1.56739E-07 2.82455E-07-4.59811E-07
 -1        19-7.69842E-06 2.34072E-06 1.83548E-06 1.56740E-07 2.42147E-07-4.59767E-07
 -1        20-6.41518E-06 1.95054E-06 1.52924E-06 1.56695E-07 2.01621E-07-4.59957E-07
 -1        21-5.13011E-06 1.56064E-06 1.22482E-06 1.56874E-07 1.62170E-07-4.59449E-07
 -1        22-3.84086E-06 1.16660E-06 9.11288E-07 1.56123E-07 1.16598E-07-4.62898E-07
 -1        23-2.60985E-06 7.89954E-07 6.24267E-07 1.61299E-07 1.01424E-07-4.49886E-07
 -1        24-1.49000E-06 4.31310E-07 1.29439E-07 2.72384E-07-3.06665E-08-6.81413E-07
 -1        25-9.55258E-07-3.28532E-07 1.30578E-06 4.49484E-07 5.03830E-07-9.10641E-07
 -1        26-2.69382E-05-1.04138E-10-1.44393E-10-3.25779E-06-4.57853E-12-7.93665E-06
 -1        27-2.79228E-05 8.13201E-06 8.50627E-06-1.40154E-06 3.33466E-08-1.34122E-06
 -1        28-2.82214E-05 8.37649E-06 6.67087E-06-1.24800E-07-7.47636E-09-1.88123E-07
 -1        29-2.69279E-05 8.20821E-06 6.45515E-06 1.28819E-07 1.04618E-08-3.47886E-07
 -1        30-2.56691E-05 7.79597E-06 6.13393E-06 1.09523E-07 6.30924E-09-3.35688E-07
 -1        31-2.43770E-05 7.39737E-06 5.83752E-06 9.87815E-08 3.66237E-09-3.40609E-07
 -1        32-2.30950E-05 7.00553E-06 5.53036E-06 9.52705E-08 3.44605E-09-3.40007E-07
 -1        33-2.18121E-05 6.61636E-06 5.22321E-06 9.51820E-08 3.22614E-09-3.40083E-07
 -1        34-2.05290E-05 6.22722E-06 4.91588E-06 9.52759E-08 3.06564E-09-3.40038E-07
 -1        35-1.92460E-05 5.83805E-06 4.60863E-06 9.53254E-08 2.87375E-09-3.40041E-07
 -1        36-1.79629E-05 5.44885E-06 4.30139E-06 9.53309E-08 2.68350E-09-3.40040E-07
 -1        37-1.66798E-05 5.05964E-06 3.99415E-06 9.53309E-08 2.49145E-09-3.40040E-07
 -1        38-1.53968E-05 4.67044E-06 3.68690E-06 9.53303E-08 2.29981E-09-3.40040E-07
 -1        39-1.41137E-05 4.28124E-06 3.37966E-06 9.53302E-08 2.10814E-09-3.40040E-07
 -1        40-1.28306E-05 3.89203E-06 3.07242E-06 9.53303E-08 1.91649E-09-3.40040E-07
 -1        41-1.15476E-05 3.50283E-06 2.76518E-06 9.53305E-08 1.72486E-09-3.40040E-07
 -1        42-1.02645E-05 3.11363E-06 2.45794E-06 9.53312E-08 1.53295E-09-3.40040E-07
 -1        43-8.98145E-06 2.72442E-06 2.15069E-06 9.53312E-08 1.34142E-09-3.40041E-07
 -1        44-7.69839E-06 2.33524E-06 1.84345E-06 9.53180E-08 1.15171E-09-3.40035E-07
 -1        45-6.41545E-06 1.94607E-06 1.53615E-06 9.52625E-08 9.57765E-10-3.40088E-07
 -1        46-5.13065E-06 1.55703E-06 1.22925E-06 9.50299E-08 8.57634E-10-3.39847E-07
 -1        47-3.85001E-06 1.16572E-06 9.20183E-07 9.51153E-08 1.78623E-10-3.41139E-07
 -1        48-2.60803E-06 7.82101E-07 6.18035E-07 1.14000E-07 5.49569E-09-3.36989E-07
 -1        49-1.41338E-06 3.65410E-07 2.40951E-07 1.79144E-07-4.33485E-08-3.62229E-07
 -1        50-8.23481E-07-3.08961E-07 7.32724E-07 2.59744E-07 2.69305E-07-4.10325E-07
 -1        51-2.71655E-05-8.58756E-11-1.48140E-10-1.01100E-06-2.14684E-12-8.69582E-06
 -1        52-2.77749E-05 6.67000E-06 8.89264E-06-7.55840E-07 2.33943E-08-1.53425E-06
 -1        53-2.80876E-05 8.44399E-06 6.72929E-06-3.93014E-08 1.38635E-08-3.25105E-07
 -1        54-2.70898E-05 8.21965E-06 6.51520E-06 6.04215E-08 5.75837E-09-3.57218E-07
 -1        55-2.57078E-05 7.78642E-06 6.13056E-06 5.94330E-08 4.14949E-09-3.09287E-07
 -1        56-2.43811E-05 7.37662E-06 5.83566E-06 4.93926E-08 2.65425E-09-3.11368E-07
 -1        57-2.30941E-05 6.98457E-06 5.52779E-06 4.83771E-08 2.36141E-09-3.10534E-07
 -1        58-2.18116E-05 6.59658E-06 5.22129E-06 4.81478E-08 2.30791E-09-3.10914E-07
 -1        59-2.05289E-05 6.20875E-06 4.91412E-06 4.82544E-08 2.16747E-09-3.10924E-07
 -1        60-1.92460E-05 5.82076E-06 4.60699E-06 4.82710E-08 2.03838E-09-3.10932E-07
 -1        61-1.79629E-05 5.43272E-06 4.29986E-06 4.82767E-08 1.90128E-09-3.10929E-07
 -1        62-1.66798E-05 5.04467E-06 3.99272E-06 4.82760E-08 1.76568E-09-3.10929E-07
 -1        63-1.53968E-05 4.65662E-06 3.68559E-06 4.82758E-08 1.62975E-09-3.10928E-07
 -1        64-1.41137E-05 4.26856E-06 3.37846E-06 4.82757E-08 1.49394E-09-3.10928E-07
 -1        65-1.28306E-05 3.88051E-06 3.07133E-06 4.82757E-08 1.35816E-09-3.10928E-07
 -1        66-1.15476E-05 3.49246E-06 2.76419E-06 4.82758E-08 1.22222E-09-3.10928E-07
 -1        67-1.02645E-05 3.10441E-06 2.45706E-06 4.82765E-08 1.08678E-09-3.10928E-07
 -1        68-8.98144E-06 2.71636E-06 2.14992E-06 4.82755E-08 9.49050E-10-3.10931E-07
 -1        69-7.69841E-06 2.32832E-06 1.84280E-06 4.82740E-08 8.19607E-10-3.10923E-07
 -1        70-6.41550E-06 1.94038E-06 1.53556E-06 4.82154E-08 6.75667E-10-3.10960E-07
 -1        71-5.13256E-06 1.55262E-06 1.22919E-06 4.81453E-08 5.15337E-10-3.10686E-07
 -1        72-3.85050E-06 1.16479E-06 9.20310E-07 4.80352E-08 1.06145E-09-3.10994E-07
 -1        73-2.57623E-06 7.67311E-07 6.22553E-07 6.00891E-08-1.97874E-09-2.91996E-07
 -1        74-1.35845E-06 2.67845E-07 2.35960E-07 8.51227E-08 4.72958E-09-3.39454E-07
 -1        75-7.74416E-07-2.36788E-07 7.21988E-07 9.59822E-08 2.22315E-08-4.16088E-07
 -1        76-2.71655E-05-8.58756E-11-1.48140E-10 1.01100E-06 2.14684E-12-8.69582E-06
 -1        77-2.77749E-05 6.67000E-06 8.89264E-06 7.55840E-07-2.33943E-08-1.53425E-06
 -1        78-2.80876E-05 8.44399E-06 6.72929E-06 3.93014E-08-1.38635E-08-3.25105E-07
 -1        79-2.70898E-05 8.21965E-06 6.51520E-06-6.04215E-08-5.75837E-09-3.57218E-07
 -1        80-2.57078E-05 7.78642E-06 6.13056E-06-5.94330E-08-4.14949E-09-3.09287E-07
 -1        81-2.43811E-05 7.37662E-06 5.83566E-06-4.93926E-08-2.65425E-09-3.11368E-07
 -1        82-2.30941E-05 6.98457E-06 5.52779E-06-4.83771E-08-2.36141E-09-3.10534E-07
 -1        83-2.18116E-05 6.59658E-06 5.22129E-06-4.81478E-08-2.30791E-09-3.10914E-07
 -1        84-2.05289E-05 6.20875E-06 4.91412E-06-4.82544E-08-2.16747E-09-3.10924E-07
 -1        85-1.92460E-05 5.82076E-06 4.60699E-06-4.82710E-08-2.03838E-09-3.10932E-07
 -1        86-1.79629E-05 5.43272E-06 4.29986E-06-4.82767E-08-1.90128E-09-3.10929E-07
 -1        87-1.66798E-05 5.04467E-06 3.99272E-06-4.82760E-08-1.76568E-09-3.10929E-07
 -1        88-1.53968E-05 4.65662E-06 3.68559E-06-4.82758E-08-1.62975E-09-3.10928E-07
 -1        89-1.41137E-05 4.26856E-06 3.37846E-06-4.82757E-08-1.49394E-09-3.10928E-07
 -1        90-1.28306E-05 3.88051E-06 3.07133E-06-4.82757E-08-1.35816E-09-3.10928E-07
 -1        91-1.15476E-05 3.49246E-06 2.76419E-06-4.82758E-08-1.22222E-09-3.10928E-07
 -1        92-1.02645E-05 3.10441E-06 2.45706E-06-4.82765E-08-1.08678E-09-3.10928E-07
 -1        93-8.98144E-06 2.71636E-06 2.14992E-06-4.82755E-08-9.49050E-10-3.10931E-07
 -1        94-7.69841E-06 2.32832E-06 1.84280E-06-4.82740E-08-8.19607E-10-3.10923E-07
 -1        95-6.41550E-06 1.94038E-06 1.53556E-06-4.82154E-08-6.75667E-10-3.10960E-07
 -1        96-5.13256E-06 1.55262E-06 1.22919E-06-4.81453E-08-5.15337E-10-3.10686E-07
 -1        97-3.85050E-06 1.16479E-06 9.20310E-07-4.80352E-08-1.06145E-09-3.10994E-07
 -1        98-2.57623E-06 7.67311E-07 6.22553E-07-6.00891E-08 1.97874E-09-2.91996E-07
 -1        99-1.35845E-06 2.67845E-07 2.35960E-07-8.51227E-08-4.72958E-09-3.39454E-07
 -1       100-7.74416E-07-2.36788E-07 7.21988E-07-9.59822E-08-2.22315E-08-4.16088E-07
 -1       101-2.69382E-05-1.04138E-10-1.44393E-10 3.25779E-06 4.57853E-12-7.93665E-06
 -1       102-2.79228E-05 8.13201E-06 8.50627E-06 1.40154E-06-3.33466E-08-1.34122E-06
 -1       103-2.82214E-05 8.37649E-06 6.67087E-06 1.24800E-07 7.47636E-09-1.88123E-07
 -1       104-2.69279E-05 8.20821E-06 6.45515E-06-1.28819E-07-1.04618E-08-3.47886E-07
 -1       105-2.56691E-05 7.79597E-06 6.13393E-06-1.09523E-07-6.30924E-09-3.35688E-07
 -1       106-2.43770E-05 7.39737E-06 5.83752E-06-9.87815E-08-3.66237E-09-3.40609E-07
 -1       107-2.30950E-05 7.00553E-06 5.53036E-06-9.52705E-08-3.44605E-09-3.40007E-07
 -1       108-2.18121E-05 6.61636E-06 5.22321E-06-9.51820E-08-3.22614E-09-3.40083E-07
 -1       109-2.05290E-05 6.22722E-06 4.91588E-06-9.52759E-08-3.06564E-09-3.40038E-07
 -1       110-1.92460E-05 5.83805E-06 4.60863E-06-9.53254E-08-2.87375E-09-3.40041E-07
 -1       111-1.79629E-05 5.44885E-06 4.30139E-06-9.53309E-08-2.68350E-09-3.40040E-07
 -1       112-1.66798E-05 5.05964E-06 3.99415E-06-9.53309E-08-2.49145E-09-3.40040E-07
 -1       113-1.53968E-05 4.67044E-06 3.68690E-06-9.53303E-08-2.29981E-09-3.40040E-07
 -1       114-1.41137E-05 4.28124E-06 3.37966E-06-9.53302E-08-2.10814E-09-3.40040E-07
 -1       115-1.28306E-05 3.89203E-06 3.07242E-06-9.53303E-08-1.91649E-09-3.40040E-07
 -1       116-1.15476E-05 3.50283E-06 2.76518E-06-9.53305E-08-1.72486E-09-3.40040E-07
 -1       117-1.02645E-05 3.11363E-06 2.45794E-06-9.53312E-08-1.53295E-09-3.40040E-07
 -1       118-8.98145E-06 2.72442E-06 2.15069E-06-9.53312E-08-1.34142E-09-3.40041E-07
 -1       119-7.69839E-06 2.33524E-06 1.84345E-06-9.53180E-08-1.15171E-09-3.40035E-07
 -1       120-6.41545E-06 1.94607E-06 1.53615E-06-9.52625E-08-9.57765E-10-3.40088E-07
 -1       121-5.13065E-06 1.55703E-06 1.22925E-06-9.50299E-08-8.57634E-10-3.39847E-07
 -1       122-3.85001E-06 1.16572E-06 9.20183E-07-9.51153E-08-1.78623E-10-3.41139E-07
 -1       123-2.60803E-06 7.82101E-07 6.18035E-07-1.14000E-07-5.49569E-09-3.36989E-07
 -1       124-1.41338E-06 3.65410E-07 2.40951E-07-1.79144E-07 4.33485E-08-3.62229E-07
 -1       125-8.23481E-07-3.08961E-07 7.32724E-07-2.59744E-07-2.69305E-07-4.10325E-07
 -1       126-2.87872E-05-1.18002E-10-1.42062E-10 6.21551E-06 9.79754E-13-6.17928E-06
 -1       127-2.80517E-05 9.24279E-06 8.27688E-06 1.90301E-06-1.11486E-06-8.18118E-08
 -1       128-2.72296E-05 8.20318E-06 6.31717E-06-2.21452E-08-7.53223E-07-1.07528E-08
 -1       129-2.66980E-05 8.23151E-06 6.42057E-06-1.25404E-07-8.81478E-07-4.43305E-07
 -1       130-2.56348E-05 7.79808E-06 6.09958E-06-1.72123E-07-8.03263E-07-4.56190E-07
 -1       131-2.43786E-05 7.41587E-06 5.81534E-06-1.58207E-07-7.68113E-07-4.63157E-07
 -1       132-2.30976E-05 7.02172E-06 5.50667E-06-1.57231E-07-7.26075E-07-4.60042E-07
 -1       133-2.18127E-05 6.63205E-06 5.20056E-06-1.56586E-07-6.86023E-07-4.59863E-07
 -1       134-2.05291E-05 6.24178E-06 4.89446E-06-1.56725E-07-6.45614E-07-4.59783E-07
 -1       135-1.92459E-05 5.85171E-06 4.58856E-06-1.56733E-07-6.05279E-07-4.59803E-07
 -1       136-1.79629E-05 5.46159E-06 4.28265E-06-1.56744E-07-5.64925E-07-4.59806E-07
 -1       137-1.66798E-05 5.07148E-06 3.97675E-06-1.56743E-07-5.24574E-07-4.59808E-07
 -1       138-1.53968E-05 4.68137E-06 3.67085E-06-1.56743E-07-4.84222E-07-4.59808E-07
 -1       139-1.41137E-05 4.29125E-06 3.36494E-06-1.56743E-07-4.43870E-07-4.59808E-07
 -1       140-1.28306E-05 3.90114E-06 3.05904E-06-1.56743E-07-4.03518E-07-4.59808E-07
 -1       141-1.15476E-05 3.51102E-06 2.75314E-06-1.56743E-07-3.63166E-07-4.59808E-07
 -1       142-1.02645E-05 3.12091E-06 2.44723E-06-1.56744E-07-3.22816E-07-4.59806E-07
 -1       143-8.98147E-06 2.73079E-06 2.14132E-06-1.56739E-07-2.82455E-07-4.59811E-07
 -1       144-7.69842E-06 2.34072E-06 1.83548E-06-1.56740E-07-2.42147E-07-4.59767E-07
 -1       145-6.41518E-06 1.95054E-06 1.52924E-06-1.56695E-07-2.01621E-07-4.59957E-07
 -1       146-5.13011E-06 1.56064E-06 1.22482E-06-1.56874E-07-1.62170E-07-4.59449E-07
 -1       147-3.84086E-06 1.16660E-06 9.11288E-07-1.56123E-07-1.16598E-07-4.62898E-07
 -1       148-2.60985E-06 7.89954E-07 6.24267E-07-1.61299E-07-1.01424E-07-4.49886E-07
 -1       149-1.49000E-06 4.31310E-07 1.29439E-07-2.72384E-07 3.06665E-08-6.81413E-07
 -1       150-9.55258E-07-3.28532E-07 1.30578E-06-4.49484E-07-5.03830E-07-9.10641E-07
 -1       151-1.66405E-05-9.36349E-11-1.01967E-10-3.74464E-06-1.46466E-12-3.53064E-06
 -1       152-1.66696E-05 5.52014E-06 5.96882E-06-7.36894E-07 1.23318E-06 5.51085E-07
 -1       153-1.64010E-05 4.85497E-06 4.90579E-06 1.10624E-07 9.43510E-07-4.68926E-07
 -1       154-1.59088E-05 4.84063E-06 4.78040E-06 5.74753E-08 8.53645E-07-7.82353E-07
 -1       155-1.53608E-05 4.62058E-06 4.57572E-06 5.89147E-08 7.89132E-07-8.72620E-07
 -1       156-1.46268E-05 4.39097E-06 4.35920E-06 5.12133E-08 7.45614E-07-8.79839E-07
 -1       157-1.38597E-05 4.15849E-06 4.12883E-06 5.07722E-08 7.06583E-07-8.78827E-07
 -1       158-1.30877E-05 3.92726E-06 3.89904E-06 5.05758E-08 6.67552E-07-8.78059E-07
 -1       159-1.23174E-05 3.69620E-06 3.66957E-06 5.06369E-08 6.28331E-07-8.77916E-07
 -1       160-1.15475E-05 3.46520E-06 3.44022E-06 5.06496E-08 5.89067E-07-8.77911E-07
 -1       161-1.07777E-05 3.23419E-06 3.21087E-06 5.06528E-08 5.49793E-07-8.77918E-07
 -1       162-1.00078E-05 3.00318E-06 2.98152E-06 5.06525E-08 5.10522E-07-8.77920E-07
 -1       163-9.23800E-06 2.77216E-06 2.75218E-06 5.06524E-08 4.71251E-07-8.77920E-07
 -1       164-8.46817E-06 2.54115E-06 2.52283E-06 5.06524E-08 4.31980E-07-8.77920E-07
 -1       165-7.69833E-06 2.31013E-06 2.29348E-06 5.06523E-08 3.92709E-07-8.77920E-07
 -1       166-6.92850E-06 2.07912E-06 2.06413E-06 5.06526E-08 3.53438E-07-8.77920E-07
 -1       167-6.15867E-06 1.84811E-06 1.83479E-06 5.06522E-08 3.14167E-07-8.77920E-07
 -1       168-5.38885E-06 1.61710E-06 1.60544E-06 5.06548E-08 2.74896E-07-8.77914E-07
 -1       169-4.61899E-06 1.38606E-06 1.37610E-06 5.06441E-08 2.35616E-07-8.77912E-07
 -1       170-3.84911E-06 1.15518E-06 1.14664E-06 5.06218E-08 1.96396E-07-8.77942E-07
 -1       171-3.07830E-06 9.23513E-07 9.17884E-07 5.03771E-08 1.57188E-07-8.78419E-07
 -1       172-2.30592E-06 6.94257E-07 6.86960E-07 5.10629E-08 1.17513E-07-8.79686E-07
 -1       173-1.47911E-06 4.54689E-07 4.45733E-07 5.97780E-08 8.83072E-08-8.89730E-07
 -1       174-7.45204E-07 2.14536E-07 9.95951E-08 4.06712E-08 1.56758E-08-9.95036E-07
 -1       175-4.51609E-07-1.59252E-07 1.05098E-06 4.93223E-08 3.22172E-07-1.03771E-06
 -1       176-1.50054E-05-8.25866E-11-1.03354E-10-1.97817E-06-5.18312E-12-5.21460E-06
 -1       177-1.65452E-05 4.88779E-06 6.08727E-06-5.30250E-07 2.13005E-07-9.98828E-07
 -1       178-1.72821E-05 5.01709E-06 5.14689E-06 2.26743E-08 1.34184E-07-7.32295E-07
 -1       179-1.61202E-05 4.86909E-06 4.81994E-06 7.47441E-08 3.28625E-08-7.07325E-07
 -1       180-1.53859E-05 4.63856E-06 4.60725E-06 3.22806E-08 6.90397E-09-7.20927E-07
 -1       181-1.46264E-05 4.39919E-06 4.38360E-06 2.19157E-08 6.31669E-10-7.23618E-07
 -1       182-1.38572E-05 4.16636E-06 4.15337E-06 1.98354E-08 8.34380E-10-7.24485E-07
 -1       183-1.30873E-05 3.93474E-06 3.92255E-06 1.98947E-08 1.01467E-09-7.24463E-07
 -1       184-1.23173E-05 3.70334E-06 3.69176E-06 1.99995E-08 1.03176E-09-7.24438E-07
 -1       185-1.15475E-05 3.47190E-06 3.46102E-06 2.00334E-08 9.73679E-10-7.24427E-07
 -1       186-1.07777E-05 3.24044E-06 3.23028E-06 2.00366E-08 9.07526E-10-7.24426E-07
 -1       187-1.00078E-05 3.00898E-06 2.99955E-06 2.00359E-08 8.41796E-10-7.24426E-07
 -1       188-9.23800E-06 2.77752E-06 2.76881E-06 2.00355E-08 7.76881E-10-7.24426E-07
 -1       189-8.46817E-06 2.54606E-06 2.53808E-06 2.00354E-08 7.12138E-10-7.24426E-07
 -1       190-7.69833E-06 2.31460E-06 2.30734E-06 2.00355E-08 6.47417E-10-7.24426E-07
 -1       191-6.92850E-06 2.08314E-06 2.07661E-06 2.00355E-08 5.82677E-10-7.24426E-07
 -1       192-6.15867E-06 1.85168E-06 1.84588E-06 2.00366E-08 5.17429E-10-7.24426E-07
 -1       193-5.38883E-06 1.62022E-06 1.61514E-06 2.00360E-08 4.51552E-10-7.24426E-07
 -1       194-4.61899E-06 1.38876E-06 1.38440E-06 2.00363E-08 3.82592E-10-7.24432E-07
 -1       195-3.84912E-06 1.15737E-06 1.15361E-06 1.99288E-08 3.53875E-10-7.24432E-07
 -1       196-3.07987E-06 9.25822E-07 9.23190E-07 1.97225E-08 3.83687E-10-7.24630E-07
 -1       197-2.30925E-06 6.95073E-07 6.92757E-07 1.99240E-08 1.24558E-09-7.23641E-07
 -1       198-1.50207E-06 4.56714E-07 4.50466E-07 2.71141E-08 2.86184E-09-7.30333E-07
 -1       199-7.64720E-07 2.00436E-07 1.63170E-07 5.03413E-09-7.91595E-09-6.98584E-07
 -1       200-4.48231E-07-9.06869E-08 6.63849E-07-4.40140E-09 2.04754E-07-6.39382E-07
 -1       201-1.48300E-05-6.80587E-11-1.05528E-10-6.16433E-07-2.55404E-12-5.85013E-06
 -1       202-1.63943E-05 4.05409E-06 6.32263E-06-3.40267E-07 1.31189E-07-1.37729E-06
 -1       203-1.73633E-05 5.14455E-06 5.23075E-06 2.82715E-08 4.97134E-08-9.92601E-07
 -1       204-1.63001E-05 4.93539E-06 4.86200E-06 4.07972E-08 2.45446E-08-7.20053E-07
 -1       205-1.54239E-05 4.66006E-06 4.60315E-06 2.18392E-08 3.03688E-09-6.79499E-07
 -1       206-1.46286E-05 4.41214E-06 4.37880E-06 1.40178E-08 1.03098E-09-6.70057E-07
 -1       207-1.38565E-05 4.17735E-06 4.14865E-06 1.30658E-08 6.43263E-10-6.70665E-07
 -1       208-1.30868E-05 3.94536E-06 3.91840E-06 1.30514E-08 8.02732E-10-6.71061E-07
 -1       209-1.23173E-05 3.71344E-06 3.68792E-06 1.31297E-08 7.84157E-10-6.71186E-07
 -1       210-1.15475E-05 3.48140E-06 3.45742E-06 1.31480E-08 7.42686E-10-6.71192E-07
 -1       211-1.07777E-05 3.24931E-06 3.22692E-06 1.31502E-08 6.92073E-10-6.71189E-07
 -1       212-1.00078E-05 3.01721E-06 2.99643E-06 1.31497E-08 6.42265E-10-6.71187E-07
 -1       213-9.23800E-06 2.78512E-06 2.76593E-06 1.31495E-08 5.92738E-10-6.71187E-07
 -1       214-8.46817E-06 2.55303E-06 2.53544E-06 1.31494E-08 5.43344E-10-6.71187E-07
 -1       215-7.69833E-06 2.32093E-06 2.30494E-06 1.31494E-08 4.93960E-10-6.71187E-07
 -1       216-6.92850E-06 2.08884E-06 2.07445E-06 1.31496E-08 4.44533E-10-6.71187E-07
 -1       217-6.15866E-06 1.85674E-06 1.84396E-06 1.31496E-08 3.95019E-10-6.71188E-07
 -1       218-5.38883E-06 1.62465E-06 1.61346E-06 1.31518E-08 3.44021E-10-6.71190E-07
 -1       219-4.61898E-06 1.39257E-06 1.38295E-06 1.31420E-08 2.97787E-10-6.71195E-07
 -1       220-3.84939E-06 1.16055E-06 1.15243E-06 1.31188E-08 2.50235E-10-6.71157E-07
 -1       221-3.08073E-06 9.28870E-07 9.22452E-07 1.28556E-08 2.85138E-10-6.70951E-07
 -1       222-2.31130E-06 6.96967E-07 6.92508E-07 1.33727E-08 1.02177E-09-6.69028E-07
 -1       223-1.50106E-06 4.56364E-07 4.54623E-07 1.55041E-08-1.26473E-09-6.59801E-07
 -1       224-7.56338E-07 1.83879E-07 1.62496E-07 1.45826E-08 1.10520E-08-6.33343E-07
 -1       225-4.36420E-07-2.45298E-08 6.12274E-07 1.40597E-08 3.47784E-08-5.91524E-07
 -1       226-1.48300E-05-6.80587E-11-1.05528E-10 6.16433E-07 2.55404E-12-5.85013E-06
 -1       227-1.63943E-05 4.05409E-06 6.32263E-06 3.40267E-07-1.31189E-07-1.37729E-06
 -1       228-1.73633E-05 5.14455E-06 5.23075E-06-2.82715E-08-4.97134E-08-9.92601E-07
 -1       229-1.63001E-05 4.93539E-06 4.86200E-06-4.07972E-08-2.45446E-08-7.20053E-07
 -1       230-1.54239E-05 4.66006E-06 4.60315E-06-2.18392E-08-3.03688E-09-6.79499E-07
 -1       231-1.46286E-05 4.41214E-06 4.37880E-06-1.40178E-08-1.03098E-09-6.70057E-07
 -1       232-1.38565E-05 4.17735E-06 4.14865E-06-1.30658E-08-6.43263E-10-6.70665E-07
 -1       233-1.30868E-05 3.94536E-06 3.91840E-06-1.30514E-08-8.02732E-10-6.71061E-07
 -1       234-1.23173E-05 3.71344E-06 3.68792E-06-1.31297E-08-7.84157E-10-6.71186E-07
 -1       235-1.15475E-05 3.48140E-06 3.45742E-06-1.31480E-08-7.42686E-10-6.71192E-07
 -1       236-1.07777E-05 3.24931E-06 3.22692E-06-1.31502E-08-6.92073E-10-6.71189E-07
 -1       237-1.00078E-05 3.01721E-06 2.99643E-06-1.31497E-08-6.42265E-10-6.71187E-07
 -1       238-9.23800E-06 2.78512E-06 2.76593E-06-1.31495E-08-5.92738E-10-6.71187E-07
 -1       239-8.46817E-06 2.55303E-06 2.53544E-06-1.31494E-08-5.43344E-10-6.71187E-07
 -1       240-7.69833E-06 2.32093E-06 2.30494E-06-1.31494E-08-4.93960E-10-6.71187E-07
 -1       241-6.92850E-06 2.08884E-06 2.07445E-06-1.31496E-08-4.44533E-10-6.71187E-07
 -1       242-6.15866E-06 1.85674E-06 1.84396E-06-1.31496E-08-3.95019E-10-6.71188E-07
 -1       243-5.38883E-06 1.62465E-06 1.61346E-06-1.31518E-08-3.44021E-10-6.71190E-07
 -1       244-4.61898E-06 1.39257E-06 1.38295E-06-1.31420E-08-2.97787E-10-6.71195E-07
 -1       245-3.84939E-06 1.16055E-06 1.15243E-06-1.31188E-08-2.50235E-10-6.71157E-07
 -1       246-3.08073E-06 9.28870E-07 9.22452E-07-1.28556E-08-2.85138E-10-6.70951E-07
 -1       247-2.31130E-06 6.96967E-07 6.92508E-07-1.33727E-08-1.02177E-09-6.69028E-07
 -1       248-1.50106E-06 4.56364E-07 4.54623E-07-1.55041E-08 1.26473E-09-6.59801E-07
 -1       249-7.56338E-07 1.83879E-07 1.62496E-07-1.45826E-08-1.10520E-08-6.33343E-07
 -1       250-4.36420E-07-2.45298E-08 6.12274E-07-1.40597E-08-3.47784E-08-5.91524E-07
 -1       251-1.50054E-05-8.25866E-11-1.03354E-10 1.97817E-06 5.18312E-12-5.21460E-06
 -1       252-1.65452E-05 4.88779E-06 6.08727E-06 5.30250E-07-2.13005E-07-9.98828E-07
 -1       253-1.72821E-05 5.01709E-06 5.14689E-06-2.26743E-08-1.34184E-07-7.32295E-07
 -1       254-1.61202E-05 4.86909E-06 4.81994E-06-7.47441E-08-3.28625E-08-7.07325E-07
 -1       255-1.53859E-05 4.63856E-06 4.60725E-06-3.22806E-08-6.90397E-09-7.20927E-07
 -1       256-1.46264E-05 4.39919E-06 4.38360E-06-2.19157E-08-6.31669E-10-7.23618E-07
 -1       257-1.38572E-05 4.16636E-06 4.15337E-06-1.98354E-08-8.34380E-10-7.24485E-07
 -1       258-1.30873E-05 3.93474E-06 3.92255E-06-1.98947E-08-1.01467E-09-7.24463E-07
 -1       259-1.23173E-05 3.70334E-06 3.69176E-06-1.99995E-08-1.03176E-09-7.24438E-07
 -1       260-1.15475E-05 3.47190E-06 3.46102E-06-2.00334E-08-9.73679E-10-7.24427E-07
 -1       261-1.07777E-05 3.24044E-06 3.23028E-06-2.00366E-08-9.07526E-10-7.24426E-07
 -1       262-1.00078E-05 3.00898E-06 2.99955E-06-2.00359E-08-8.41796E-10-7.24426E-07
 -1       263-9.23800E-06 2.77752E-06 2.76881E-06-2.00355E-08-7.76881E-10-7.24426E-07
 -1       264-8.46817E-06 2.54606E-06 2.53808E-06-2.00354E-08-7.12138E-10-7.24426E-07
 -1       265-7.69833E-06 2.31460E-06 2.30734E-06-2.00355E-08-6.47417E-10-7.24426E-07
 -1       266-6.92850E-06 2.08314E-06 2.07661E-06-2.00355E-08-5.82677E-10-7.24426E-07
 -1       267-6.15867E-06 1.85168E-06 1.84588E-06-2.00366E-08-5.17429E-10-7.24426E-07
 -1       268-5.38883E-06 1.62022E-06 1.61514E-06-2.00360E-08-4.51552E-10-7.24426E-07
 -1       269-4.61899E-06 1.38876E-06 1.38440E-06-2.00363E-08-3.82592E-10-7.24432E-07
 -1       270-3.84912E-06 1.15737E-06 1.15361E-06-1.99288E-08-3.53875E-10-7.24432E-07
 -1       271-3.07987E-06 9.25822E-07 9.23190E-07-1.97225E-08-3.83687E-10-7.24630E-07
 -1       272-2.30925E-06 6.95073E-07 6.92757E-07-1.99240E-08-1.24558E-09-7.23641E-07
 -1       273-1.50207E-06 4.56714E-07 4.50466E-07-2.71141E-08-2.86184E-09-7.30333E-07
 -1       274-7.64720E-07 2.00436E-07 1.63170E-07-5.03413E-09 7.91595E-09-6.98584E-07
 -1       275-4.48231E-07-9.06869E-08 6.63849E-07 4.40140E-09-2.04754E-07-6.39382E-07
 -1       276-1.66405E-05-9.36349E-11-1.01967E-10 3.74464E-06 1.46466E-12-3.53064E-06
 -1       277-1.66696E-05 5.52014E-06 5.96882E-06 7.36894E-07-1.23318E-06 5.51085E-07
 -1       278-1.64010E-05 4.85497E-06 4.90579E-06-1.10624E-07-9.43510E-07-4.68926E-07
 -1       279-1.59088E-05 4.84063E-06 4.78040E-06-5.74753E-08-8.53645E-07-7.82353E-07
 -1       280-1.53608E-05 4.62058E-06 4.57572E-06-5.89147E-08-7.89132E-07-8.72620E-07
 -1       281-1.46268E-05 4.39097E-06 4.35920E-06-5.12133E-08-7.45614E-07-8.79839E-07
 -1       282-1.38597E-05 4.15849E-06 4.12883E-06-5.07722E-08-7.06583E-07-8.78827E-07
 -1       283-1.30877E-05 3.92726E-06 3.89904E-06-5.05758E-08-6.67552E-07-8.78059E-07
 -1       284-1.23174E-05 3.69620E-06 3.66957E-06-5.06369E-08-6.28331E-07-8.77916E-07
 -1       285-1.15475E-05 3.46520E-06 3.44022E-06-5.06496E-08-5.89067E-07-8.77911E-07
 -1       286-1.07777E-05 3.23419E-06 3.21087E-06-5.06528E-08-5.49793E-07-8.77918E-07
 -1       287-1.00078E-05 3.00318E-06 2.98152E-06-5.06525E-08-5.10522E-07-8.77920E-07
 -1       288-9.23800E-06 2.77216E-06 2.75218E-06-5.06524E-08-4.71251E-07-8.77920E-07
 -1       289-8.46817E-06 2.54115E-06 2.52283E-06-5.06524E-08-4.31980E-07-8.77920E-07
 -1       290-7.69833E-06 2.31013E-06 2.29348E-06-5.06523E-08-3.92709E-07-8.77920E-07
 -1       291-6.92850E-06 2.07912E-06 2.06413E-06-5.06526E-08-3.53438E-07-8.77920E-07
 -1       292-6.15867E-06 1.84811E-06 1.83479E-06-5.06522E-08-3.14167E-07-8.77920E-07
 -1       293-5.38885E-06 1.61710E-06 1.60544E-06-5.06548E-08-2.74896E-07-8.77914E-07
 -1       294-4.61899E-06 1.38606E-06 1.37610E-06-5.06441E-08-2.35616E-07-8.77912E-07
 -1       295-3.84911E-06 1.15518E-06 1.14664E-06-5.06218E-08-1.96396E-07-8.77942E-07
 -1       296-3.07830E-06 9.23513E-07 9.17884E-07-5.03771E-08-1.57188E-07-8.78419E-07
 -1       297-2.30592E-06 6.94257E-07 6.86960E-07-5.10629E-08-1.17513E-07-8.79686E-07
 -1       298-1.47911E-06 4.54689E-07 4.45733E-07-5.97780E-08-8.83072E-08-8.89730E-07
 -1       299-7.45204E-07 2.14536E-07 9.95951E-08-4.06712E-08-1.56758E-08-9.95036E-07
 -1       300-4.51609E-07-1.59252E-07 1.05098E-06-4.93223E-08-3.22172E-07-1.03771E-06
 -1       301-5.46134E-06-3.11327E-11-3.09363E-11-1.26916E-06-2.83954E-12-2.35920E-06
 -1       302-5.49390E-06 1.88592E-06 1.83038E-06-2.56384E-07 1.28964E-06 6.32136E-07
 -1       303-5.47828E-06 1.60759E-06 1.74721E-06 5.82475E-08 1.02584E-06-8.60127E-07
 -1       304-5.32255E-06 1.62527E-06 1.57012E-06 2.23191E-08 8.39521E-07-1.23111E-06
 -1       305-5.10951E-06 1.53975E-06 1.52593E-06 1.94382E-08 7.66261E-07-1.33093E-06
 -1       306-4.87623E-06 1.46805E-06 1.45153E-06 1.49588E-08 7.23268E-07-1.34872E-06
 -1       307-4.61984E-06 1.38907E-06 1.37549E-06 1.52080E-08 6.85004E-07-1.34743E-06
 -1       308-4.36267E-06 1.31212E-06 1.29876E-06 1.50628E-08 6.47358E-07-1.34636E-06
 -1       309-4.10579E-06 1.23485E-06 1.22234E-06 1.51105E-08 6.09339E-07-1.34609E-06
 -1       310-3.84916E-06 1.15769E-06 1.14594E-06 1.51097E-08 5.71269E-07-1.34609E-06
 -1       311-3.59255E-06 1.08051E-06 1.06954E-06 1.51124E-08 5.33181E-07-1.34609E-06
 -1       312-3.33594E-06 1.00333E-06 9.93149E-07 1.51118E-08 4.95096E-07-1.34610E-06
 -1       313-3.07933E-06 9.26149E-07 9.16753E-07 1.51119E-08 4.57011E-07-1.34610E-06
 -1       314-2.82272E-06 8.48970E-07 8.40357E-07 1.51118E-08 4.18927E-07-1.34610E-06
 -1       315-2.56611E-06 7.71791E-07 7.63961E-07 1.51118E-08 3.80843E-07-1.34610E-06
 -1       316-2.30950E-06 6.94611E-07 6.87565E-07 1.51118E-08 3.42759E-07-1.34610E-06
 -1       317-2.05289E-06 6.17433E-07 6.11168E-07 1.51119E-08 3.04674E-07-1.34610E-06
 -1       318-1.79628E-06 5.40250E-07 5.34777E-07 1.51128E-08 2.66586E-07-1.34609E-06
 -1       319-1.53968E-06 4.63093E-07 4.58359E-07 1.51093E-08 2.28507E-07-1.34608E-06
 -1       320-1.28294E-06 3.85831E-07 3.82019E-07 1.50896E-08 1.90400E-07-1.34616E-06
 -1       321-1.02705E-06 3.08902E-07 3.05475E-07 1.49212E-08 1.52777E-07-1.34604E-06
 -1       322-7.64154E-07 2.31302E-07 2.31316E-07 1.61906E-08 1.14548E-07-1.35217E-06
 -1       323-4.78913E-07 1.50612E-07 1.33599E-07 1.46589E-08 8.34030E-08-1.37715E-06
 -1       324-2.42008E-07 7.06291E-08 3.48757E-08 1.83984E-08 2.01203E-08-1.46295E-06
 -1       325-1.54885E-07-8.38623E-08 3.98094E-07 2.95828E-08 3.00783E-07-1.43354E-06
 -1       326-4.92882E-06-2.75491E-11-3.11576E-11-6.65659E-07-6.74279E-12-4.04076E-06
 -1       327-5.44428E-06 1.65878E-06 1.83413E-06-1.76128E-07 2.76378E-07-1.22967E-06
 -1       328-5.76516E-06 1.67336E-06 1.81146E-06 2.69415E-08 2.44959E-07-1.19156E-06
 -1       329-5.40279E-06 1.62783E-06 1.59236E-06 2.85649E-08 4.87060E-08-1.14271E-06
 -1       330-5.11940E-06 1.54327E-06 1.54028E-06 8.75930E-09 1.39769E-10-1.14516E-06
 -1       331-4.87566E-06 1.46592E-06 1.46484E-06 4.14856E-09-8.11148E-09-1.15543E-06
 -1       332-4.61916E-06 1.38775E-06 1.38819E-06 3.44850E-09-7.55497E-09-1.15647E-06
 -1       333-4.36245E-06 1.31071E-06 1.31095E-06 3.49184E-09-6.74170E-09-1.15644E-06
 -1       334-4.10578E-06 1.23360E-06 1.23382E-06 3.52987E-09-6.21919E-09-1.15636E-06
 -1       335-3.84917E-06 1.15651E-06 1.15670E-06 3.54461E-09-5.81848E-09-1.15635E-06
 -1       336-3.59256E-06 1.07941E-06 1.07959E-06 3.54520E-09-5.43282E-09-1.15635E-06
 -1       337-3.33594E-06 1.00231E-06 1.00247E-06 3.54504E-09-5.04625E-09-1.15635E-06
 -1       338-3.07933E-06 9.25212E-07 9.25361E-07 3.54485E-09-4.65835E-09-1.15635E-06
 -1       339-2.82272E-06 8.48111E-07 8.48247E-07 3.54483E-09-4.27016E-09-1.15635E-06
 -1       340-2.56611E-06 7.71010E-07 7.71134E-07 3.54481E-09-3.88193E-09-1.15635E-06
 -1       341-2.30950E-06 6.93909E-07 6.94020E-07 3.54495E-09-3.49380E-09-1.15635E-06
 -1       342-2.05289E-06 6.16808E-07 6.16907E-07 3.54487E-09-3.10609E-09-1.15635E-06
 -1       343-1.79628E-06 5.39706E-07 5.39794E-07 3.54688E-09-2.72132E-09-1.15635E-06
 -1       344-1.53965E-06 4.62614E-07 4.62677E-07 3.53975E-09-2.33367E-09-1.15636E-06
 -1       345-1.28304E-06 3.85488E-07 3.85536E-07 3.51514E-09-1.92569E-09-1.15635E-06
 -1       346-1.02738E-06 3.08584E-07 3.08568E-07 3.32920E-09-1.10113E-09-1.15628E-06
 -1       347-7.66511E-07 2.31355E-07 2.32665E-07 4.05349E-09-1.18047E-10-1.15658E-06
 -1       348-4.85729E-07 1.50503E-07 1.41448E-07 3.06448E-09 3.49166E-09-1.17988E-06
 -1       349-2.46317E-07 6.94309E-08 4.26946E-08-2.70027E-09 1.24079E-08-1.13318E-06
 -1       350-1.54188E-07-5.16892E-08 2.97486E-07-3.09614E-09 2.10176E-07-9.86967E-07
 -1       351-4.84933E-06-2.28322E-11-3.14580E-11-2.07535E-07-3.41927E-12-4.64929E-06
 -1       352-5.38135E-06 1.36437E-06 1.87631E-06-1.05883E-07 1.68303E-07-1.81005E-06
 -1       353-5.80363E-06 1.72541E-06 1.86611E-06 1.99757E-08 1.01429E-07-1.56220E-06
 -1       354-5.47779E-06 1.64615E-06 1.60440E-06 1.38951E-08 3.59021E-08-1.16509E-06
 -1       355-5.13415E-06 1.54860E-06 1.53787E-06 6.02124E-09 2.55426E-11-1.07825E-06
 -1       356-4.87674E-06 1.46624E-06 1.46097E-06 2.32094E-09-3.40920E-09-1.07105E-06
 -1       357-4.61873E-06 1.38810E-06 1.38475E-06 2.19553E-09-3.54175E-09-1.07165E-06
 -1       358-4.36230E-06 1.31103E-06 1.30776E-06 2.14206E-09-3.09605E-09-1.07227E-06
 -1       359-4.10574E-06 1.23397E-06 1.23086E-06 2.18815E-09-2.85169E-09-1.07241E-06
 -1       360-3.84917E-06 1.15686E-06 1.15392E-06 2.19086E-09-2.66306E-09-1.07243E-06
 -1       361-3.59256E-06 1.07974E-06 1.07699E-06 2.19269E-09-2.48702E-09-1.07242E-06
 -1       362-3.33594E-06 1.00261E-06 1.00007E-06 2.19220E-09-2.31005E-09-1.07242E-06
 -1       363-3.07933E-06 9.25490E-07 9.23138E-07 2.19218E-09-2.13255E-09-1.07242E-06
 -1       364-2.82272E-06 8.48366E-07 8.46210E-07 2.19214E-09-1.95484E-09-1.07242E-06
 -1       365-2.56611E-06 7.71242E-07 7.69282E-07 2.19217E-09-1.77711E-09-1.07242E-06
 -1       366-2.30950E-06 6.94117E-07 6.92354E-07 2.19213E-09-1.59940E-09-1.07242E-06
 -1       367-2.05289E-06 6.16993E-07 6.15425E-07 2.19255E-09-1.42223E-09-1.07242E-06
 -1       368-1.79627E-06 5.39869E-07 5.38498E-07 2.19203E-09-1.24503E-09-1.07243E-06
 -1       369-1.53966E-06 4.62744E-07 4.61556E-07 2.19342E-09-1.07377E-09-1.07244E-06
 -1       370-1.28314E-06 3.85662E-07 3.84643E-07 2.16506E-09-8.50232E-10-1.07238E-06
 -1       371-1.02759E-06 3.08702E-07 3.07855E-07 2.10167E-09-5.62792E-10-1.07153E-06
 -1       372-7.67614E-07 2.31675E-07 2.32353E-07 2.32009E-09 5.16773E-10-1.07107E-06
 -1       373-4.88412E-07 1.50663E-07 1.43347E-07 2.16871E-09-8.79924E-10-1.07484E-06
 -1       374-2.47240E-07 6.71667E-08 4.45159E-08-1.03510E-09 2.16431E-08-1.02502E-06
 -1       375-1.52618E-07-5.52911E-09 2.51280E-07-2.59710E-09 3.34449E-08-8.98207E-07
 -1       376-4.84933E-06-2.28322E-11-3.14580E-11 2.07535E-07 3.41927E-12-4.64929E-06
 -1       377-5.38135E-06 1.36437E-06 1.87631E-06 1.05883E-07-1.68303E-07-1.81005E-06
 -1       378-5.80363E-06 1.72541E-06 1.86611E-06-1.99757E-08-1.01429E-07-1.56220E-06
 -1       379-5.47779E-06 1.64615E-06 1.60440E-06-1.38951E-08-3.59021E-08-1.16509E-06
 -1       380-5.13415E-06 1.54860E-06 1.53787E-06-6.02124E-09-2.55426E-11-1.07825E-06
 -1       381-4.87674E-06 1.46624E-06 1.46097E-06-2.32094E-09 3.40920E-09-1.07105E-06
 -1       382-4.61873E-06 1.38810E-06 1.38475E-06-2.19553E-09 3.54175E-09-1.07165E-06
 -1       383-4.36230E-06 1.31103E-06 1.30776E-06-2.14206E-09 3.09605E-09-1.07227E-06
 -1       384-4.10574E-06 1.23397E-06 1.23086E-06-2.18815E-09 2.85169E-09-1.07241E-06
 -1       385-3.84917E-06 1.15686E-06 1.15392E-06-2.19086E-09 2.66306E-09-1.07243E-06
 -1       386-3.59256E-06 1.07974E-06 1.07699E-06-2.19269E-09 2.48702E-09-1.07242E-06
 -1       387-3.33594E-06 1.00261E-06 1.00007E-06-2.19220E-09 2.31005E-09-1.07242E-06
 -1       388-3.07933E-06 9.25490E-07 9.23138E-07-2.19218E-09 2.13255E-09-1.07242E-06
 -1       389-2.82272E-06 8.48366E-07 8.46210E-07-2.19214E-09 1.95484E-09-1.07242E-06
 -1       390-2.56611E-06 7.71242E-07 7.69282E-07-2.19217E-09 1.77711E-09-1.07242E-06
 -1       391-2.30950E-06 6.94117E-07 6.92354E-07-2.19213E-09 1.59940E-09-1.07242E-06
 -1       392-2.05289E-06 6.16993E-07 6.15425E-07-2.19255E-09 1.42223E-09-1.07242E-06
 -1       393-1.79627E-06 5.39869E-07 5.38498E-07-2.19203E-09 1.24503E-09-1.07243E-06
 -1       394-1.53966E-06 4.62744E-07 4.61556E-07-2.19342E-09 1.07377E-09-1.07244E-06
 -1       395-1.28314E-06 3.85662E-07 3.84643E-07-2.16506E-09 8.50232E-10-1.07238E-06
 -1       396-1.02759E-06 3.08702E-07 3.07855E-07-2.10167E-09 5.62792E-10-1.07153E-06
 -1       397-7.67614E-07 2.31675E-07 2.32353E-07-2.32009E-09-5.16773E-10-1.07107E-06
 -1       398-4.88412E-07 1.50663E-07 1.43347E-07-2.16871E-09 8.79924E-10-1.07484E-06
 -1       399-2.47240E-07 6.71667E-08 4.45159E-08 1.03510E-09-2.16431E-08-1.02502E-06
 -1       400-1.52618E-07-5.52911E-09 2.51280E-07 2.59710E-09-3.34449E-08-8.98207E-07
 -1       401-4.92882E-06-2.75491E-11-3.11576E-11 6.65659E-07 6.74279E-12-4.04076E-06
 -1       402-5.44428E-06 1.65878E-06 1.83413E-06 1.76128E-07-2.76378E-07-1.22967E-06
 -1       403-5.76516E-06 1.67336E-06 1.81146E-06-2.69415E-08-2.44959E-07-1.19156E-06
 -1       404-5.40279E-06 1.62783E-06 1.59236E-06-2.85649E-08-4.87060E-08-1.14271E-06
 -1       405-5.11940E-06 1.54327E-06 1.54028E-06-8.75930E-09-1.39769E-10-1.14516E-06
 -1       406-4.87566E-06 1.46592E-06 1.46484E-06-4.14856E-09 8.11148E-09-1.15543E-06
 -1       407-4.61916E-06 1.38775E-06 1.38819E-06-3.44850E-09 7.55497E-09-1.15647E-06
 -1       408-4.36245E-06 1.31071E-06 1.31095E-06-3.49184E-09 6.74170E-09-1.15644E-06
 -1       409-4.10578E-06 1.23360E-06 1.23382E-06-3.52987E-09 6.21919E-09-1.15636E-06
 -1       410-3.84917E-06 1.15651E-06 1.15670E-06-3.54461E-09 5.81848E-09-1.15635E-06
 -1       411-3.59256E-06 1.07941E-06 1.07959E-06-3.54520E-09 5.43282E-09-1.15635E-06
 -1       412-3.33594E-06 1.00231E-06 1.00247E-06-3.54504E-09 5.04625E-09-1.15635E-06
 -1       413-3.07933E-06 9.25212E-07 9.25361E-07-3.54485E-09 4.65835E-09-1.15635E-06
 -1       414-2.82272E-06 8.48111E-07 8.48247E-07-3.54483E-09 4.27016E-09-1.15635E-06
 -1       415-2.56611E-06 7.71010E-07 7.71134E-07-3.54481E-09 3.88193E-09-1.15635E-06
 -1       416-2.30950E-06 6.93909E-07 6.94020E-07-3.54495E-09 3.49380E-09-1.15635E-06
 -1       417-2.05289E-06 6.16808E-07 6.16907E-07-3.54487E-09 3.10609E-09-1.15635E-06
 -1       418-1.79628E-06 5.39706E-07 5.39794E-07-3.54688E-09 2.72132E-09-1.15635E-06
 -1       419-1.53965E-06 4.62614E-07 4.62677E-07-3.53975E-09 2.33367E-09-1.15636E-06
 -1       420-1.28304E-06 3.85488E-07 3.85536E-07-3.51514E-09 1.92569E-09-1.15635E-06
 -1       421-1.02738E-06 3.08584E-07 3.08568E-07-3.32920E-09 1.10113E-09-1.15628E-06
 -1       422-7.66511E-07 2.31355E-07 2.32665E-07-4.05349E-09 1.18047E-10-1.15658E-06
 -1       423-4.85729E-07 1.50503E-07 1.41448E-07-3.06448E-09-3.49166E-09-1.17988E-06
 -1       424-2.46317E-07 6.94309E-08 4.26946E-08 2.70027E-09-1.24079E-08-1.13318E-06
 -1       425-1.54188E-07-5.16892E-08 2.97486E-07 3.09614E-09-2.10176E-07-9.86967E-07
 -1       426-5.46134E-06-3.11327E-11-3.09363E-11 1.26916E-06 2.83954E-12-2.35920E-06
 -1       427-5.49390E-06 1.88592E-06 1.83038E-06 2.56384E-07-1.28964E-06 6.32136E-07
 -1       428-5.47828E-06 1.60759E-06 1.74721E-06-5.82475E-08-1.02584E-06-8.60127E-07
 -1       429-5.32255E-06 1.62527E-06 1.57012E-06-2.23191E-08-8.39521E-07-1.23111E-06
 -1       430-5.10951E-06 1.53975E-06 1.52593E-06-1.94382E-08-7.66261E-07-1.33093E-06
 -1       431-4.87623E-06 1.46805E-06 1.45153E-06-1.49588E-08-7.23268E-07-1.34872E-06
 -1       432-4.61984E-06 1.38907E-06 1.37549E-06-1.52080E-08-6.85004E-07-1.34743E-06
 -1       433-4.36267E-06 1.31212E-06 1.29876E-06-1.50628E-08-6.47358E-07-1.34636E-06
 -1       434-4.10579E-06 1.23485E-06 1.22234E-06-1.51105E-08-6.09339E-07-1.34609E-06
 -1       435-3.84916E-06 1.15769E-06 1.14594E-06-1.51097E-08-5.71269E-07-1.34609E-06
 -1       436-3.59255E-06 1.08051E-06 1.06954E-06-1.51124E-08-5.33181E-07-1.34609E-06
 -1       437-3.33594E-06 1.00333E-06 9.93149E-07-1.51118E-08-4.95096E-07-1.34610E-06
 -1       438-3.07933E-06 9.26149E-07 9.16753E-07-1.51119E-08-4.57011E-07-1.34610E-06
 -1       439-2.82272E-06 8.48970E-07 8.40357E-07-1.51118E-08-4.18927E-07-1.34610E-06
 -1       440-2.56611E-06 7.71791E-07 7.63961E-07-1.51118E-08-3.80843E-07-1.34610E-06
 -1       441-2.30950E-06 6.94611E-07 6.87565E-07-1.51118E-08-3.42759E-07-1.34610E-06
 -1       442-2.05289E-06 6.17433E-07 6.11168E-07-1.51119E-08-3.04674E-07-1.34610E-06
 -1       443-1.79628E-06 5.40250E-07 5.34777E-07-1.51128E-08-2.66586E-07-1.34609E-06
 -1       444-1.53968E-06 4.63093E-07 4.58359E-07-1.51093E-08-2.28507E-07-1.34608E-06
 -1       445-1.28294E-06 3.85831E-07 3.82019E-07-1.50896E-08-1.90400E-07-1.34616E-06
 -1       446-1.02705E-06 3.08902E-07 3.05475E-07-1.49212E-08-1.52777E-07-1.34604E-06
 -1       447-7.64154E-07 2.31302E-07 2.31316E-07-1.61906E-08-1.14548E-07-1.35217E-06
 -1       448-4.78913E-07 1.50612E-07 1.33599E-07-1.46589E-08-8.34030E-08-1.37715E-06
 -1       449-2.42008E-07 7.06291E-08 3.48757E-08-1.83984E-08-2.01203E-08-1.46295E-06
 -1       450-1.54885E-07-8.38623E-08 3.98094E-07-2.95828E-08-3.00783E-07-1.43354E-06
 -1       451 5.46134E-06 3.11327E-11 3.09363E-11 1.26916E-06-2.83954E-12-2.35920E-06
 -1       452 5.49390E-06-1.88592E-06-1.83038E-06 2.56384E-07 1.28964E-06 6.32136E-07
 -1       453 5.47828E-06-1.60759E-06-1.74721E-06-5.82475E-08 1.02584E-06-8.60127E-07
 -1       454 5.32255E-06-1.62527E-06-1.57012E-06-2.23191E-08 8.39521E-07-1.23111E-06
 -1       455 5.10951E-06-1.53975E-06-1.52593E-06-1.94382E-08 7.66261E-07-1.33093E-06
 -1       456 4.87623E-06-1.46805E-06-1.45153E-06-1.49588E-08 7.23268E-07-1.34872E-06
 -1       457 4.61984E-06-1.38907E-06-1.37549E-06-1.52080E-08 6.85004E-07-1.34743E-06
 -1       458 4.36267E-06-1.31212E-06-1.29876E-06-1.50628E-08 6.47358E-07-1.34636E-06
 -1       459 4.10579E-06-1.23485E-06-1.22234E-06-1.51105E-08 6.09339E-07-1.34609E-06
 -1       460 3.84916E-06-1.15769E-06-1.14594E-06-1.51097E-08 5.71269E-07-1.34609E-06
 -1       461 3.59255E-06-1.08051E-06-1.06954E-06-1.51124E-08 5.33181E-07-1.34609E-06
 -1       462 3.33594E-06-1.00333E-06-9.93149E-07-1.51118E-08 4.95096E-07-1.34610E-06
 -1       463 3.07933E-06-9.26149E-07-9.16753E-07-1.51119E-08 4.57011E-07-1.34610E-06
 -1       464 2.82272E-06-8.48970E-07-8.40357E-07-1.51118E-08 4.18927E-07-1.34610E-06
 -1       465 2.56611E-06-7.71791E-07-7.63961E-07-1.51118E-08 3.80843E-07-1.34610E-06
 -1       466 2.30950E-06-6.94611E-07-6.87565E-07-1.51118E-08 3.42759E-07-1.34610E-06
 -1       467 2.05289E-06-6.17433E-07-6.11168E-07-1.51119E-08 3.04674E-07-1.34610E-06
 -1       468 1.79628E-06-5.40250E-07-5.34777E-07-1.51128E-08 2.66586E-07-1.34609E-06
 -1       469 1.53968E-06-4.63093E-07-4.58359E-07-1.51093E-08 2.28507E-07-1.34608E-06
 -1       470 1.28294E-06-3.85831E-07-3.82019E-07-1.50896E-08 1.90400E-07-1.34616E-06
 -1       471 1.02705E-06-3.08902E-07-3.05475E-07-1.49212E-08 1.52777E-07-1.34604E-06
 -1       472 7.64154E-07-2.31302E-07-2.31316E-07-1.61906E-08 1.14548E-07-1.35217E-06
 -1       473 4.78913E-07-1.50612E-07-1.33599E-07-1.46589E-08 8.34030E-08-1.37715E-06
 -1       474 2.42008E-07-7.06291E-08-3.48757E-08-1.83984E-08 2.01203E-08-1.46295E-06
 -1       475 1.54885E-07 8.38623E-08-3.98094E-07-2.95828E-08 3.00783E-07-1.43354E-06
 -1       476 4.92882E-06 2.75491E-11 3.11576E-11 6.65659E-07-6.74279E-12-4.04076E-06
 -1       477 5.44428E-06-1.65878E-06-1.83413E-06 1.76128E-07 2.76378E-07-1.22967E-06
 -1       478 5.76516E-06-1.67336E-06-1.81146E-06-2.69415E-08 2.44959E-07-1.19156E-06
 -1       479 5.40279E-06-1.62783E-06-1.59236E-06-2.85649E-08 4.87060E-08-1.14271E-06
 -1       480 5.11940E-06-1.54327E-06-1.54028E-06-8.75930E-09 1.39769E-10-1.14516E-06
 -1       481 4.87566E-06-1.46592E-06-1.46484E-06-4.14856E-09-8.11148E-09-1.15543E-06
 -1       482 4.61916E-06-1.38775E-06-1.38819E-06-3.44850E-09-7.55497E-09-1.15647E-06
 -1       483 4.36245E-06-1.31071E-06-1.31095E-06-3.49184E-09-6.74170E-09-1.15644E-06
 -1       484 4.10578E-06-1.23360E-06-1.23382E-06-3.52987E-09-6.21919E-09-1.15636E-06
 -1       485 3.84917E-06-1.15651E-06-1.15670E-06-3.54461E-09-5.81848E-09-1.15635E-06
 -1       486 3.59256E-06-1.07941E-06-1.07959E-06-3.54520E-09-5.43282E-09-1.15635E-06
 -1       487 3.33594E-06-1.00231E-06-1.00247E-06-3.54504E-09-5.04625E-09-1.15635E-06
 -1       488 3.07933E-06-9.25212E-07-9.25361E-07-3.54485E-09-4.65835E-09-1.15635E-06
 -1       489 2.82272E-06-8.48111E-07-8.48247E-07-3.54483E-09-4.27016E-09-1.15635E-06
 -1       490 2.56611E-06-7.71010E-07-7.71134E-07-3.54481E-09-3.88193E-09-1.15635E-06
 -1       491 2.30950E-06-6.93909E-07-6.94020E-07-3.54495E-09-3.49380E-09-1.15635E-06
 -1       492 2.05289E-06-6.16808E-07-6.16907E-07-3.54487E-09-3.10609E-09-1.15635E-06
 -1       493 1.79628E-06-5.39706E-07-5.39794E-07-3.54688E-09-2.72132E-09-1.15635E-06
 -1       494 1.53965E-06-4.62614E-07-4.62677E-07-3.53975E-09-2.33367E-09-1.15636E-06
 -1       495 1.28304E-06-3.85488E-07-3.85536E-07-3.51514E-09-1.92569E-09-1.15635E-06
 -1       496 1.02738E-06-3.08584E-07-3.08568E-07-3.32920E-09-1.10113E-09-1.15628E-06
 -1       497 7.66511E-07-2.31355E-07-2.32665E-07-4.05349E-09-1.18047E-10-1.15658E-06
 -1       498 4.85729E-07-1.50503E-07-1.41448E-07-3.06448E-09 3.49166E-09-1.17988E-06
 -1       499 2.46317E-07-6.94309E-08-4.26946E-08 2.70027E-09 1.24079E-08-1.13318E-06
 -1       500 1.54188E-07 5.16892E-08-2.97486E-07 3.09614E-09 2.10176E-07-9.86967E-07
 -1       501 4.84933E-06 2.28322E-11 3.14580E-11 2.07535E-07-3.41927E-12-4.64929E-06
 -1       502 5.38135E-06-1.36437E-06-1.87631E-06 1.05883E-07 1.68303E-07-1.81005E-06
 -1       503 5.80363E-06-1.72541E-06-1.86611E-06-1.99757E-08 1.01429E-07-1.56220E-06
 -1       504 5.47779E-06-1.64615E-06-1.60440E-06-1.38951E-08 3.59021E-08-1.16509E-06
 -1       505 5.13415E-06-1.54860E-06-1.53787E-06-6.02124E-09 2.55426E-11-1.07825E-06
 -1       506 4.87674E-06-1.46624E-06-1.46097E-06-2.32094E-09-3.40920E-09-1.07105E-06
 -1       507 4.61873E-06-1.38810E-06-1.38475E-06-2.19553E-09-3.54175E-09-1.07165E-06
 -1       508 4.36230E-06-1.31103E-06-1.30776E-06-2.14206E-09-3.09605E-09-1.07227E-06
 -1       509 4.10574E-06-1.23397E-06-1.23086E-06-2.18815E-09-2.85169E-09-1.07241E-06
 -1       510 3.84917E-06-1.15686E-06-1.15392E-06-2.19086E-09-2.66306E-09-1.07243E-06
 -1       511 3.59256E-06-1.07974E-06-1.07699E-06-2.19269E-09-2.48702E-09-1.07242E-06
 -1       512 3.33594E-06-1.00261E-06-1.00007E-06-2.19220E-09-2.31005E-09-1.07242E-06
 -1       513 3.07933E-06-9.25490E-07-9.23138E-07-2.19218E-09-2.13255E-09-1.07242E-06
 -1       514 2.82272E-06-8.48366E-07-8.46210E-07-2.19214E-09-1.95484E-09-1.07242E-06
 -1       515 2.56611E-06-7.71242E-07-7.69282E-07-2.19217E-09-1.77711E-09-1.07242E-06
 -1       516 2.30950E-06-6.94117E-07-6.92354E-07-2.19213E-09-1.59940E-09-1.07242E-06
 -1       517 2.05289E-06-6.16993E-07-6.15425E-07-2.19255E-09-1.42223E-09-1.07242E-06
 -1       518 1.79627E-06-5.39869E-07-5.38498E-07-2.19203E-09-1.24503E-09-1.07243E-06
 -1       519 1.53966E-06-4.62744E-07-4.61556E-07-2.19342E-09-1.07377E-09-1.07244E-06
 -1       520 1.28314E-06-3.85662E-07-3.84643E-07-2.16506E-09-8.50232E-10-1.07238E-06
 -1       521 1.02759E-06-3.08702E-07-3.07855E-07-2.10167E-09-5.62792E-10-1.07153E-06
 -1       522 7.67614E-07-2.31675E-07-2.32353E-07-2.32009E-09 5.16773E-10-1.07107E-06
 -1       523 4.88412E-07-1.50663E-07-1.43347E-07-2.16871E-09-8.79924E-10-1.07484E-06
 -1       524 2.47240E-07-6.71667E-08-4.45159E-08 1.03510E-09 2.16431E-08-1.02502E-06
 -1       525 1.52618E-07 5.52911E-09-2.51280E-07 2.59710E-09 3.34449E-08-8.98207E-07
 -1       526 4.84933E-06 2.28322E-11 3.14580E-11-2.07535E-07 3.41927E-12-4.64929E-06
 -1       527 5.38135E-06-1.36437E-06-1.87631E-06-1.05883E-07-1.68303E-07-1.81005E-06
 -1       528 5.80363E-06-1.72541E-06-1.86611E-06 1.99757E-08-1.01429E-07-1.56220E-06
 -1       529 5.47779E-06-1.64615E-06-1.60440E-06 1.38951E-08-3.59021E-08-1.16509E-06
 -1       530 5.13415E-06-1.54860E-06-1.53787E-06 6.02124E-09-2.55426E-11-1.07825E-06
 -1       531 4.87674E-06-1.46624E-06-1.46097E-06 2.32094E-09 3.40920E-09-1.07105E-06
 -1       532 4.61873E-06-1.38810E-06-1.38475E-06 2.19553E-09 3.54175E-09-1.07165E-06
 -1       533 4.36230E-06-1.31103E-06-1.30776E-06 2.14206E-09 3.09605E-09-1.07227E-06
 -1       534 4.10574E-06-1.23397E-06-1.23086E-06 2.18815E-09 2.85169E-09-1.07241E-06
 -1       535 3.84917E-06-1.15686E-06-1.15392E-06 2.19086E-09 2.66306E-09-1.07243E-06
 -1       536 3.59256E-06-1.07974E-06-1.07699E-06 2.19269E-09 2.48702E-09-1.07242E-06
 -1       537 3.33594E-06-1.00261E-06-1.00007E-06 2.19220E-09 2.31005E-09-1.07242E-06
 -1       538 3.07933E-06-9.25490E-07-9.23138E-07 2.19218E-09 2.13255E-09-1.07242E-06
 -1       539 2.82272E-06-8.48366E-07-8.46210E-07 2.19214E-09 1.95484E-09-1.07242E-06
 -1       540 2.56611E-06-7.71242E-07-7.69282E-07 2.19217E-09 1.77711E-09-1.07242E-06
 -1       541 2.30950E-06-6.94117E-07-6.92354E-07 2.19213E-09 1.59940E-09-1.07242E-06
 -1       542 2.05289E-06-6.16993E-07-6.15425E-07 2.19255E-09 1.42223E-09-1.07242E-06
 -1       543 1.79627E-06-5.39869E-07-5.38498E-07 2.19203E-09 1.24503E-09-1.07243E-06
 -1       544 1.53966E-06-4.62744E-07-4.61556E-07 2.19342E-09 1.07377E-09-1.07244E-06
 -1       545 1.28314E-06-3.85662E-07-3.84643E-07 2.16506E-09 8.50232E-10-1.07238E-06
 -1       546 1.02759E-06-3.08702E-07-3.07855E-07 2.10167E-09 5.62792E-10-1.07153E-06
 -1       547 7.67614E-07-2.31675E-07-2.32353E-07 2.32009E-09-5.16773E-10-1.07107E-06
 -1       548 4.88412E-07-1.50663E-07-1.43347E-07 2.16871E-09 8.79924E-10-1.07484E-06
 -1       549 2.47240E-07-6.71667E-08-4.45159E-08-1.03510E-09-2.16431E-08-1.02502E-06
 -1       550 1.52618E-07 5.52911E-09-2.51280E-07-2.59710E-09-3.34449E-08-8.98207E-07
 -1       551 4.92882E-06 2.75491E-11 3.11576E-11-6.65659E-07 6.74279E-12-4.04076E-06
 -1       552 5.44428E-06-1.65878E-06-1.83413E-06-1.76128E-07-2.76378E-07-1.22967E-06
 -1       553 5.76516E-06-1.67336E-06-1.81146E-06 2.69415E-08-2.44959E-07-1.19156E-06
 -1       554 5.40279E-06-1.62783E-06-1.59236E-06 2.85649E-08-4.87060E-08-1.14271E-06
 -1       555 5.11940E-06-1.54327E-06-1.54028E-06 8.75930E-09-1.39769E-10-1.14516E-06
 -1       556 4.87566E-06-1.46592E-06-1.46484E-06 4.14856E-09 8.11148E-09-1.15543E-06
 -1       557 4.61916E-06-1.38775E-06-1.38819E-06 3.44850E-09 7.55497E-09-1.15647E-06
 -1       558 4.36245E-06-1.31071E-06-1.31095E-06 3.49184E-09 6.74170E-09-1.15644E-06
 -1       559 4.10578E-06-1.23360E-06-1.23382E-06 3.52987E-09 6.21919E-09-1.15636E-06
 -1       560 3.84917E-06-1.15651E-06-1.15670E-06 3.54461E-09 5.81848E-09-1.15635E-06
 -1       561 3.59256E-06-1.07941E-06-1.07959E-06 3.54520E-09 5.43282E-09-1.15635E-06
 -1       562 3.33594E-06-1.00231E-06-1.00247E-06 3.54504E-09 5.04625E-09-1.15635E-06
 -1       563 3.07933E-06-9.25212E-07-9.25361E-07 3.54485E-09 4.65835E-09-1.15635E-06
 -1       564 2.82272E-06-8.48111E-07-8.48247E-07 3.54483E-09 4.27016E-09-1.15635E-06
 -1       565 2.56611E-06-7.71010E-07-7.71134E-07 3.54481E-09 3.88193E-09-1.15635E-06
 -1       566 2.30950E-06-6.93909E-07-6.94020E-07 3.54495E-09 3.49380E-09-1.15635E-06
 -1       567 2.05289E-06-6.16808E-07-6.16907E-07 3.54487E-09 3.10609E-09-1.15635E-06
 -1       568 1.79628E-06-5.39706E-07-5.39794E-07 3.54688E-09 2.72132E-09-1.15635E-06
 -1       569 1.53965E-06-4.62614E-07-4.62677E-07 3.53975E-09 2.33367E-09-1.15636E-06
 -1       570 1.28304E-06-3.85488E-07-3.85536E-07 3.51514E-09 1.92569E-09-1.15635E-06
 -1       571 1.02738E-06-3.08584E-07-3.08568E-07 3.32920E-09 1.10113E-09-1.15628E-06
 -1       572 7.66511E-07-2.31355E-07-2.32665E-07 4.05349E-09 1.18047E-10-1.15658E-06
 -1       573 4.85729E-07-1.50503E-07-1.41448E-07 3.06448E-09-3.49166E-09-1.17988E-06
 -1       574 2.46317E-07-6.94309E-08-4.26946E-08-2.70027E-09-1.24079E-08-1.13318E-06
 -1       575 1.54188E-07 5.16892E-08-2.97486E-07-3.09614E-09-2.10176E-07-9.86967E-07
 -1       576 5.46134E-06 3.11327E-11 3.09363E-11-1.26916E-06 2.83954E-12-2.35920E-06
 -1       577 5.49390E-06-1.88592E-06-1.83038E-06-2.56384E-07-1.28964E-06 6.32136E-07
 -1       578 5.47828E-06-1.60759E-06-1.74721E-06 5.82475E-08-1.02584E-06-8.60127E-07
 -1       579 5.32255E-06-1.62527E-06-1.57012E-06 2.23191E-08-8.39521E-07-1.23111E-06
 -1       580 5.10951E-06-1.53975E-06-1.52593E-06 1.94382E-08-7.66261E-07-1.33093E-06
 -1       581 4.87623E-06-1.46805E-06-1.45153E-06 1.49588E-08-7.23268E-07-1.34872E-06
 -1       582 4.61984E-06-1.38907E-06-1.37549E-06 1.52080E-08-6.85004E-07-1.34743E-06
 -1       583 4.36267E-06-1.31212E-06-1.29876E-06 1.50628E-08-6.47358E-07-1.34636E-06
 -1       584 4.10579E-06-1.23485E-06-1.22234E-06 1.51105E-08-6.09339E-07-1.34609E-06
 -1       585 3.84916E-06-1.15769E-06-1.14594E-06 1.51097E-08-5.71269E-07-1.34609E-06
 -1       586 3.59255E-06-1.08051E-06-1.06954E-06 1.51124E-08-5.33181E-07-1.34609E-06
 -1       587 3.33594E-06-1.00333E-06-9.93149E-07 1.51118E-08-4.95096E-07-1.34610E-06
 -1       588 3.07933E-06-9.26149E-07-9.16753E-07 1.51119E-08-4.57011E-07-1.34610E-06
 -1       589 2.82272E-06-8.48970E-07-8.40357E-07 1.51118E-08-4.18927E-07-1.34610E-06
 -1       590 2.56611E-06-7.71791E-07-7.63961E-07 1.51118E-08-3.80843E-07-1.34610E-06
 -1       591 2.30950E-06-6.94611E-07-6.87565E-07 1.51118E-08-3.42759E-07-1.34610E-06
 -1       592 2.05289E-06-6.17433E-07-6.11168E-07 1.51119E-08-3.04674E-07-1.34610E-06
 -1       593 1.79628E-06-5.40250E-07-5.34777E-07 1.51128E-08-2.66586E-07-1.34609E-06
 -1       594 1.53968E-06-4.63093E-07-4.58359E-07 1.51093E-08-2.28507E-07-1.34608E-06
 -1       595 1.28294E-06-3.85831E-07-3.82019E-07 1.50896E-08-1.90400E-07-1.34616E-06
 -1       596 1.02705E-06-3.08902E-07-3.05475E-07 1.49212E-08-1.52777E-07-1.34604E-06
 -1       597 7.64154E-07-2.31302E-07-2.31316E-07 1.61906E-08-1.14548E-07-1.35217E-06
 -1       598 4.78913E-07-1.50612E-07-1.33599E-07 1.46589E-08-8.34030E-08-1.37715E-06
 -1       599 2.42008E-07-7.06291E-08-3.48757E-08 1.83984E-08-2.01203E-08-1.46295E-06
 -1       600 1.54885E-07 8.38623E-08-3.98094E-07 2.95828E-08-3.00783E-07-1.43354E-06
 -1       601 1.66405E-05 9.36349E-11 1.01967E-10 3.74464E-06-1.46466E-12-3.53064E-06
 -1       602 1.66696E-05-5.52014E-06-5.96882E-06 7.36894E-07 1.23318E-06 5.51085E-07
 -1       603 1.64010E-05-4.85497E-06-4.90579E-06-1.10624E-07 9.43510E-07-4.68926E-07
 -1       604 1.59088E-05-4.84063E-06-4.78040E-06-5.74753E-08 8.53645E-07-7.82353E-07
 -1       605 1.53608E-05-4.62058E-06-4.57572E-06-5.89147E-08 7.89132E-07-8.72620E-07
 -1       606 1.46268E-05-4.39097E-06-4.35920E-06-5.12133E-08 7.45614E-07-8.79839E-07
 -1       607 1.38597E-05-4.15849E-06-4.12883E-06-5.07722E-08 7.06583E-07-8.78827E-07
 -1       608 1.30877E-05-3.92726E-06-3.89904E-06-5.05758E-08 6.67552E-07-8.78059E-07
 -1       609 1.23174E-05-3.69620E-06-3.66957E-06-5.06369E-08 6.28331E-07-8.77916E-07
 -1       610 1.15475E-05-3.46520E-06-3.44022E-06-5.06496E-08 5.89067E-07-8.77911E-07
 -1       611 1.07777E-05-3.23419E-06-3.21087E-06-5.06528E-08 5.49793E-07-8.77918E-07
 -1       612 1.00078E-05-3.00318E-06-2.98152E-06-5.06525E-08 5.10522E-07-8.77920E-07
 -1       613 9.23800E-06-2.77216E-06-2.75218E-06-5.06524E-08 4.71251E-07-8.77920E-07
 -1       614 8.46817E-06-2.54115E-06-2.52283E-06-5.06524E-08 4.31980E-07-8.77920E-07
 -1       615 7.69833E-06-2.31013E-06-2.29348E-06-5.06523E-08 3.92709E-07-8.77920E-07
 -1       616 6.92850E-06-2.07912E-06-2.06413E-06-5.06526E-08 3.53438E-07-8.77920E-07
 -1       617 6.15867E-06-1.84811E-06-1.83479E-06-5.06522E-08 3.14167E-07-8.77920E-07
 -1       618 5.38885E-06-1.61710E-06-1.60544E-06-5.06548E-08 2.74896E-07-8.77914E-07
 -1       619 4.61899E-06-1.38606E-06-1.37610E-06-5.06441E-08 2.35616E-07-8.77912E-07
 -1       620 3.84911E-06-1.15518E-06-1.14664E-06-5.06218E-08 1.96396E-07-8.77942E-07
 -1       621 3.07830E-06-9.23513E-07-9.17884E-07-5.03771E-08 1.57188E-07-8.78419E-07
 -1       622 2.30592E-06-6.94257E-07-6.86960E-07-5.10629E-08 1.17513E-07-8.79686E-07
 -1       623 1.47911E-06-4.54689E-07-4.45733E-07-5.97780E-08 8.83072E-08-8.89730E-07
 -1       624 7.45204E-07-2.14536E-07-9.95951E-08-4.06712E-08 1.56758E-08-9.95036E-07
 -1       625 4.51609E-07 1.59252E-07-1.05098E-06-4.93223E-08 3.22172E-07-1.03771E-06
 -1       626 1.50054E-05 8.25866E-11 1.03354E-10 1.97817E-06-5.18312E-12-5.21460E-06
 -1       627 1.65452E-05-4.88779E-06-6.08727E-06 5.30250E-07 2.13005E-07-9.98828E-07
 -1       628 1.72821E-05-5.01709E-06-5.14689E-06-2.26743E-08 1.34184E-07-7.32295E-07
 -1       629 1.61202E-05-4.86909E-06-4.81994E-06-7.47441E-08 3.28625E-08-7.07325E-07
 -1       630 1.53859E-05-4.63856E-06-4.60725E-06-3.22806E-08 6.90397E-09-7.20927E-07
 -1       631 1.46264E-05-4.39919E-06-4.38360E-06-2.19157E-08 6.31669E-10-7.23618E-07
 -1       632 1.38572E-05-4.16636E-06-4.15337E-06-1.98354E-08 8.34380E-10-7.24485E-07
 -1       633 1.30873E-05-3.93474E-06-3.92255E-06-1.98947E-08 1.01467E-09-7.24463E-07
 -1       634 1.23173E-05-3.70334E-06-3.69176E-06-1.99995E-08 1.03176E-09-7.24438E-07
 -1       635 1.15475E-05-3.47190E-06-3.46102E-06-2.00334E-08 9.73679E-10-7.24427E-07
 -1       636 1.07777E-05-3.24044E-06-3.23028E-06-2.00366E-08 9.07526E-10-7.24426E-07
 -1       637 1.00078E-05-3.00898E-06-2.99955E-06-2.00359E-08 8.41796E-10-7.24426E-07
 -1       638 9.23800E-06-2.77752E-06-2.76881E-06-2.00355E-08 7.76881E-10-7.24426E-07
 -1       639 8.46817E-06-2.54606E-06-2.53808E-06-2.00354E-08 7.12138E-10-7.24426E-07
 -1       640 7.69833E-06-2.31460E-06-2.30734E-06-2.00355E-08 6.47417E-10-7.24426E-07
 -1       641 6.92850E-06-2.08314E-06-2.07661E-06-2.00355E-08 5.82677E-10-7.24426E-07
 -1       642 6.15867E-06-1.85168E-06-1.84588E-06-2.00366E-08 5.17429E-10-7.24426E-07
 -1       643 5.38883E-06-1.62022E-06-1.61514E-06-2.00360E-08 4.51552E-10-7.24426E-07
 -1       644 4.61899E-06-1.38876E-06-1.38440E-06-2.00363E-08 3.82592E-10-7.24432E-07
 -1       645 3.84912E-06-1.15737E-06-1.15361E-06-1.99288E-08 3.53875E-10-7.24432E-07
 -1       646 3.07987E-06-9.25822E-07-9.23190E-07-1.97225E-08 3.83687E-10-7.24630E-07
 -1       647 2.30925E-06-6.95073E-07-6.92757E-07-1.99240E-08 1.24558E-09-7.23641E-07
 -1       648 1.50207E-06-4.56714E-07-4.50466E-07-2.71141E-08 2.86184E-09-7.30333E-07
 -1       649 7.64720E-07-2.00436E-07-1.63170E-07-5.03413E-09-7.91595E-09-6.98584E-07
 -1       650 4.48231E-07 9.06869E-08-6.63849E-07 4.40140E-09 2.04754E-07-6.39382E-07
 -1       651 1.48300E-05 6.80587E-11 1.05528E-10 6.16433E-07-2.55404E-12-5.85013E-06
 -1       652 1.63943E-05-4.05409E-06-6.32263E-06 3.40267E-07 1.31189E-07-1.37729E-06
 -1       653 1.73633E-05-5.14455E-06-5.23075E-06-2.82715E-08 4.97134E-08-9.92601E-07
 -1       654 1.63001E-05-4.93539E-06-4.86200E-06-4.07972E-08 2.45446E-08-7.20053E-07
 -1       655 1.54239E-05-4.66006E-06-4.60315E-06-2.18392E-08 3.03688E-09-6.79499E-07
 -1       656 1.46286E-05-4.41214E-06-4.37880E-06-1.40178E-08 1.03098E-09-6.70057E-07
 -1       657 1.38565E-05-4.17735E-06-4.14865E-06-1.30658E-08 6.43263E-10-6.70665E-07
 -1       658 1.30868E-05-3.94536E-06-3.91840E-06-1.30514E-08 8.02732E-10-6.71061E-07
 -1       659 1.23173E-05-3.71344E-06-3.68792E-06-1.31297E-08 7.84157E-10-6.71186E-07
 -1       660 1.15475E-05-3.48140E-06-3.45742E-06-1.31480E-08 7.42686E-10-6.71192E-07
 -1       661 1.07777E-05-3.24931E-06-3.22692E-06-1.31502E-08 6.92073E-10-6.71189E-07
 -1       662 1.00078E-05-3.01721E-06-2.99643E-06-1.31497E-08 6.42265E-10-6.71187E-07
 -1       663 9.23800E-06-2.78512E-06-2.76593E-06-1.31495E-08 5.92738E-10-6.71187E-07
 -1       664 8.46817E-06-2.55303E-06-2.53544E-06-1.31494E-08 5.43344E-10-6.71187E-07
 -1       665 7.69833E-06-2.32093E-06-2.30494E-06-1.31494E-08 4.93960E-10-6.71187E-07
 -1       666 6.92850E-06-2.08884E-06-2.07445E-06-1.31496E-08 4.44533E-10-6.71187E-07
 -1       667 6.15866E-06-1.85674E-06-1.84396E-06-1.31496E-08 3.95019E-10-6.71188E-07
 -1       668 5.38883E-06-1.62465E-06-1.61346E-06-1.31518E-08 3.44021E-10-6.71190E-07
 -1       669 4.61898E-06-1.39257E-06-1.38295E-06-1.31420E-08 2.97787E-10-6.71195E-07
 -1       670 3.84939E-06-1.16055E-06-1.15243E-06-1.31188E-08 2.50235E-10-6.71157E-07
 -1       671 3.08073E-06-9.28870E-07-9.22452E-07-1.28556E-08 2.85138E-10-6.70951E-07
 -1       672 2.31130E-06-6.96967E-07-6.92508E-07-1.33727E-08 1.02177E-09-6.69028E-07
 -1       673 1.50106E-06-4.56364E-07-4.54623E-07-1.55041E-08-1.26473E-09-6.59801E-07
 -1       674 7.56338E-07-1.83879E-07-1.62496E-07-1.45826E-08 1.10520E-08-6.33343E-07
 -1       675 4.36420E-07 2.45298E-08-6.12274E-07-1.40597E-08 3.47784E-08-5.91524E-07
 -1       676 1.48300E-05 6.80587E-11 1.05528E-10-6.16433E-07 2.55404E-12-5.85013E-06
 -1       677 1.63943E-05-4.05409E-06-6.32263E-06-3.40267E-07-1.31189E-07-1.37729E-06
 -1       678 1.73633E-05-5.14455E-06-5.23075E-06 2.82715E-08-4.97134E-08-9.92601E-07
 -1       679 1.63001E-05-4.93539E-06-4.86200E-06 4.07972E-08-2.45446E-08-7.20053E-07
 -1       680 1.54239E-05-4.66006E-06-4.60315E-06 2.18392E-08-3.03688E-09-6.79499E-07
 -1       681 1.46286E-05-4.41214E-06-4.37880E-06 1.40178E-08-1.03098E-09-6.70057E-07
 -1       682 1.38565E-05-4.17735E-06-4.14865E-06 1.30658E-08-6.43263E-10-6.70665E-07
 -1       683 1.30868E-05-3.94536E-06-3.91840E-06 1.30514E-08-8.02732E-10-6.71061E-07
 -1       684 1.23173E-05-3.71344E-06-3.68792E-06 1.31297E-08-7.84157E-10-6.71186E-07
 -1       685 1.15475E-05-3.48140E-06-3.45742E-06 1.31480E-08-7.42686E-10-6.71192E-07
 -1       686 1.07777E-05-3.24931E-06-3.22692E-06 1.31502E-08-6.92073E-10-6.71189E-07
 -1       687 1.00078E-05-3.01721E-06-2.99643E-06 1.31497E-08-6.42265E-10-6.71187E-07
 -1       688 9.23800E-06-2.78512E-06-2.76593E-06 1.31495E-08-5.92738E-10-6.71187E-07
 -1       689 8.46817E-06-2.55303E-06-2.53544E-06 1.31494E-08-5.43344E-10-6.71187E-07
 -1       690 7.69833E-06-2.32093E-06-2.30494E-06 1.31494E-08-4.93960E-10-6.71187E-07
 -1       691 6.92850E-06-2.08884E-06-2.07445E-06 1.31496E-08-4.44533E-10-6.71187E-07
 -1       692 6.15866E-06-1.85674E-06-1.84396E-06 1.31496E-08-3.95019E-10-6.71188E-07
 -1       693 5.38883E-06-1.62465E-06-1.61346E-06 1.31518E-08-3.44021E-10-6.71190E-07
 -1       694 4.61898E-06-1.39257E-06-1.38295E-06 1.31420E-08-2.97787E-10-6.71195E-07
 -1       695 3.84939E-06-1.16055E-06-1.15243E-06 1.31188E-08-2.50235E-10-6.71157E-07
 -1       696 3.08073E-06-9.28870E-07-9.22452E-07 1.28556E-08-2.85138E-10-6.70951E-07
 -1       697 2.31130E-06-6.96967E-07-6.92508E-07 1.33727E-08-1.02177E-09-6.69028E-07
 -1       698 1.50106E-06-4.56364E-07-4.54623E-07 1.55041E-08 1.26473E-09-6.59801E-07
 -1       699 7.56338E-07-1.83879E-07-1.62496E-07 1.45826E-08-1.10520E-08-6.33343E-07
 -1       700 4.36420E-07 2.45298E-08-6.12274E-07 1.40597E-08-3.47784E-08-5.91524E-07
 -1       701 1.50054E-05 8.25866E-11 1.03354E-10-1.97817E-06 5.18312E-12-5.21460E-06
 -1       702 1.65452E-05-4.88779E-06-6.08727E-06-5.30250E-07-2.13005E-07-9.98828E-07
 -1       703 1.72821E-05-5.01709E-06-5.14689E-06 2.26743E-08-1.34184E-07-7.32295E-07
 -1       704 1.61202E-05-4.86909E-06-4.81994E-06 7.47441E-08-3.28625E-08-7.07325E-07
 -1       705 1.53859E-05-4.63856E-06-4.60725E-06 3.22806E-08-6.90397E-09-7.20927E-07
 -1       706 1.46264E-05-4.39919E-06-4.38360E-06 2.19157E-08-6.31669E-10-7.23618E-07
 -1       707 1.38572E-05-4.16636E-06-4.15337E-06 1.98354E-08-8.34380E-10-7.24485E-07
 -1       708 1.30873E-05-3.93474E-06-3.92255E-06 1.98947E-08-1.01467E-09-7.24463E-07
 -1       709 1.23173E-05-3.70334E-06-3.69176E-06 1.99995E-08-1.03176E-09-7.24438E-07
 -1       710 1.15475E-05-3.47190E-06-3.46102E-06 2.00334E-08-9.73679E-10-7.24427E-07
 -1       711 1.07777E-05-3.24044E-06-3.23028E-06 2.00366E-08-9.07526E-10-7.24426E-07
 -1       712 1.00078E-05-3.00898E-06-2.99955E-06 2.00359E-08-8.41796E-10-7.24426E-07
 -1       713 9.23800E-06-2.77752E-06-2.76881E-06 2.00355E-08-7.76881E-10-7.24426E-07
 -1       714 8.46817E-06-2.54606E-06-2.53808E-06 2.00354E-08-7.12138E-10-7.24426E-07
 -1       715 7.69833E-06-2.31460E-06-2.30734E-06 2.00355E-08-6.47417E-10-7.24426E-07
 -1       716 6.92850E-06-2.08314E-06-2.07661E-06 2.00355E-08-5.82677E-10-7.24426E-07
 -1       717 6.15867E-06-1.85168E-06-1.84588E-06 2.00366E-08-5.17429E-10-7.24426E-07
 -1       718 5.38883E-06-1.62022E-06-1.61514E-06 2.00360E-08-4.51552E-10-7.24426E-07
 -1       719 4.61899E-06-1.38876E-06-1.38440E-06 2.00363E-08-3.82592E-10-7.24432E-07
 -1       720 3.84912E-06-1.15737E-06-1.15361E-06 1.99288E-08-3.53875E-10-7.24432E-07
 -1       721 3.07987E-06-9.25822E-07-9.23190E-07 1.97225E-08-3.83687E-10-7.24630E-07
 -1       722 2.30925E-06-6.95073E-07-6.92757E-07 1.99240E-08-1.24558E-09-7.23641E-07
 -1       723 1.50207E-06-4.56714E-07-4.50466E-07 2.71141E-08-2.86184E-09-7.30333E-07
 -1       724 7.64720E-07-2.00436E-07-1.63170E-07 5.03413E-09 7.91595E-09-6.98584E-07
 -1       725 4.48231E-07 9.06869E-08-6.63849E-07-4.40140E-09-2.04754E-07-6.39382E-07
 -1       726 1.66405E-05 9.36349E-11 1.01967E-10-3.74464E-06 1.46466E-12-3.53064E-06
 -1       727 1.66696E-05-5.52014E-06-5.96882E-06-7.36894E-07-1.23318E-06 5.51085E-07
 -1       728 1.64010E-05-4.85497E-06-4.90579E-06 1.10624E-07-9.43510E-07-4.68926E-07
 -1       729 1.59088E-05-4.84063E-06-4.78040E-06 5.74753E-08-8.53645E-07-7.82353E-07
 -1       730 1.53608E-05-4.62058E-06-4.57572E-06 5.89147E-08-7.89132E-07-8.72620E-07
 -1       731 1.46268E-05-4.39097E-06-4.35920E-06 5.12133E-08-7.45614E-07-8.79839E-07
 -1       732 1.38597E-05-4.15849E-06-4.12883E-06 5.07722E-08-7.06583E-07-8.78827E-07
 -1       733 1.30877E-05-3.92726E-06-3.89904E-06 5.05758E-08-6.67552E-07-8.78059E-07
 -1       734 1.23174E-05-3.69620E-06-3.66957E-06 5.06369E-08-6.28331E-07-8.77916E-07
 -1       735 1.15475E-05-3.46520E-06-3.44022E-06 5.06496E-08-5.89067E-07-8.77911E-07
 -1       736 1.07777E-05-3.23419E-06-3.21087E-06 5.06528E-08-5.49793E-07-8.77918E-07
 -1       737 1.00078E-05-3.00318E-06-2.98152E-06 5.06525E-08-5.10522E-07-8.77920E-07
 -1       738 9.23800E-06-2.77216E-06-2.75218E-06 5.06524E-08-4.71251E-07-8.77920E-07
 -1       739 8.46817E-06-2.54115E-06-2.52283E-06 5.06524E-08-4.31980E-07-8.77920E-07
 -1       740 7.69833E-06-2.31013E-06-2.29348E-06 5.06523E-08-3.92709E-07-8.77920E-07
 -1       741 6.92850E-06-2.07912E-06-2.06413E-06 5.06526E-08-3.53438E-07-8.77920E-07
 -1       742 6.15867E-06-1.84811E-06-1.83479E-06 5.06522E-08-3.14167E-07-8.77920E-07
 -1       743 5.38885E-06-1.61710E-06-1.60544E-06 5.06548E-08-2.74896E-07-8.77914E-07
 -1       744 4.61899E-06-1.38606E-06-1.37610E-06 5.06441E-08-2.35616E-07-8.77912E-07
 -1       745 3.84911E-06-1.15518E-06-1.14664E-06 5.06218E-08-1.96396E-07-8.77942E-07
 -1       746 3.07830E-06-9.23513E-07-9.17884E-07 5.03771E-08-1.57188E-07-8.78419E-07
 -1       747 2.30592E-06-6.94257E-07-6.86960E-07 5.10629E-08-1.17513E-07-8.79686E-07
 -1       748 1.47911E-06-4.54689E-07-4.45733E-07 5.97780E-08-8.83072E-08-8.89730E-07
 -1       749 7.45204E-07-2.14536E-07-9.95951E-08 4.06712E-08-1.56758E-08-9.95036E-07
 -1       750 4.51609E-07 1.59252E-07-1.05098E-06 4.93223E-08-3.22172E-07-1.03771E-06
 -1       751 2.87872E-05 1.18002E-10 1.42062E-10 6.21551E-06-9.79754E-13-6.17928E-06
 -1       752 2.80517E-05-9.24279E-06-8.27688E-06 1.90301E-06 1.11486E-06-8.18118E-08
 -1       753 2.72296E-05-8.20318E-06-6.31717E-06-2.21452E-08 7.53223E-07-1.07528E-08
 -1       754 2.66980E-05-8.23151E-06-6.42057E-06-1.25404E-07 8.81478E-07-4.43305E-07
 -1       755 2.56348E-05-7.79808E-06-6.09958E-06-1.72123E-07 8.03263E-07-4.56190E-07
 -1       756 2.43786E-05-7.41587E-06-5.81534E-06-1.58207E-07 7.68113E-07-4.63157E-07
 -1       757 2.30976E-05-7.02172E-06-5.50667E-06-1.57231E-07 7.26075E-07-4.60042E-07
 -1       758 2.18127E-05-6.63205E-06-5.20056E-06-1.56586E-07 6.86023E-07-4.59863E-07
 -1       759 2.05291E-05-6.24178E-06-4.89446E-06-1.56725E-07 6.45614E-07-4.59783E-07
 -1       760 1.92459E-05-5.85171E-06-4.58856E-06-1.56733E-07 6.05279E-07-4.59803E-07
 -1       761 1.79629E-05-5.46159E-06-4.28265E-06-1.56744E-07 5.64925E-07-4.59806E-07
 -1       762 1.66798E-05-5.07148E-06-3.97675E-06-1.56743E-07 5.24574E-07-4.59808E-07
 -1       763 1.53968E-05-4.68137E-06-3.67085E-06-1.56743E-07 4.84222E-07-4.59808E-07
 -1       764 1.41137E-05-4.29125E-06-3.36494E-06-1.56743E-07 4.43870E-07-4.59808E-07
 -1       765 1.28306E-05-3.90114E-06-3.05904E-06-1.56743E-07 4.03518E-07-4.59808E-07
 -1       766 1.15476E-05-3.51102E-06-2.75314E-06-1.56743E-07 3.63166E-07-4.59808E-07
 -1       767 1.02645E-05-3.12091E-06-2.44723E-06-1.56744E-07 3.22816E-07-4.59806E-07
 -1       768 8.98147E-06-2.73079E-06-2.14132E-06-1.56739E-07 2.82455E-07-4.59811E-07
 -1       769 7.69842E-06-2.34072E-06-1.83548E-06-1.56740E-07 2.42147E-07-4.59767E-07
 -1       770 6.41518E-06-1.95054E-06-1.52924E-06-1.56695E-07 2.01621E-07-4.59957E-07
 -1       771 5.13011E-06-1.56064E-06-1.22482E-06-1.56874E-07 1.62170E-07-4.59449E-07
 -1       772 3.84086E-06-1.16660E-06-9.11288E-07-1.56123E-07 1.16598E-07-4.62898E-07
 -1       773 2.60985E-06-7.89954E-07-6.24267E-07-1.61299E-07 1.01424E-07-4.49886E-07
 -1       774 1.49000E-06-4.31310E-07-1.29439E-07-2.72384E-07-3.06665E-08-6.81413E-07
 -1       775 9.55258E-07 3.28532E-07-1.30578E-06-4.49484E-07 5.03830E-07-9.10641E-07
 -1       776 2.69382E-05 1.04138E-10 1.44393E-10 3.25779E-06-4.57853E-12-7.93665E-06
 -1       777 2.79228E-05-8.13201E-06-8.50627E-06 1.40154E-06 3.33466E-08-1.34122E-06
 -1       778 2.82214E-05-8.37649E-06-6.67087E-06 1.24800E-07-7.47636E-09-1.88123E-07
 -1       779 2.69279E-05-8.20821E-06-6.45515E-06-1.28819E-07 1.04618E-08-3.47886E-07
 -1       780 2.56691E-05-7.79597E-06-6.13393E-06-1.09523E-07 6.30924E-09-3.35688E-07
 -1       781 2.43770E-05-7.39737E-06-5.83752E-06-9.87815E-08 3.66237E-09-3.40609E-07
 -1       782 2.30950E-05-7.00553E-06-5.53036E-06-9.52705E-08 3.44605E-09-3.40007E-07
 -1       783 2.18121E-05-6.61636E-06-5.22321E-06-9.51820E-08 3.22614E-09-3.40083E-07
 -1       784 2.05290E-05-6.22722E-06-4.91588E-06-9.52759E-08 3.06564E-09-3.40038E-07
 -1       785 1.92460E-05-5.83805E-06-4.60863E-06-9.53254E-08 2.87375E-09-3.40041E-07
 -1       786 1.79629E-05-5.44885E-06-4.30139E-06-9.53309E-08 2.68350E-09-3.40040E-07
 -1       787 1.66798E-05-5.05964E-06-3.99415E-06-9.53309E-08 2.49145E-09-3.40040E-07
 -1       788 1.53968E-05-4.67044E-06-3.68690E-06-9.53303E-08 2.29981E-09-3.40040E-07
 -1       789 1.41137E-05-4.28124E-06-3.37966E-06-9.53302E-08 2.10814E-09-3.40040E-07
 -1       790 1.28306E-05-3.89203E-06-3.07242E-06-9.53303E-08 1.91649E-09-3.40040E-07
 -1       791 1.15476E-05-3.50283E-06-2.76518E-06-9.53305E-08 1.72486E-09-3.40040E-07
 -1       792 1.02645E-05-3.11363E-06-2.45794E-06-9.53312E-08 1.53295E-09-3.40040E-07
 -1       793 8.98145E-06-2.72442E-06-2.15069E-06-9.53312E-08 1.34142E-09-3.40041E-07
 -1       794 7.69839E-06-2.33524E-06-1.84345E-06-9.53180E-08 1.15171E-09-3.40035E-07
 -1       795 6.41545E-06-1.94607E-06-1.53615E-06-9.52625E-08 9.57765E-10-3.40088E-07
 -1       796 5.13065E-06-1.55703E-06-1.22925E-06-9.50299E-08 8.57634E-10-3.39847E-07
 -1       797 3.85001E-06-1.16572E-06-9.20183E-07-9.51153E-08 1.78623E-10-3.41139E-07
 -1       798 2.60803E-06-7.82101E-07-6.18035E-07-1.14000E-07 5.49569E-09-3.36989E-07
 -1       799 1.41338E-06-3.65410E-07-2.40951E-07-1.79144E-07-4.33485E-08-3.62229E-07
 -1       800 8.23481E-07 3.08961E-07-7.32724E-07-2.59744E-07 2.69305E-07-4.10325E-07
 -1       801 2.71655E-05 8.58756E-11 1.48140E-10 1.01100E-06-2.14684E-12-8.69582E-06
 -1       802 2.77749E-05-6.67000E-06-8.89264E-06 7.55840E-07 2.33943E-08-1.53425E-06
 -1       803 2.80876E-05-8.44399E-06-6.72929E-06 3.93014E-08 1.38635E-08-3.25105E-07
 -1       804 2.70898E-05-8.21965E-06-6.51520E-06-6.04215E-08 5.75837E-09-3.57218E-07
 -1       805 2.57078E-05-7.78642E-06-6.13056E-06-5.94330E-08 4.14949E-09-3.09287E-07
 -1       806 2.43811E-05-7.37662E-06-5.83566E-06-4.93926E-08 2.65425E-09-3.11368E-07
 -1       807 2.30941E-05-6.98457E-06-5.52779E-06-4.83771E-08 2.36141E-09-3.10534E-07
 -1       808 2.18116E-05-6.59658E-06-5.22129E-06-4.81478E-08 2.30791E-09-3.10914E-07
 -1       809 2.05289E-05-6.20875E-06-4.91412E-06-4.82544E-08 2.16747E-09-3.10924E-07
 -1       810 1.92460E-05-5.82076E-06-4.60699E-06-4.82710E-08 2.03838E-09-3.10932E-07
 -1       811 1.79629E-05-5.43272E-06-4.29986E-06-4.82767E-08 1.90128E-09-3.10929E-07
 -1       812 1.66798E-05-5.04467E-06-3.99272E-06-4.82760E-08 1.76568E-09-3.10929E-07
 -1       813 1.53968E-05-4.65662E-06-3.68559E-06-4.82758E-08 1.62975E-09-3.10928E-07
 -1       814 1.41137E-05-4.26856E-06-3.37846E-06-4.82757E-08 1.49394E-09-3.10928E-07
 -1       815 1.28306E-05-3.88051E-06-3.07133E-06-4.82757E-08 1.35816E-09-3.10928E-07
 -1       816 1.15476E-05-3.49246E-06-2.76419E-06-4.82758E-08 1.22222E-09-3.10928E-07
 -1       817 1.02645E-05-3.10441E-06-2.45706E-06-4.82765E-08 1.08678E-09-3.10928E-07
 -1       818 8.98144E-06-2.71636E-06-2.14992E-06-4.82755E-08 9.49050E-10-3.10931E-07
 -1       819 7.69841E-06-2.32832E-06-1.84280E-06-4.82740E-08 8.19607E-10-3.10923E-07
 -1       820 6.41550E-06-1.94038E-06-1.53556E-06-4.82154E-08 6.75667E-10-3.10960E-07
 -1       821 5.13256E-06-1.55262E-06-1.22919E-06-4.81453E-08 5.15337E-10-3.10686E-07
 -1       822 3.85050E-06-1.16479E-06-9.20310E-07-4.80352E-08 1.06145E-09-3.10994E-07
 -1       823 2.57623E-06-7.67311E-07-6.22553E-07-6.00891E-08-1.97874E-09-2.91996E-07
 -1       824 1.35845E-06-2.67845E-07-2.35960E-07-8.51227E-08 4.72958E-09-3.39454E-07
 -1       825 7.74416E-07 2.36788E-07-7.21988E-07-9.59822E-08 2.22315E-08-4.16088E-07
 -1       826 2.71655E-05 8.58756E-11 1.48140E-10-1.01100E-06 2.14684E-12-8.69582E-06
 -1       827 2.77749E-05-6.67000E-06-8.89264E-06-7.55840E-07-2.33943E-08-1.53425E-06
 -1       828 2.80876E-05-8.44399E-06-6.72929E-06-3.93014E-08-1.38635E-08-3.25105E-07
 -1       829 2.70898E-05-8.21965E-06-6.51520E-06 6.04215E-08-5.75837E-09-3.57218E-07
 -1       830 2.57078E-05-7.78642E-06-6.13056E-06 5.94330E-08-4.14949E-09-3.09287E-07
 -1       831 2.43811E-05-7.37662E-06-5.83566E-06 4.93926E-08-2.65425E-09-3.11368E-07
 -1       832 2.30941E-05-6.98457E-06-5.52779E-06 4.83771E-08-2.36141E-09-3.10534E-07
 -1       833 2.18116E-05-6.59658E-06-5.22129E-06 4.81478E-08-2.30791E-09-3.10914E-07
 -1       834 2.05289E-05-6.20875E-06-4.91412E-06 4.82544E-08-2.16747E-09-3.10924E-07
 -1       835 1.92460E-05-5.82076E-06-4.60699E-06 4.82710E-08-2.03838E-09-3.10932E-07
 -1       836 1.79629E-05-5.43272E-06-4.29986E-06 4.82767E-08-1.90128E-09-3.10929E-07
 -1       837 1.66798E-05-5.04467E-06-3.99272E-06 4.82760E-08-1.76568E-09-3.10929E-07
 -1       838 1.53968E-05-4.65662E-06-3.68559E-06 4.82758E-08-1.62975E-09-3.10928E-07
 -1       839 1.41137E-05-4.26856E-06-3.37846E-06 4.82757E-08-1.49394E-09-3.10928E-07
 -1       840 1.28306E-05-3.88051E-06-3.07133E-06 4.82757E-08-1.35816E-09-3.10928E-07
 -1       841 1.15476E-05-3.49246E-06-2.76419E-06 4.82758E-08-1.22222E-09-3.10928E-07
 -1       842 1.02645E-05-3.10441E-06-2.45706E-06 4.82765E-08-1.08678E-09-3.10928E-07
 -1       843 8.98144E-06-2.71636E-06-2.14992E-06 4.82755E-08-9.49050E-10-3.10931E-07
 -1       844 7.69841E-06-2.32832E-06-1.84280E-06 4.82740E-08-8.19607E-10-3.10923E-07
 -1       845 6.41550E-06-1.94038E-06-1.53556E-06 4.82154E-08-6.75667E-10-3.10960E-07
 -1       846 5.13256E-06-1.55262E-06-1.22919E-06 4.81453E-08-5.15337E-10-3.10686E-07
 -1       847 3.85050E-06-1.16479E-06-9.20310E-07 4.80352E-08-1.06145E-09-3.10994E-07
 -1       848 2.57623E-06-7.67311E-07-6.22553E-07 6.00891E-08 1.97874E-09-2.91996E-07
 -1       849 1.35845E-06-2.67845E-07-2.35960E-07 8.51227E-08-4.72958E-09-3.39454E-07
 -1       850 7.74416E-07 2.36788E-07-7.21988E-07 9.59822E-08-2.22315E-08-4.16088E-07
 -1       851 2.69382E-05 1.04138E-10 1.44393E-10-3.25779E-06 4.57853E-12-7.93665E-06
 -1       852 2.79228E-05-8.13201E-06-8.50627E-06-1.40154E-06-3.33466E-08-1.34122E-06
 -1       853 2.82214E-05-8.37649E-06-6.67087E-06-1.24800E-07 7.47636E-09-1.88123E-07
 -1       854 2.69279E-05-8.20821E-06-6.45515E-06 1.28819E-07-1.04618E-08-3.47886E-07
 -1       855 2.56691E-05-7.79597E-06-6.13393E-06 1.09523E-07-6.30924E-09-3.35688E-07
 -1       856 2.43770E-05-7.39737E-06-5.83752E-06 9.87815E-08-3.66237E-09-3.40609E-07
 -1       857 2.30950E-05-7.00553E-06-5.53036E-06 9.52705E-08-3.44605E-09-3.40007E-07
 -1       858 2.18121E-05-6.61636E-06-5.22321E-06 9.51820E-08-3.22614E-09-3.40083E-07
 -1       859 2.05290E-05-6.22722E-06-4.91588E-06 9.52759E-08-3.06564E-09-3.40038E-07
 -1       860 1.92460E-05-5.83805E-06-4.60863E-06 9.53254E-08-2.87375E-09-3.40041E-07
 -1       861 1.79629E-05-5.44885E-06-4.30139E-06 9.53309E-08-2.68350E-09-3.40040E-07
 -1       862 1.66798E-05-5.05964E-06-3.99415E-06 9.53309E-08-2.49145E-09-3.40040E-07
 -1       863 1.53968E-05-4.67044E-06-3.68690E-06 9.53303E-08-2.29981E-09-3.40040E-07
 -1       864 1.41137E-05-4.28124E-06-3.37966E-06 9.53302E-08-2.10814E-09-3.40040E-07
 -1       865 1.28306E-05-3.89203E-06-3.07242E-06 9.53303E-08-1.91649E-09-3.40040E-07
 -1       866 1.15476E-05-3.50283E-06-2.76518E-06 9.53305E-08-1.72486E-09-3.40040E-07
 -1       867 1.02645E-05-3.11363E-06-2.45794E-06 9.53312E-08-1.53295E-09-3.40040E-07
 -1       868 8.98145E-06-2.72442E-06-2.15069E-06 9.53312E-08-1.34142E-09-3.40041E-07
 -1       869 7.69839E-06-2.33524E-06-1.84345E-06 9.53180E-08-1.15171E-09-3.40035E-07
 -1       870 6.41545E-06-1.94607E-06-1.53615E-06 9.52625E-08-9.57765E-10-3.40088E-07
 -1       871 5.13065E-06-1.55703E-06-1.22925E-06 9.50299E-08-8.57634E-10-3.39847E-07
 -1       872 3.85001E-06-1.16572E-06-9.20183E-07 9.51153E-08-1.78623E-10-3.41139E-07
 -1       873 2.60803E-06-7.82101E-07-6.18035E-07 1.14000E-07-5.49569E-09-3.36989E-07
 -1       874 1.41338E-06-3.65410E-07-2.40951E-07 1.79144E-07 4.33485E-08-3.62229E-07
 -1       875 8.23481E-07 3.08961E-07-7.32724E-07 2.59744E-07-2.69305E-07-4.10325E-07
 -1       876 2.87872E-05 1.18002E-10 1.42062E-10-6.21551E-06 9.79754E-13-6.17928E-06
 -1       877 2.80517E-05-9.24279E-06-8.27688E-06-1.90301E-06-1.11486E-06-8.18118E-08
 -1       878 2.72296E-05-8.20318E-06-6.31717E-06 2.21452E-08-7.53223E-07-1.07528E-08
 -1       879 2.66980E-05-8.23151E-06-6.42057E-06 1.25404E-07-8.81478E-07-4.43305E-07
 -1       880 2.56348E-05-7.79808E-06-6.09958E-06 1.72123E-07-8.03263E-07-4.56190E-07
 -1       881 2.43786E-05-7.41587E-06-5.81534E-06 1.58207E-07-7.68113E-07-4.63157E-07
 -1       882 2.30976E-05-7.02172E-06-5.50667E-06 1.57231E-07-7.26075E-07-4.60042E-07
 -1       883 2.18127E-05-6.63205E-06-5.20056E-06 1.56586E-07-6.86023E-07-4.59863E-07
 -1       884 2.05291E-05-6.24178E-06-4.89446E-06 1.56725E-07-6.45614E-07-4.59783E-07
 -1       885 1.92459E-05-5.85171E-06-4.58856E-06 1.56733E-07-6.05279E-07-4.59803E-07
 -1       886 1.79629E-05-5.46159E-06-4.28265E-06 1.56744E-07-5.64925E-07-4.59806E-07
 -1       887 1.66798E-05-5.07148E-06-3.97675E-06 1.56743E-07-5.24574E-07-4.59808E-07
 -1       888 1.53968E-05-4.68137E-06-3.67085E-06 1.56743E-07-4.84222E-07-4.59808E-07
 -1       889 1.41137E-05-4.29125E-06-3.36494E-06 1.56743E-07-4.43870E-07-4.59808E-07
 -1       890 1.28306E-05-3.90114E-06-3.05904E-06 1.56743E-07-4.03518E-07-4.59808E-07
 -1       891 1.15476E-05-3.51102E-06-2.75314E-06 1.56743E-07-3.63166E-07-4.59808E-07
 -1       892 1.02645E-05-3.12091E-06-2.44723E-06 1.56744E-07-3.22816E-07-4.59806E-07
 -1       893 8.98147E-06-2.73079E-06-2.14132E-06 1.56739E-07-2.82455E-07-4.59811E-07
 -1       894 7.69842E-06-2.34072E-06-1.83548E-06 1.56740E-07-2.42147E-07-4.59767E-07
 -1       895 6.41518E-06-1.95054E-06-1.52924E-06 1.56695E-07-2.01621E-07-4.59957E-07
 -1       896 5.13011E-06-1.56064E-06-1.22482E-06 1.56874E-07-1.62170E-07-4.59449E-07
 -1       897 3.84086E-06-1.16660E-06-9.11288E-07 1.56123E-07-1.16598E-07-4.62898E-07
 -1       898 2.60985E-06-7.89954E-07-6.24267E-07 1.61299E-07-1.01424E-07-4.49886E-07
 -1       899 1.49000E-06-4.31310E-07-1.29439E-07 2.72384E-07 3.06665E-08-6.81413E-07
 -1       900 9.55258E-07 3.28532E-07-1.30578E-06 4.49484E-07-5.03830E-07-9.10641E-07
 -3
    1PSTEP                         4           1           1          
  100CL  101 1.000000000         900                     0    1           1
 -4  ERROR       1    1
 -5  STR(%)      1    1    0    0
 -1         1 3.25645E+01
 -1         2 3.25645E+01
 -1         3 2.03238E+01
 -1         4 1.72017E+01
 -1         5 1.62869E+01
 -1         6 1.61694E+01
 -1         7 1.61702E+01
 -1         8 1.61795E+01
 -1         9 1.61900E+01
 -1        10 1.62026E+01
 -1        11 1.62168E+01
 -1        12 1.62330E+01
 -1        13 1.62518E+01
 -1        14 1.62737E+01
 -1        15 1.62995E+01
 -1        16 1.63306E+01
 -1        17 1.63687E+01
 -1        18 1.64163E+01
 -1        19 1.64792E+01
 -1        20 1.65537E+01
 -1        21 1.66664E+01
 -1        22 1.66664E+01
 -1        23 2.23926E+01
 -1        24 4.63665E+01
 -1        25 4.63665E+01
 -1        26 3.25645E+01
 -1        27 3.25645E+01
 -1        28 2.03238E+01
 -1        29 1.72017E+01
 -1        30 1.64381E+01
 -1        31 1.62569E+01
 -1        32 1.62640E+01
 -1        33 1.62777E+01
 -1        34 1.62931E+01
 -1        35 1.63103E+01
 -1        36 1.63299E+01
 -1        37 1.63522E+01
 -1        38 1.63779E+01
 -1        39 1.64079E+01
 -1        40 1.64434E+01
 -1        41 1.64859E+01
 -1        42 1.65377E+01
 -1        43 1.66021E+01
 -1        44 1.66853E+01
 -1        45 1.67942E+01
 -1        46 1.69104E+01
 -1        47 1.72659E+01
 -1        48 2.35807E+01
 -1        49 4.63665E+01
 -1        50 4.63665E+01
 -1        51 3.08851E+01
 -1        52 3.08851E+01
 -1        53 1.66167E+01
 -1        54 1.66167E+01
 -1        55 1.64381E+01
 -1        56 1.62791E+01
 -1        57 1.62847E+01
 -1        58 1.62994E+01
 -1        59 1.63150E+01
 -1        60 1.63327E+01
 -1        61 1.63527E+01
 -1        62 1.63756E+01
 -1        63 1.64019E+01
 -1        64 1.64327E+01
 -1        65 1.64691E+01
 -1        66 1.65128E+01
 -1        67 1.65661E+01
 -1        68 1.66323E+01
 -1        69 1.67179E+01
 -1        70 1.68210E+01
 -1        71 1.69532E+01
 -1        72 1.72684E+01
 -1        73 2.35807E+01
 -1        74 3.82774E+01
 -1        75 3.82774E+01
 -1        76 3.08851E+01
 -1        77 3.08851E+01
 -1        78 1.66167E+01
 -1        79 1.66167E+01
 -1        80 1.64381E+01
 -1        81 1.62791E+01
 -1        82 1.62847E+01
 -1        83 1.62994E+01
 -1        84 1.63150E+01
 -1        85 1.63327E+01
 -1        86 1.63527E+01
 -1        87 1.63756E+01
 -1        88 1.64019E+01
 -1        89 1.64327E+01
 -1        90 1.64691E+01
 -1        91 1.65128E+01
 -1        92 1.65661E+01
 -1        93 1.66323E+01
 -1        94 1.67179E+01
 -1        95 1.68210E+01
 -1        96 1.69532E+01
 -1        97 1.72684E+01
 -1        98 2.35807E+01
 -1        99 3.82774E+01
 -1       100 3.82774E+01
 -1       101 3.25645E+01
 -1       102 3.25645E+01
 -1       103 2.03238E+01
 -1       104 1.72017E+01
 -1       105 1.64381E+01
 -1       106 1.62569E+01
 -1       107 1.62640E+01
 -1       108 1.62777E+01
 -1       109 1.62931E+01
 -1       110 1.63103E+01
 -1       111 1.63299E+01
 -1       112 1.63522E+01
 -1       113 1.63779E+01
 -1       114 1.64079E+01
 -1       115 1.64434E+01
 -1       116 1.64859E+01
 -1       117 1.65377E+01
 -1       118 1.66021E+01
 -1       119 1.66853E+01
 -1       120 1.67942E+01
 -1       121 1.69104E+01
 -1       122 1.72659E+01
 -1       123 2.35807E+01
 -1       124 4.63665E+01
 -1       125 4.63665E+01
 -1       126 3.25645E+01
 -1       127 3.25645E+01
 -1       128 2.03238E+01
 -1       129 1.72017E+01
 -1       130 1.62869E+01
 -1       131 1.61694E+01
 -1       132 1.61702E+01
 -1       133 1.61795E+01
 -1       134 1.61900E+01
 -1       135 1.62026E+01
 -1       136 1.62168E+01
 -1       137 1.62330E+01
 -1       138 1.62518E+01
 -1       139 1.62737E+01
 -1       140 1.62995E+01
 -1       141 1.63306E+01
 -1       142 1.63687E+01
 -1       143 1.64163E+01
 -1       144 1.64792E+01
 -1       145 1.65537E+01
 -1       146 1.66664E+01
 -1       147 1.66664E+01
 -1       148 2.23926E+01
 -1       149 4.63665E+01
 -1       150 4.63665E+01
 -1       151 4.29349E+01
 -1       152 4.29349E+01
 -1       153 3.73078E+01
 -1       154 3.56630E+01
 -1       155 3.56630E+01
 -1       156 3.57198E+01
 -1       157 3.58214E+01
 -1       158 3.59367E+01
 -1       159 3.60585E+01
 -1       160 3.61881E+01
 -1       161 3.63247E+01
 -1       162 3.64726E+01
 -1       163 3.66412E+01
 -1       164 3.68161E+01
 -1       165 3.69900E+01
 -1       166 3.71481E+01
 -1       167 3.72599E+01
 -1       168 3.72637E+01
 -1       169 3.72637E+01
 -1       170 3.70319E+01
 -1       171 3.63019E+01
 -1       172 3.44704E+01
 -1       173 3.00809E+01
 -1       174 4.63665E+01
 -1       175 4.63665E+01
 -1       176 4.29349E+01
 -1       177 4.29349E+01
 -1       178 3.75080E+01
 -1       179 3.56630E+01
 -1       180 3.56630E+01
 -1       181 3.57198E+01
 -1       182 3.58214E+01
 -1       183 3.59367E+01
 -1       184 3.60585E+01
 -1       185 3.61881E+01
 -1       186 3.63247E+01
 -1       187 3.64726E+01
 -1       188 3.66412E+01
 -1       189 3.68161E+01
 -1       190 3.69900E+01
 -1       191 3.71481E+01
 -1       192 3.72599E+01
 -1       193 3.72637E+01
 -1       194 3.72637E+01
 -1       195 3.70319E+01
 -1       196 3.63019E+01
 -1       197 3.45429E+01
 -1       198 3.03594E+01
 -1       199 4.63665E+01
 -1       200 4.63665E+01
 -1       201 4.23818E+01
 -1       202 4.23818E+01
 -1       203 3.77931E+01
 -1       204 3.54584E+01
 -1       205 3.54584E+01
 -1       206 3.54173E+01
 -1       207 3.55152E+01
 -1       208 3.56223E+01
 -1       209 3.57370E+01
 -1       210 3.58608E+01
 -1       211 3.59940E+01
 -1       212 3.61363E+01
 -1       213 3.62865E+01
 -1       214 3.64412E+01
 -1       215 3.65934E+01
 -1       216 3.67433E+01
 -1       217 3.68710E+01
 -1       218 3.69128E+01
 -1       219 3.69128E+01
 -1       220 3.67560E+01
 -1       221 3.61527E+01
 -1       222 3.45429E+01
 -1       223 3.03594E+01
 -1       224 3.82774E+01
 -1       225 3.82774E+01
 -1       226 4.23818E+01
 -1       227 4.23818E+01
 -1       228 3.77931E+01
 -1       229 3.54584E+01
 -1       230 3.54584E+01
 -1       231 3.54173E+01
 -1       232 3.55152E+01
 -1       233 3.56223E+01
 -1       234 3.57370E+01
 -1       235 3.58608E+01
 -1       236 3.59940E+01
 -1       237 3.61363E+01
 -1       238 3.62865E+01
 -1       239 3.64412E+01
 -1       240 3.65934E+01
 -1       241 3.67433E+01
 -1       242 3.68710E+01
 -1       243 3.69128E+01
 -1       244 3.69128E+01
 -1       245 3.67560E+01
 -1       246 3.61527E+01
 -1       247 3.45429E+01
 -1       248 3.03594E+01
 -1       249 3.82774E+01
 -1       250 3.82774E+01
 -1       251 4.29349E+01
 -1       252 4.29349E+01
 -1       253 3.75080E+01
 -1       254 3.56630E+01
 -1       255 3.56630E+01
 -1       256 3.57198E+01
 -1       257 3.58214E+01
 -1       258 3.59367E+01
 -1       259 3.60585E+01
 -1       260 3.61881E+01
 -1       261 3.63247E+01
 -1       262 3.64726E+01
 -1       263 3.66412E+01
 -1       264 3.68161E+01
 -1       265 3.69900E+01
 -1       266 3.71481E+01
 -1       267 3.72599E+01
 -1       268 3.72637E+01
 -1       269 3.72637E+01
 -1       270 3.70319E+01
 -1       271 3.63019E+01
 -1       272 3.45429E+01
 -1       273 3.03594E+01
 -1       274 4.63665E+01
 -1       275 4.63665E+01
 -1       276 4.29349E+01
 -1       277 4.29349E+01
 -1       278 3.73078E+01
 -1       279 3.56630E+01
 -1       280 3.56630E+01
 -1       281 3.57198E+01
 -1       282 3.58214E+01
 -1       283 3.59367E+01
 -1       284 3.60585E+01
 -1       285 3.61881E+01
 -1       286 3.63247E+01
 -1       287 3.64726E+01
 -1       288 3.66412E+01
 -1       289 3.68161E+01
 -1       290 3.69900E+01
 -1       291 3.71481E+01
 -1       292 3.72599E+01
 -1       293 3.72637E+01
 -1       294 3.72637E+01
 -1       295 3.70319E+01
 -1       296 3.63019E+01
 -1       297 3.44704E+01
 -1       298 3.00809E+01
 -1       299 4.63665E+01
 -1       300 4.63665E+01
 -1       301 9.40486E+01
 -1       302 9.40486E+01
 -1       303 8.54799E+01
 -1       304 8.35197E+01
 -1       305 8.27371E+01
 -1       306 8.27706E+01
 -1       307 8.27742E+01
 -1       308 8.27742E+01
 -1       309 8.27663E+01
 -1       310 8.27472E+01
 -1       311 8.27114E+01
 -1       312 8.26537E+01
 -1       313 8.25668E+01
 -1       314 8.24391E+01
 -1       315 8.22498E+01
 -1       316 8.19557E+01
 -1       317 8.15260E+01
 -1       318 8.08199E+01
 -1       319 7.91794E+01
 -1       320 7.53598E+01
 -1       321 6.89191E+01
 -1       322 6.01180E+01
 -1       323 4.75215E+01
 -1       324 2.71074E+01
 -1       325 2.30205E+01
 -1       326 9.40486E+01
 -1       327 9.40486E+01
 -1       328 8.54799E+01
 -1       329 8.37589E+01
 -1       330 8.27371E+01
 -1       331 8.27869E+01
 -1       332 8.28158E+01
 -1       333 8.28333E+01
 -1       334 8.28421E+01
 -1       335 8.28421E+01
 -1       336 8.28377E+01
 -1       337 8.28157E+01
 -1       338 8.27708E+01
 -1       339 8.26950E+01
 -1       340 8.25756E+01
 -1       341 8.23891E+01
 -1       342 8.20848E+01
 -1       343 8.15234E+01
 -1       344 8.04213E+01
 -1       345 7.76039E+01
 -1       346 7.17003E+01
 -1       347 6.29220E+01
 -1       348 4.99330E+01
 -1       349 3.45287E+01
 -1       350 3.45287E+01
 -1       351 8.87151E+01
 -1       352 8.87151E+01
 -1       353 8.50393E+01
 -1       354 8.37589E+01
 -1       355 8.27109E+01
 -1       356 8.27869E+01
 -1       357 8.28158E+01
 -1       358 8.28333E+01
 -1       359 8.28421E+01
 -1       360 8.28421E+01
 -1       361 8.28377E+01
 -1       362 8.28157E+01
 -1       363 8.27708E+01
 -1       364 8.26950E+01
 -1       365 8.25756E+01
 -1       366 8.23945E+01
 -1       367 8.21464E+01
 -1       368 8.17014E+01
 -1       369 8.07294E+01
 -1       370 7.80576E+01
 -1       371 7.21485E+01
 -1       372 6.31798E+01
 -1       373 4.99330E+01
 -1       374 3.45287E+01
 -1       375 3.45287E+01
 -1       376 8.87151E+01
 -1       377 8.87151E+01
 -1       378 8.50393E+01
 -1       379 8.37589E+01
 -1       380 8.27109E+01
 -1       381 8.27869E+01
 -1       382 8.28158E+01
 -1       383 8.28333E+01
 -1       384 8.28421E+01
 -1       385 8.28421E+01
 -1       386 8.28377E+01
 -1       387 8.28157E+01
 -1       388 8.27708E+01
 -1       389 8.26950E+01
 -1       390 8.25756E+01
 -1       391 8.23945E+01
 -1       392 8.21464E+01
 -1       393 8.17014E+01
 -1       394 8.07294E+01
 -1       395 7.80576E+01
 -1       396 7.21485E+01
 -1       397 6.31798E+01
 -1       398 4.99330E+01
 -1       399 3.45287E+01
 -1       400 3.45287E+01
 -1       401 9.40486E+01
 -1       402 9.40486E+01
 -1       403 8.54799E+01
 -1       404 8.37589E+01
 -1       405 8.27371E+01
 -1       406 8.27869E+01
 -1       407 8.28158E+01
 -1       408 8.28333E+01
 -1       409 8.28421E+01
 -1       410 8.28421E+01
 -1       411 8.28377E+01
 -1       412 8.28157E+01
 -1       413 8.27708E+01
 -1       414 8.26950E+01
 -1       415 8.25756E+01
 -1       416 8.23891E+01
 -1       417 8.20848E+01
 -1       418 8.15234E+01
 -1       419 8.04213E+01
 -1       420 7.76039E+01
 -1       421 7.17003E+01
 -1       422 6.29220E+01
 -1       423 4.99330E+01
 -1       424 3.45287E+01
 -1       425 3.45287E+01
 -1       426 9.40486E+01
 -1       427 9.40486E+01
 -1       428 8.54799E+01
 -1       429 8.35197E+01
 -1       430 8.27371E+01
 -1       431 8.27706E+01
 -1       432 8.27742E+01
 -1       433 8.27742E+01
 -1       434 8.27663E+01
 -1       435 8.27472E+01
 -1       436 8.27114E+01
 -1       437 8.26537E+01
 -1       438 8.25668E+01
 -1       439 8.24391E+01
 -1       440 8.22498E+01
 -1       441 8.19557E+01
 -1       442 8.15260E+01
 -1       443 8.08199E+01
 -1       444 7.91794E+01
 -1       445 7.53598E+01
 -1       446 6.89191E+01
 -1       447 6.01180E+01
 -1       448 4.75215E+01
 -1       449 2.71074E+01
 -1       450 2.30205E+01
 -1       451 9.40486E+01
 -1       452 9.40486E+01
 -1       453 8.54799E+01
 -1       454 8.35197E+01
 -1       455 8.27371E+01
 -1       456 8.27706E+01
 -1       457 8.27742E+01
 -1       458 8.27742E+01
 -1       459 8.27663E+01
 -1       460 8.27472E+01
 -1       461 8.27114E+01
 -1       462 8.26537E+01
 -1       463 8.25668E+01
 -1       464 8.24391E+01
 -1       465 8.22498E+01
 -1       466 8.19557E+01
 -1       467 8.15260E+01
 -1       468 8.08199E+01
 -1       469 7.91794E+01
 -1       470 7.53598E+01
 -1       471 6.89191E+01
 -1       472 6.01180E+01
 -1       473 4.75215E+01
 -1       474 2.71074E+01
 -1       475 2.30205E+01
 -1       476 9.40486E+01
 -1       477 9.40486E+01
 -1       478 8.54799E+01
 -1       479 8.37589E+01
 -1       480 8.27371E+01
 -1       481 8.27869E+01
 -1       482 8.28158E+01
 -1       483 8.28333E+01
 -1       484 8.28421E+01
 -1       485 8.28421E+01
 -1       486 8.28377E+01
 -1       487 8.28157E+01
 -1       488 8.27708E+01
 -1       489 8.26950E+01
 -1       490 8.25756E+01
 -1       491 8.23891E+01
 -1       492 8.20848E+01
 -1       493 8.15234E+01
 -1       494 8.04213E+01
 -1       495 7.76039E+01
 -1       496 7.17003E+01
 -1       497 6.29220E+01
 -1       498 4.99330E+01
 -1       499 3.45287E+01
 -1       500 3.45287E+01
 -1       501 8.87151E+01
 -1       502 8.87151E+01
 -1       503 8.50393E+01
 -1       504 8.37589E+01
 -1       505 8.27109E+01
 -1       506 8.27869E+01
 -1       507 8.28158E+01
 -1       508 8.28333E+01
 -1       509 8.28421E+01
 -1       510 8.28421E+01
 -1       511 8.28377E+01
 -1       512 8.28157E+01
 -1       513 8.27708E+01
 -1       514 8.26950E+01
 -1       515 8.25756E+01
 -1       516 8.23945E+01
 -1       517 8.21464E+01
 -1       518 8.17014E+01
 -1       519 8.07294E+01
 -1       520 7.80576E+01
 -1       521 7.21485E+01
 -1       522 6.31798E+01
 -1       523 4.99330E+01
 -1       524 3.45287E+01
 -1       525 3.45287E+01
 -1       526 8.87151E+01
 -1       527 8.87151E+01
 -1       528 8.50393E+01
 -1       529 8.37589E+01
 -1       530 8.27109E+01
 -1       531 8.27869E+01
 -1       532 8.28158E+01
 -1       533 8.28333E+01
 -1       534 8.28421E+01
 -1       535 8.28421E+01
 -1       536 8.28377E+01
 -1       537 8.28157E+01
 -1       538 8.27708E+01
 -1       539 8.26950E+01
 -1       540 8.25756E+01
 -1       541 8.23945E+01
 -1       542 8.21464E+01
 -1       543 8.17014E+01
 -1       544 8.07294E+01
 -1       545 7.80576E+01
 -1       546 7.21485E+01
 -1       547 6.31798E+01
 -1       548 4.99330E+01
 -1       549 3.45287E+01
 -1       550 3.45287E+01
 -1       551 9.40486E+01
 -1       552 9.40486E+01
 -1       553 8.54799E+01
 -1       554 8.37589E+01
 -1       555 8.27371E+01
 -1       556 8.27869E+01
 -1       557 8.28158E+01
 -1       558 8.28333E+01
 -1       559 8.28421E+01
 -1       560 8.28421E+01
 -1       561 8.28377E+01
 -1       562 8.28157E+01
 -1       563 8.27708E+01
 -1       564 8.26950E+01
 -1       565 8.25756E+01
 -1       566 8.23891E+01
 -1       567 8.20848E+01
 -1       568 8.15234E+01
 -1       569 8.04213E+01
 -1       570 7.76039E+01
 -1       571 7.17003E+01
 -1       572 6.29220E+01
 -1       573 4.99330E+01
 -1       574 3.45287E+01
 -1       575 3.45287E+01
 -1       576 9.40486E+01
 -1       577 9.40486E+01
 -1       578 8.54799E+01
 -1       579 8.35197E+01
 -1       580 8.27371E+01
 -1       581 8.27706E+01
 -1       582 8.27742E+01
 -1       583 8.27742E+01
 -1       584 8.27663E+01
 -1       585 8.27472E+01
 -1       586 8.27114E+01
 -1       587 8.26537E+01
 -1       588 8.25668E+01
 -1       589 8.24391E+01
 -1       590 8.22498E+01
 -1       591 8.19557E+01
 -1       592 8.15260E+01
 -1       593 8.08199E+01
 -1       594 7.91794E+01
 -1       595 7.53598E+01
 -1       596 6.89191E+01
 -1       597 6.01180E+01
 -1       598 4.75215E+01
 -1       599 2.71074E+01
 -1       600 2.30205E+01
 -1       601 4.29349E+01
 -1       602 4.29349E+01
 -1       603 3.73078E+01
 -1       604 3.56630E+01
 -1       605 3.56630E+01
 -1       606 3.57198E+01
 -1       607 3.58214E+01
 -1       608 3.59367E+01
 -1       609 3.60585E+01
 -1       610 3.61881E+01
 -1       611 3.63247E+01
 -1       612 3.64726E+01
 -1       613 3.66412E+01
 -1       614 3.68161E+01
 -1       615 3.69900E+01
 -1       616 3.71481E+01
 -1       617 3.72599E+01
 -1       618 3.72637E+01
 -1       619 3.72637E+01
 -1       620 3.70319E+01
 -1       621 3.63019E+01
 -1       622 3.44704E+01
 -1       623 3.00809E+01
 -1       624 4.63665E+01
 -1       625 4.63665E+01
 -1       626 4.29349E+01
 -1       627 4.29349E+01
 -1       628 3.75080E+01
 -1       629 3.56630E+01
 -1       630 3.56630E+01
 -1       631 3.57198E+01
 -1       632 3.58214E+01
 -1       633 3.59367E+01
 -1       634 3.60585E+01
 -1       635 3.61881E+01
 -1       636 3.63247E+01
 -1       637 3.64726E+01
 -1       638 3.66412E+01
 -1       639 3.68161E+01
 -1       640 3.69900E+01
 -1       641 3.71481E+01
 -1       642 3.72599E+01
 -1       643 3.72637E+01
 -1       644 3.72637E+01
 -1       645 3.70319E+01
 -1       646 3.63019E+01
 -1       647 3.45429E+01
 -1       648 3.03594E+01
 -1       649 4.63665E+01
 -1       650 4.63665E+01
 -1       651 4.23818E+01
 -1       652 4.23818E+01
 -1       653 3.77931E+01
 -1       654 3.54584E+01
 -1       655 3.54584E+01
 -1       656 3.54173E+01
 -1       657 3.55152E+01
 -1       658 3.56223E+01
 -1       659 3.57370E+01
 -1       660 3.58608E+01
 -1       661 3.59940E+01
 -1       662 3.61363E+01
 -1       663 3.62865E+01
 -1       664 3.64412E+01
 -1       665 3.65934E+01
 -1       666 3.67433E+01
 -1       667 3.68710E+01
 -1       668 3.69128E+01
 -1       669 3.69128E+01
 -1       670 3.67560E+01
 -1       671 3.61527E+01
 -1       672 3.45429E+01
 -1       673 3.03594E+01
 -1       674 3.82774E+01
 -1       675 3.82774E+01
 -1       676 4.23818E+01
 -1       677 4.23818E+01
 -1       678 3.77931E+01
 -1       679 3.54584E+01
 -1       680 3.54584E+01
 -1       681 3.54173E+01
 -1       682 3.55152E+01
 -1       683 3.56223E+01
 -1       684 3.57370E+01
 -1       685 3.58608E+01
 -1       686 3.59940E+01
 -1       687 3.61363E+01
 -1       688 3.62865E+01
 -1       689 3.64412E+01
 -1       690 3.65934E+01
 -1       691 3.67433E+01
 -1       692 3.68710E+01
 -1       693 3.69128E+01
 -1       694 3.69128E+01
 -1       695 3.67560E+01
 -1       696 3.61527E+01
 -1       697 3.45429E+01
 -1       698 3.03594E+01
 -1       699 3.82774E+01
 -1       700 3.82774E+01
 -1       701 4.29349E+01
 -1       702 4.29349E+01
 -1       703 3.75080E+01
 -1       704 3.56630E+01
 -1       705 3.56630E+01
 -1       706 3.57198E+01
 -1       707 3.58214E+01
 -1       708 3.59367E+01
 -1       709 3.60585E+01
 -1       710 3.61881E+01
 -1       711 3.63247E+01
 -1       712 3.64726E+01
 -1       713 3.66412E+01
 -1       714 3.68161E+01
 -1       715 3.69900E+01
 -1       716 3.71481E+01
 -1       717 3.72599E+01
 -1       718 3.72637E+01
 -1       719 3.72637E+01
 -1       720 3.70319E+01
 -1       721 3.63019E+01
 -1       722 3.45429E+01
 -1       723 3.03594E+01
 -1       724 4.63665E+01
 -1       725 4.63665E+01
 -1       726 4.29349E+01
 -1       727 4.29349E+01
 -1       728 3.73078E+01
 -1       729 3.56630E+01
 -1       730 3.56630E+01
 -1       731 3.57198E+01
 -1       732 3.58214E+01
 -1       733 3.59367E+01
 -1       734 3.60585E+01
 -1       735 3.61881E+01
 -1       736 3.63247E+01
 -1       737 3.64726E+01
 -1       738 3.66412E+01
 -1       739 3.68161E+01
 -1       740 3.69900E+01
 -1       741 3.71481E+01
 -1       742 3.72599E+01
 -1       743 3.72637E+01
 -1       744 3.72637E+01
 -1       745 3.70319E+01
 -1       746 3.63019E+01
 -1       747 3.44704E+01
 -1       748 3.00809E+01
 -1       749 4.63665E+01
 -1       750 4.63665E+01
 -1       751 3.25645E+01
 -1       752 3.25645E+01
 -1       753 2.03238E+01
 -1       754 1.72017E+01
 -1       755 1.62869E+01
 -1       756 1.61694E+01
 -1       757 1.61702E+01
 -1       758 1.61795E+01
 -1       759 1.61900E+01
 -1       760 1.62026E+01
 -1       761 1.62168E+01
 -1       762 1.62330E+01
 -1       763 1.62518E+01
 -1       764 1.62737E+01
 -1       765 1.62995E+01
 -1       766 1.63306E+01
 -1       767 1.63687E+01
 -1       768 1.64163E+01
 -1       769 1.64792E+01
 -1       770 1.65537E+01
 -1       771 1.66664E+01
 -1       772 1.66664E+01
 -1       773 2.23926E+01
 -1       774 4.63665E+01
 -1       775 4.63665E+01
 -1       776 3.25645E+01
 -1       777 3.25645E+01
 -1       778 2.03238E+01
 -1       779 1.72017E+01
 -1       780 1.64381E+01
 -1       781 1.62569E+01
 -1       782 1.62640E+01
 -1       783 1.62777E+01
 -1       784 1.62931E+01
 -1       785 1.63103E+01
 -1       786 1.63299E+01
 -1       787 1.63522E+01
 -1       788 1.63779E+01
 -1       789 1.64079E+01
 -1       790 1.64434E+01
 -1       791 1.64859E+01
 -1       792 1.65377E+01
 -1       793 1.66021E+01
 -1       794 1.66853E+01
 -1       795 1.67942E+01
 -1       796 1.69104E+01
 -1       797 1.72659E+01
 -1       798 2.35807E+01
 -1       799 4.63665E+01
 -1       800 4.63665E+01
 -1       801 3.08851E+01
 -1       802 3.08851E+01
 -1       803 1.66167E+01
 -1       804 1.66167E+01
 -1       805 1.64381E+01
 -1       806 1.62791E+01
 -1       807 1.62847E+01
 -1       808 1.62994E+01
 -1       809 1.63150E+01
 -1       810 1.63327E+01
 -1       811 1.63527E+01
 -1       812 1.63756E+01
 -1       813 1.64019E+01
 -1       814 1.64327E+01
 -1       815 1.64691E+01
 -1       816 1.65128E+01
 -1       817 1.65661E+01
 -1       818 1.66323E+01
 -1       819 1.67179E+01
 -1       820 1.68210E+01
 -1       821 1.69532E+01
 -1       822 1.72684E+01
 -1       823 2.35807E+01
 -1       824 3.82774E+01
 -1       825 3.82774E+01
 -1       826 3.08851E+01
 -1       827 3.08851E+01
 -1       828 1.66167E+01
 -1       829 1.66167E+01
 -1       830 1.64381E+01
 -1       831 1.62791E+01
 -1       832 1.62847E+01
 -1       833 1.62994E+01
 -1       834 1.63150E+01
 -1       835 1.63327E+01
 -1       836 1.63527E+01
 -1       837 1.63756E+01
 -1       838 1.64019E+01
 -1       839 1.64327E+01
 -1       840 1.64691E+01
 -1       841 1.65128E+01
 -1       842 1.65661E+01
 -1       843 1.66323E+01
 -1       844 1.67179E+01
 -1       845 1.68210E+01
 -1       846 1.69532E+01
 -1       847 1.72684E+01
 -1       848 2.35807E+01
 -1       849 3.82774E+01
 -1       850 3.82774E+01
 -1       851 3.25645E+01
 -1       852 3.25645E+01
 -1       853 2.03238E+01
 -1       854 1.72017E+01
 -1       855 1.64381E+01
 -1       856 1.62569E+01
 -1       857 1.62640E+01
 -1       858 1.62777E+01
 -1       859 1.62931E+01
 -1       860 1.63103E+01
 -1       861 1.63299E+01
 -1       862 1.63522E+01
 -1       863 1.63779E+01
 -1       864 1.64079E+01
 -1       865 1.64434E+01
 -1       866 1.64859E+01
 -1       867 1.65377E+01
 -1       868 1.66021E+01
 -1       869 1.66853E+01
 -1       870 1.67942E+01
 -1       871 1.69104E+01
 -1       872 1.72659E+01
 -1       873 2.35807E+01
 -1       874 4.63665E+01
 -1       875 4.63665E+01
 -1       876 3.25645E+01
 -1       877 3.25645E+01
 -1       878 2.03238E+01
 -1       879 1.72017E+01
 -1       880 1.62869E+01
 -1       881 1.61694E+01
 -1       882 1.61702E+01
 -1       883 1.61795E+01
 -1       884 1.61900E+01
 -1       885 1.62026E+01
 -1       886 1.62168E+01
 -1       887 1.62330E+01
 -1       888 1.62518E+01
 -1       889 1.62737E+01
 -1       890 1.62995E+01
 -1       891 1.63306E+01
 -1       892 1.63687E+01
 -1       893 1.64163E+01
 -1       894 1.64792E+01
 -1       895 1.65537E+01
 -1       896 1.66664E+01
 -1       897 1.66664E+01
 -1       898 2.23926E+01
 -1       899 4.63665E+01
 -1       900 4.63665E+01
 -3
 9999
