    1C
    1UUSER                                                              
    1UDATE              22.august.2026                                  
    1UTIME              03:21:14                                        
    1UHOST                                                              
    1UPGM               CalculiX                                        
    1UVERSION           Version 2.22                             
    1UCOMPILETIME       Mon Aug  5 19:15:25 CEST 2024                    
    1UDIR                                                               
    1UDBN                                                               
    1UMAT    1STEEL                                                     
    2C                           900                                     1
 -1         1 0.00000E+00 0.00000E+00 0.00000E+00
 -1         2 6.25000E+00 0.00000E+00 0.00000E+00
 -1         3 1.25000E+01 0.00000E+00 0.00000E+00
 -1         4 1.87500E+01 0.00000E+00 0.00000E+00
 -1         5 2.50000E+01 0.00000E+00 0.00000E+00
 -1         6 3.12500E+01 0.00000E+00 0.00000E+00
 -1         7 3.75000E+01 0.00000E+00 0.00000E+00
 -1         8 4.37500E+01 0.00000E+00 0.00000E+00
 -1         9 5.00000E+01 0.00000E+00 0.00000E+00
 -1        10 5.62500E+01 0.00000E+00 0.00000E+00
 -1        11 6.25000E+01 0.00000E+00 0.00000E+00
 -1        12 6.87500E+01 0.00000E+00 0.00000E+00
 -1        13 7.50000E+01 0.00000E+00 0.00000E+00
 -1        14 8.12500E+01 0.00000E+00 0.00000E+00
 -1        15 8.75000E+01 0.00000E+00 0.00000E+00
 -1        16 9.37500E+01 0.00000E+00 0.00000E+00
 -1        17 1.00000E+02 0.00000E+00 0.00000E+00
 -1        18 1.06250E+02 0.00000E+00 0.00000E+00
 -1        19 1.12500E+02 0.00000E+00 0.00000E+00
 -1        20 1.18750E+02 0.00000E+00 0.00000E+00
 -1        21 1.25000E+02 0.00000E+00 0.00000E+00
 -1        22 1.31250E+02 0.00000E+00 0.00000E+00
 -1        23 1.37500E+02 0.00000E+00 0.00000E+00
 -1        24 1.43750E+02 0.00000E+00 0.00000E+00
 -1        25 1.50000E+02 0.00000E+00 0.00000E+00
 -1        26 0.00000E+00 4.00000E+00 0.00000E+00
 -1        27 6.25000E+00 4.00000E+00 0.00000E+00
 -1        28 1.25000E+01 4.00000E+00 0.00000E+00
 -1        29 1.87500E+01 4.00000E+00 0.00000E+00
 -1        30 2.50000E+01 4.00000E+00 0.00000E+00
 -1        31 3.12500E+01 4.00000E+00 0.00000E+00
 -1        32 3.75000E+01 4.00000E+00 0.00000E+00
 -1        33 4.37500E+01 4.00000E+00 0.00000E+00
 -1        34 5.00000E+01 4.00000E+00 0.00000E+00
 -1        35 5.62500E+01 4.00000E+00 0.00000E+00
 -1        36 6.25000E+01 4.00000E+00 0.00000E+00
 -1        37 6.87500E+01 4.00000E+00 0.00000E+00
 -1        38 7.50000E+01 4.00000E+00 0.00000E+00
 -1        39 8.12500E+01 4.00000E+00 0.00000E+00
 -1        40 8.75000E+01 4.00000E+00 0.00000E+00
 -1        41 9.37500E+01 4.00000E+00 0.00000E+00
 -1        42 1.00000E+02 4.00000E+00 0.00000E+00
 -1        43 1.06250E+02 4.00000E+00 0.00000E+00
 -1        44 1.12500E+02 4.00000E+00 0.00000E+00
 -1        45 1.18750E+02 4.00000E+00 0.00000E+00
 -1        46 1.25000E+02 4.00000E+00 0.00000E+00
 -1        47 1.31250E+02 4.00000E+00 0.00000E+00
 -1        48 1.37500E+02 4.00000E+00 0.00000E+00
 -1        49 1.43750E+02 4.00000E+00 0.00000E+00
 -1        50 1.50000E+02 4.00000E+00 0.00000E+00
 -1        51 0.00000E+00 8.00000E+00 0.00000E+00
 -1        52 6.25000E+00 8.00000E+00 0.00000E+00
 -1        53 1.25000E+01 8.00000E+00 0.00000E+00
 -1        54 1.87500E+01 8.00000E+00 0.00000E+00
 -1        55 2.50000E+01 8.00000E+00 0.00000E+00
 -1        56 3.12500E+01 8.00000E+00 0.00000E+00
 -1        57 3.75000E+01 8.00000E+00 0.00000E+00
 -1        58 4.37500E+01 8.00000E+00 0.00000E+00
 -1        59 5.00000E+01 8.00000E+00 0.00000E+00
 -1        60 5.62500E+01 8.00000E+00 0.00000E+00
 -1        61 6.25000E+01 8.00000E+00 0.00000E+00
 -1        62 6.87500E+01 8.00000E+00 0.00000E+00
 -1        63 7.50000E+01 8.00000E+00 0.00000E+00
 -1        64 8.12500E+01 8.00000E+00 0.00000E+00
 -1        65 8.75000E+01 8.00000E+00 0.00000E+00
 -1        66 9.37500E+01 8.00000E+00 0.00000E+00
 -1        67 1.00000E+02 8.00000E+00 0.00000E+00
 -1        68 1.06250E+02 8.00000E+00 0.00000E+00
 -1        69 1.12500E+02 8.00000E+00 0.00000E+00
 -1        70 1.18750E+02 8.00000E+00 0.00000E+00
 -1        71 1.25000E+02 8.00000E+00 0.00000E+00
 -1        72 1.31250E+02 8.00000E+00 0.00000E+00
 -1        73 1.37500E+02 8.00000E+00 0.00000E+00
 -1        74 1.43750E+02 8.00000E+00 0.00000E+00
 -1        75 1.50000E+02 8.00000E+00 0.00000E+00
 -1        76 0.00000E+00 1.20000E+01 0.00000E+00
 -1        77 6.25000E+00 1.20000E+01 0.00000E+00
 -1        78 1.25000E+01 1.20000E+01 0.00000E+00
 -1        79 1.87500E+01 1.20000E+01 0.00000E+00
 -1        80 2.50000E+01 1.20000E+01 0.00000E+00
 -1        81 3.12500E+01 1.20000E+01 0.00000E+00
 -1        82 3.75000E+01 1.20000E+01 0.00000E+00
 -1        83 4.37500E+01 1.20000E+01 0.00000E+00
 -1        84 5.00000E+01 1.20000E+01 0.00000E+00
 -1        85 5.62500E+01 1.20000E+01 0.00000E+00
 -1        86 6.25000E+01 1.20000E+01 0.00000E+00
 -1        87 6.87500E+01 1.20000E+01 0.00000E+00
 -1        88 7.50000E+01 1.20000E+01 0.00000E+00
 -1        89 8.12500E+01 1.20000E+01 0.00000E+00
 -1        90 8.75000E+01 1.20000E+01 0.00000E+00
 -1        91 9.37500E+01 1.20000E+01 0.00000E+00
 -1        92 1.00000E+02 1.20000E+01 0.00000E+00
 -1        93 1.06250E+02 1.20000E+01 0.00000E+00
 -1        94 1.12500E+02 1.20000E+01 0.00000E+00
 -1        95 1.18750E+02 1.20000E+01 0.00000E+00
 -1        96 1.25000E+02 1.20000E+01 0.00000E+00
 -1        97 1.31250E+02 1.20000E+01 0.00000E+00
 -1        98 1.37500E+02 1.20000E+01 0.00000E+00
 -1        99 1.43750E+02 1.20000E+01 0.00000E+00
 -1       100 1.50000E+02 1.20000E+01 0.00000E+00
 -1       101 0.00000E+00 1.60000E+01 0.00000E+00
 -1       102 6.25000E+00 1.60000E+01 0.00000E+00
 -1       103 1.25000E+01 1.60000E+01 0.00000E+00
 -1       104 1.87500E+01 1.60000E+01 0.00000E+00
 -1       105 2.50000E+01 1.60000E+01 0.00000E+00
 -1       106 3.12500E+01 1.60000E+01 0.00000E+00
 -1       107 3.75000E+01 1.60000E+01 0.00000E+00
 -1       108 4.37500E+01 1.60000E+01 0.00000E+00
 -1       109 5.00000E+01 1.60000E+01 0.00000E+00
 -1       110 5.62500E+01 1.60000E+01 0.00000E+00
 -1       111 6.25000E+01 1.60000E+01 0.00000E+00
 -1       112 6.87500E+01 1.60000E+01 0.00000E+00
 -1       113 7.50000E+01 1.60000E+01 0.00000E+00
 -1       114 8.12500E+01 1.60000E+01 0.00000E+00
 -1       115 8.75000E+01 1.60000E+01 0.00000E+00
 -1       116 9.37500E+01 1.60000E+01 0.00000E+00
 -1       117 1.00000E+02 1.60000E+01 0.00000E+00
 -1       118 1.06250E+02 1.60000E+01 0.00000E+00
 -1       119 1.12500E+02 1.60000E+01 0.00000E+00
 -1       120 1.18750E+02 1.60000E+01 0.00000E+00
 -1       121 1.25000E+02 1.60000E+01 0.00000E+00
 -1       122 1.31250E+02 1.60000E+01 0.00000E+00
 -1       123 1.37500E+02 1.60000E+01 0.00000E+00
 -1       124 1.43750E+02 1.60000E+01 0.00000E+00
 -1       125 1.50000E+02 1.60000E+01 0.00000E+00
 -1       126 0.00000E+00 2.00000E+01 0.00000E+00
 -1       127 6.25000E+00 2.00000E+01 0.00000E+00
 -1       128 1.25000E+01 2.00000E+01 0.00000E+00
 -1       129 1.87500E+01 2.00000E+01 0.00000E+00
 -1       130 2.50000E+01 2.00000E+01 0.00000E+00
 -1       131 3.12500E+01 2.00000E+01 0.00000E+00
 -1       132 3.75000E+01 2.00000E+01 0.00000E+00
 -1       133 4.37500E+01 2.00000E+01 0.00000E+00
 -1       134 5.00000E+01 2.00000E+01 0.00000E+00
 -1       135 5.62500E+01 2.00000E+01 0.00000E+00
 -1       136 6.25000E+01 2.00000E+01 0.00000E+00
 -1       137 6.87500E+01 2.00000E+01 0.00000E+00
 -1       138 7.50000E+01 2.00000E+01 0.00000E+00
 -1       139 8.12500E+01 2.00000E+01 0.00000E+00
 -1       140 8.75000E+01 2.00000E+01 0.00000E+00
 -1       141 9.37500E+01 2.00000E+01 0.00000E+00
 -1       142 1.00000E+02 2.00000E+01 0.00000E+00
 -1       143 1.06250E+02 2.00000E+01 0.00000E+00
 -1       144 1.12500E+02 2.00000E+01 0.00000E+00
 -1       145 1.18750E+02 2.00000E+01 0.00000E+00
 -1       146 1.25000E+02 2.00000E+01 0.00000E+00
 -1       147 1.31250E+02 2.00000E+01 0.00000E+00
 -1       148 1.37500E+02 2.00000E+01 0.00000E+00
 -1       149 1.43750E+02 2.00000E+01 0.00000E+00
 -1       150 1.50000E+02 2.00000E+01 0.00000E+00
 -1       151 0.00000E+00 0.00000E+00 4.00000E+00
 -1       152 6.25000E+00 0.00000E+00 4.00000E+00
 -1       153 1.25000E+01 0.00000E+00 4.00000E+00
 -1       154 1.87500E+01 0.00000E+00 4.00000E+00
 -1       155 2.50000E+01 0.00000E+00 4.00000E+00
 -1       156 3.12500E+01 0.00000E+00 4.00000E+00
 -1       157 3.75000E+01 0.00000E+00 4.00000E+00
 -1       158 4.37500E+01 0.00000E+00 4.00000E+00
 -1       159 5.00000E+01 0.00000E+00 4.00000E+00
 -1       160 5.62500E+01 0.00000E+00 4.00000E+00
 -1       161 6.25000E+01 0.00000E+00 4.00000E+00
 -1       162 6.87500E+01 0.00000E+00 4.00000E+00
 -1       163 7.50000E+01 0.00000E+00 4.00000E+00
 -1       164 8.12500E+01 0.00000E+00 4.00000E+00
 -1       165 8.75000E+01 0.00000E+00 4.00000E+00
 -1       166 9.37500E+01 0.00000E+00 4.00000E+00
 -1       167 1.00000E+02 0.00000E+00 4.00000E+00
 -1       168 1.06250E+02 0.00000E+00 4.00000E+00
 -1       169 1.12500E+02 0.00000E+00 4.00000E+00
 -1       170 1.18750E+02 0.00000E+00 4.00000E+00
 -1       171 1.25000E+02 0.00000E+00 4.00000E+00
 -1       172 1.31250E+02 0.00000E+00 4.00000E+00
 -1       173 1.37500E+02 0.00000E+00 4.00000E+00
 -1       174 1.43750E+02 0.00000E+00 4.00000E+00
 -1       175 1.50000E+02 0.00000E+00 4.00000E+00
 -1       176 0.00000E+00 4.00000E+00 4.00000E+00
 -1       177 6.25000E+00 4.00000E+00 4.00000E+00
 -1       178 1.25000E+01 4.00000E+00 4.00000E+00
 -1       179 1.87500E+01 4.00000E+00 4.00000E+00
 -1       180 2.50000E+01 4.00000E+00 4.00000E+00
 -1       181 3.12500E+01 4.00000E+00 4.00000E+00
 -1       182 3.75000E+01 4.00000E+00 4.00000E+00
 -1       183 4.37500E+01 4.00000E+00 4.00000E+00
 -1       184 5.00000E+01 4.00000E+00 4.00000E+00
 -1       185 5.62500E+01 4.00000E+00 4.00000E+00
 -1       186 6.25000E+01 4.00000E+00 4.00000E+00
 -1       187 6.87500E+01 4.00000E+00 4.00000E+00
 -1       188 7.50000E+01 4.00000E+00 4.00000E+00
 -1       189 8.12500E+01 4.00000E+00 4.00000E+00
 -1       190 8.75000E+01 4.00000E+00 4.00000E+00
 -1       191 9.37500E+01 4.00000E+00 4.00000E+00
 -1       192 1.00000E+02 4.00000E+00 4.00000E+00
 -1       193 1.06250E+02 4.00000E+00 4.00000E+00
 -1       194 1.12500E+02 4.00000E+00 4.00000E+00
 -1       195 1.18750E+02 4.00000E+00 4.00000E+00
 -1       196 1.25000E+02 4.00000E+00 4.00000E+00
 -1       197 1.31250E+02 4.00000E+00 4.00000E+00
 -1       198 1.37500E+02 4.00000E+00 4.00000E+00
 -1       199 1.43750E+02 4.00000E+00 4.00000E+00
 -1       200 1.50000E+02 4.00000E+00 4.00000E+00
 -1       201 0.00000E+00 8.00000E+00 4.00000E+00
 -1       202 6.25000E+00 8.00000E+00 4.00000E+00
 -1       203 1.25000E+01 8.00000E+00 4.00000E+00
 -1       204 1.87500E+01 8.00000E+00 4.00000E+00
 -1       205 2.50000E+01 8.00000E+00 4.00000E+00
 -1       206 3.12500E+01 8.00000E+00 4.00000E+00
 -1       207 3.75000E+01 8.00000E+00 4.00000E+00
 -1       208 4.37500E+01 8.00000E+00 4.00000E+00
 -1       209 5.00000E+01 8.00000E+00 4.00000E+00
 -1       210 5.62500E+01 8.00000E+00 4.00000E+00
 -1       211 6.25000E+01 8.00000E+00 4.00000E+00
 -1       212 6.87500E+01 8.00000E+00 4.00000E+00
 -1       213 7.50000E+01 8.00000E+00 4.00000E+00
 -1       214 8.12500E+01 8.00000E+00 4.00000E+00
 -1       215 8.75000E+01 8.00000E+00 4.00000E+00
 -1       216 9.37500E+01 8.00000E+00 4.00000E+00
 -1       217 1.00000E+02 8.00000E+00 4.00000E+00
 -1       218 1.06250E+02 8.00000E+00 4.00000E+00
 -1       219 1.12500E+02 8.00000E+00 4.00000E+00
 -1       220 1.18750E+02 8.00000E+00 4.00000E+00
 -1       221 1.25000E+02 8.00000E+00 4.00000E+00
 -1       222 1.31250E+02 8.00000E+00 4.00000E+00
 -1       223 1.37500E+02 8.00000E+00 4.00000E+00
 -1       224 1.43750E+02 8.00000E+00 4.00000E+00
 -1       225 1.50000E+02 8.00000E+00 4.00000E+00
 -1       226 0.00000E+00 1.20000E+01 4.00000E+00
 -1       227 6.25000E+00 1.20000E+01 4.00000E+00
 -1       228 1.25000E+01 1.20000E+01 4.00000E+00
 -1       229 1.87500E+01 1.20000E+01 4.00000E+00
 -1       230 2.50000E+01 1.20000E+01 4.00000E+00
 -1       231 3.12500E+01 1.20000E+01 4.00000E+00
 -1       232 3.75000E+01 1.20000E+01 4.00000E+00
 -1       233 4.37500E+01 1.20000E+01 4.00000E+00
 -1       234 5.00000E+01 1.20000E+01 4.00000E+00
 -1       235 5.62500E+01 1.20000E+01 4.00000E+00
 -1       236 6.25000E+01 1.20000E+01 4.00000E+00
 -1       237 6.87500E+01 1.20000E+01 4.00000E+00
 -1       238 7.50000E+01 1.20000E+01 4.00000E+00
 -1       239 8.12500E+01 1.20000E+01 4.00000E+00
 -1       240 8.75000E+01 1.20000E+01 4.00000E+00
 -1       241 9.37500E+01 1.20000E+01 4.00000E+00
 -1       242 1.00000E+02 1.20000E+01 4.00000E+00
 -1       243 1.06250E+02 1.20000E+01 4.00000E+00
 -1       244 1.12500E+02 1.20000E+01 4.00000E+00
 -1       245 1.18750E+02 1.20000E+01 4.00000E+00
 -1       246 1.25000E+02 1.20000E+01 4.00000E+00
 -1       247 1.31250E+02 1.20000E+01 4.00000E+00
 -1       248 1.37500E+02 1.20000E+01 4.00000E+00
 -1       249 1.43750E+02 1.20000E+01 4.00000E+00
 -1       250 1.50000E+02 1.20000E+01 4.00000E+00
 -1       251 0.00000E+00 1.60000E+01 4.00000E+00
 -1       252 6.25000E+00 1.60000E+01 4.00000E+00
 -1       253 1.25000E+01 1.60000E+01 4.00000E+00
 -1       254 1.87500E+01 1.60000E+01 4.00000E+00
 -1       255 2.50000E+01 1.60000E+01 4.00000E+00
 -1       256 3.12500E+01 1.60000E+01 4.00000E+00
 -1       257 3.75000E+01 1.60000E+01 4.00000E+00
 -1       258 4.37500E+01 1.60000E+01 4.00000E+00
 -1       259 5.00000E+01 1.60000E+01 4.00000E+00
 -1       260 5.62500E+01 1.60000E+01 4.00000E+00
 -1       261 6.25000E+01 1.60000E+01 4.00000E+00
 -1       262 6.87500E+01 1.60000E+01 4.00000E+00
 -1       263 7.50000E+01 1.60000E+01 4.00000E+00
 -1       264 8.12500E+01 1.60000E+01 4.00000E+00
 -1       265 8.75000E+01 1.60000E+01 4.00000E+00
 -1       266 9.37500E+01 1.60000E+01 4.00000E+00
 -1       267 1.00000E+02 1.60000E+01 4.00000E+00
 -1       268 1.06250E+02 1.60000E+01 4.00000E+00
 -1       269 1.12500E+02 1.60000E+01 4.00000E+00
 -1       270 1.18750E+02 1.60000E+01 4.00000E+00
 -1       271 1.25000E+02 1.60000E+01 4.00000E+00
 -1       272 1.31250E+02 1.60000E+01 4.00000E+00
 -1       273 1.37500E+02 1.60000E+01 4.00000E+00
 -1       274 1.43750E+02 1.60000E+01 4.00000E+00
 -1       275 1.50000E+02 1.60000E+01 4.00000E+00
 -1       276 0.00000E+00 2.00000E+01 4.00000E+00
 -1       277 6.25000E+00 2.00000E+01 4.00000E+00
 -1       278 1.25000E+01 2.00000E+01 4.00000E+00
 -1       279 1.87500E+01 2.00000E+01 4.00000E+00
 -1       280 2.50000E+01 2.00000E+01 4.00000E+00
 -1       281 3.12500E+01 2.00000E+01 4.00000E+00
 -1       282 3.75000E+01 2.00000E+01 4.00000E+00
 -1       283 4.37500E+01 2.00000E+01 4.00000E+00
 -1       284 5.00000E+01 2.00000E+01 4.00000E+00
 -1       285 5.62500E+01 2.00000E+01 4.00000E+00
 -1       286 6.25000E+01 2.00000E+01 4.00000E+00
 -1       287 6.87500E+01 2.00000E+01 4.00000E+00
 -1       288 7.50000E+01 2.00000E+01 4.00000E+00
 -1       289 8.12500E+01 2.00000E+01 4.00000E+00
 -1       290 8.75000E+01 2.00000E+01 4.00000E+00
 -1       291 9.37500E+01 2.00000E+01 4.00000E+00
 -1       292 1.00000E+02 2.00000E+01 4.00000E+00
 -1       293 1.06250E+02 2.00000E+01 4.00000E+00
 -1       294 1.12500E+02 2.00000E+01 4.00000E+00
 -1       295 1.18750E+02 2.00000E+01 4.00000E+00
 -1       296 1.25000E+02 2.00000E+01 4.00000E+00
 -1       297 1.31250E+02 2.00000E+01 4.00000E+00
 -1       298 1.37500E+02 2.00000E+01 4.00000E+00
 -1       299 1.43750E+02 2.00000E+01 4.00000E+00
 -1       300 1.50000E+02 2.00000E+01 4.00000E+00
 -1       301 0.00000E+00 0.00000E+00 8.00000E+00
 -1       302 6.25000E+00 0.00000E+00 8.00000E+00
 -1       303 1.25000E+01 0.00000E+00 8.00000E+00
 -1       304 1.87500E+01 0.00000E+00 8.00000E+00
 -1       305 2.50000E+01 0.00000E+00 8.00000E+00
 -1       306 3.12500E+01 0.00000E+00 8.00000E+00
 -1       307 3.75000E+01 0.00000E+00 8.00000E+00
 -1       308 4.37500E+01 0.00000E+00 8.00000E+00
 -1       309 5.00000E+01 0.00000E+00 8.00000E+00
 -1       310 5.62500E+01 0.00000E+00 8.00000E+00
 -1       311 6.25000E+01 0.00000E+00 8.00000E+00
 -1       312 6.87500E+01 0.00000E+00 8.00000E+00
 -1       313 7.50000E+01 0.00000E+00 8.00000E+00
 -1       314 8.12500E+01 0.00000E+00 8.00000E+00
 -1       315 8.75000E+01 0.00000E+00 8.00000E+00
 -1       316 9.37500E+01 0.00000E+00 8.00000E+00
 -1       317 1.00000E+02 0.00000E+00 8.00000E+00
 -1       318 1.06250E+02 0.00000E+00 8.00000E+00
 -1       319 1.12500E+02 0.00000E+00 8.00000E+00
 -1       320 1.18750E+02 0.00000E+00 8.00000E+00
 -1       321 1.25000E+02 0.00000E+00 8.00000E+00
 -1       322 1.31250E+02 0.00000E+00 8.00000E+00
 -1       323 1.37500E+02 0.00000E+00 8.00000E+00
 -1       324 1.43750E+02 0.00000E+00 8.00000E+00
 -1       325 1.50000E+02 0.00000E+00 8.00000E+00
 -1       326 0.00000E+00 4.00000E+00 8.00000E+00
 -1       327 6.25000E+00 4.00000E+00 8.00000E+00
 -1       328 1.25000E+01 4.00000E+00 8.00000E+00
 -1       329 1.87500E+01 4.00000E+00 8.00000E+00
 -1       330 2.50000E+01 4.00000E+00 8.00000E+00
 -1       331 3.12500E+01 4.00000E+00 8.00000E+00
 -1       332 3.75000E+01 4.00000E+00 8.00000E+00
 -1       333 4.37500E+01 4.00000E+00 8.00000E+00
 -1       334 5.00000E+01 4.00000E+00 8.00000E+00
 -1       335 5.62500E+01 4.00000E+00 8.00000E+00
 -1       336 6.25000E+01 4.00000E+00 8.00000E+00
 -1       337 6.87500E+01 4.00000E+00 8.00000E+00
 -1       338 7.50000E+01 4.00000E+00 8.00000E+00
 -1       339 8.12500E+01 4.00000E+00 8.00000E+00
 -1       340 8.75000E+01 4.00000E+00 8.00000E+00
 -1       341 9.37500E+01 4.00000E+00 8.00000E+00
 -1       342 1.00000E+02 4.00000E+00 8.00000E+00
 -1       343 1.06250E+02 4.00000E+00 8.00000E+00
 -1       344 1.12500E+02 4.00000E+00 8.00000E+00
 -1       345 1.18750E+02 4.00000E+00 8.00000E+00
 -1       346 1.25000E+02 4.00000E+00 8.00000E+00
 -1       347 1.31250E+02 4.00000E+00 8.00000E+00
 -1       348 1.37500E+02 4.00000E+00 8.00000E+00
 -1       349 1.43750E+02 4.00000E+00 8.00000E+00
 -1       350 1.50000E+02 4.00000E+00 8.00000E+00
 -1       351 0.00000E+00 8.00000E+00 8.00000E+00
 -1       352 6.25000E+00 8.00000E+00 8.00000E+00
 -1       353 1.25000E+01 8.00000E+00 8.00000E+00
 -1       354 1.87500E+01 8.00000E+00 8.00000E+00
 -1       355 2.50000E+01 8.00000E+00 8.00000E+00
 -1       356 3.12500E+01 8.00000E+00 8.00000E+00
 -1       357 3.75000E+01 8.00000E+00 8.00000E+00
 -1       358 4.37500E+01 8.00000E+00 8.00000E+00
 -1       359 5.00000E+01 8.00000E+00 8.00000E+00
 -1       360 5.62500E+01 8.00000E+00 8.00000E+00
 -1       361 6.25000E+01 8.00000E+00 8.00000E+00
 -1       362 6.87500E+01 8.00000E+00 8.00000E+00
 -1       363 7.50000E+01 8.00000E+00 8.00000E+00
 -1       364 8.12500E+01 8.00000E+00 8.00000E+00
 -1       365 8.75000E+01 8.00000E+00 8.00000E+00
 -1       366 9.37500E+01 8.00000E+00 8.00000E+00
 -1       367 1.00000E+02 8.00000E+00 8.00000E+00
 -1       368 1.06250E+02 8.00000E+00 8.00000E+00
 -1       369 1.12500E+02 8.00000E+00 8.00000E+00
 -1       370 1.18750E+02 8.00000E+00 8.00000E+00
 -1       371 1.25000E+02 8.00000E+00 8.00000E+00
 -1       372 1.31250E+02 8.00000E+00 8.00000E+00
 -1       373 1.37500E+02 8.00000E+00 8.00000E+00
 -1       374 1.43750E+02 8.00000E+00 8.00000E+00
 -1       375 1.50000E+02 8.00000E+00 8.00000E+00
 -1       376 0.00000E+00 1.20000E+01 8.00000E+00
 -1       377 6.25000E+00 1.20000E+01 8.00000E+00
 -1       378 1.25000E+01 1.20000E+01 8.00000E+00
 -1       379 1.87500E+01 1.20000E+01 8.00000E+00
 -1       380 2.50000E+01 1.20000E+01 8.00000E+00
 -1       381 3.12500E+01 1.20000E+01 8.00000E+00
 -1       382 3.75000E+01 1.20000E+01 8.00000E+00
 -1       383 4.37500E+01 1.20000E+01 8.00000E+00
 -1       384 5.00000E+01 1.20000E+01 8.00000E+00
 -1       385 5.62500E+01 1.20000E+01 8.00000E+00
 -1       386 6.25000E+01 1.20000E+01 8.00000E+00
 -1       387 6.87500E+01 1.20000E+01 8.00000E+00
 -1       388 7.50000E+01 1.20000E+01 8.00000E+00
 -1       389 8.12500E+01 1.20000E+01 8.00000E+00
 -1       390 8.75000E+01 1.20000E+01 8.00000E+00
 -1       391 9.37500E+01 1.20000E+01 8.00000E+00
 -1       392 1.00000E+02 1.20000E+01 8.00000E+00
 -1       393 1.06250E+02 1.20000E+01 8.00000E+00
 -1       394 1.12500E+02 1.20000E+01 8.00000E+00
 -1       395 1.18750E+02 1.20000E+01 8.00000E+00
 -1       396 1.25000E+02 1.20000E+01 8.00000E+00
 -1       397 1.31250E+02 1.20000E+01 8.00000E+00
 -1       398 1.37500E+02 1.20000E+01 8.00000E+00
 -1       399 1.43750E+02 1.20000E+01 8.00000E+00
 -1       400 1.50000E+02 1.20000E+01 8.00000E+00
 -1       401 0.00000E+00 1.60000E+01 8.00000E+00
 -1       402 6.25000E+00 1.60000E+01 8.00000E+00
 -1       403 1.25000E+01 1.60000E+01 8.00000E+00
 -1       404 1.87500E+01 1.60000E+01 8.00000E+00
 -1       405 2.50000E+01 1.60000E+01 8.00000E+00
 -1       406 3.12500E+01 1.60000E+01 8.00000E+00
 -1       407 3.75000E+01 1.60000E+01 8.00000E+00
 -1       408 4.37500E+01 1.60000E+01 8.00000E+00
 -1       409 5.00000E+01 1.60000E+01 8.00000E+00
 -1       410 5.62500E+01 1.60000E+01 8.00000E+00
 -1       411 6.25000E+01 1.60000E+01 8.00000E+00
 -1       412 6.87500E+01 1.60000E+01 8.00000E+00
 -1       413 7.50000E+01 1.60000E+01 8.00000E+00
 -1       414 8.12500E+01 1.60000E+01 8.00000E+00
 -1       415 8.75000E+01 1.60000E+01 8.00000E+00
 -1       416 9.37500E+01 1.60000E+01 8.00000E+00
 -1       417 1.00000E+02 1.60000E+01 8.00000E+00
 -1       418 1.06250E+02 1.60000E+01 8.00000E+00
 -1       419 1.12500E+02 1.60000E+01 8.00000E+00
 -1       420 1.18750E+02 1.60000E+01 8.00000E+00
 -1       421 1.25000E+02 1.60000E+01 8.00000E+00
 -1       422 1.31250E+02 1.60000E+01 8.00000E+00
 -1       423 1.37500E+02 1.60000E+01 8.00000E+00
 -1       424 1.43750E+02 1.60000E+01 8.00000E+00
 -1       425 1.50000E+02 1.60000E+01 8.00000E+00
 -1       426 0.00000E+00 2.00000E+01 8.00000E+00
 -1       427 6.25000E+00 2.00000E+01 8.00000E+00
 -1       428 1.25000E+01 2.00000E+01 8.00000E+00
 -1       429 1.87500E+01 2.00000E+01 8.00000E+00
 -1       430 2.50000E+01 2.00000E+01 8.00000E+00
 -1       431 3.12500E+01 2.00000E+01 8.00000E+00
 -1       432 3.75000E+01 2.00000E+01 8.00000E+00
 -1       433 4.37500E+01 2.00000E+01 8.00000E+00
 -1       434 5.00000E+01 2.00000E+01 8.00000E+00
 -1       435 5.62500E+01 2.00000E+01 8.00000E+00
 -1       436 6.25000E+01 2.00000E+01 8.00000E+00
 -1       437 6.87500E+01 2.00000E+01 8.00000E+00
 -1       438 7.50000E+01 2.00000E+01 8.00000E+00
 -1       439 8.12500E+01 2.00000E+01 8.00000E+00
 -1       440 8.75000E+01 2.00000E+01 8.00000E+00
 -1       441 9.37500E+01 2.00000E+01 8.00000E+00
 -1       442 1.00000E+02 2.00000E+01 8.00000E+00
 -1       443 1.06250E+02 2.00000E+01 8.00000E+00
 -1       444 1.12500E+02 2.00000E+01 8.00000E+00
 -1       445 1.18750E+02 2.00000E+01 8.00000E+00
 -1       446 1.25000E+02 2.00000E+01 8.00000E+00
 -1       447 1.31250E+02 2.00000E+01 8.00000E+00
 -1       448 1.37500E+02 2.00000E+01 8.00000E+00
 -1       449 1.43750E+02 2.00000E+01 8.00000E+00
 -1       450 1.50000E+02 2.00000E+01 8.00000E+00
 -1       451 0.00000E+00 0.00000E+00 1.20000E+01
 -1       452 6.25000E+00 0.00000E+00 1.20000E+01
 -1       453 1.25000E+01 0.00000E+00 1.20000E+01
 -1       454 1.87500E+01 0.00000E+00 1.20000E+01
 -1       455 2.50000E+01 0.00000E+00 1.20000E+01
 -1       456 3.12500E+01 0.00000E+00 1.20000E+01
 -1       457 3.75000E+01 0.00000E+00 1.20000E+01
 -1       458 4.37500E+01 0.00000E+00 1.20000E+01
 -1       459 5.00000E+01 0.00000E+00 1.20000E+01
 -1       460 5.62500E+01 0.00000E+00 1.20000E+01
 -1       461 6.25000E+01 0.00000E+00 1.20000E+01
 -1       462 6.87500E+01 0.00000E+00 1.20000E+01
 -1       463 7.50000E+01 0.00000E+00 1.20000E+01
 -1       464 8.12500E+01 0.00000E+00 1.20000E+01
 -1       465 8.75000E+01 0.00000E+00 1.20000E+01
 -1       466 9.37500E+01 0.00000E+00 1.20000E+01
 -1       467 1.00000E+02 0.00000E+00 1.20000E+01
 -1       468 1.06250E+02 0.00000E+00 1.20000E+01
 -1       469 1.12500E+02 0.00000E+00 1.20000E+01
 -1       470 1.18750E+02 0.00000E+00 1.20000E+01
 -1       471 1.25000E+02 0.00000E+00 1.20000E+01
 -1       472 1.31250E+02 0.00000E+00 1.20000E+01
 -1       473 1.37500E+02 0.00000E+00 1.20000E+01
 -1       474 1.43750E+02 0.00000E+00 1.20000E+01
 -1       475 1.50000E+02 0.00000E+00 1.20000E+01
 -1       476 0.00000E+00 4.00000E+00 1.20000E+01
 -1       477 6.25000E+00 4.00000E+00 1.20000E+01
 -1       478 1.25000E+01 4.00000E+00 1.20000E+01
 -1       479 1.87500E+01 4.00000E+00 1.20000E+01
 -1       480 2.50000E+01 4.00000E+00 1.20000E+01
 -1       481 3.12500E+01 4.00000E+00 1.20000E+01
 -1       482 3.75000E+01 4.00000E+00 1.20000E+01
 -1       483 4.37500E+01 4.00000E+00 1.20000E+01
 -1       484 5.00000E+01 4.00000E+00 1.20000E+01
 -1       485 5.62500E+01 4.00000E+00 1.20000E+01
 -1       486 6.25000E+01 4.00000E+00 1.20000E+01
 -1       487 6.87500E+01 4.00000E+00 1.20000E+01
 -1       488 7.50000E+01 4.00000E+00 1.20000E+01
 -1       489 8.12500E+01 4.00000E+00 1.20000E+01
 -1       490 8.75000E+01 4.00000E+00 1.20000E+01
 -1       491 9.37500E+01 4.00000E+00 1.20000E+01
 -1       492 1.00000E+02 4.00000E+00 1.20000E+01
 -1       493 1.06250E+02 4.00000E+00 1.20000E+01
 -1       494 1.12500E+02 4.00000E+00 1.20000E+01
 -1       495 1.18750E+02 4.00000E+00 1.20000E+01
 -1       496 1.25000E+02 4.00000E+00 1.20000E+01
 -1       497 1.31250E+02 4.00000E+00 1.20000E+01
 -1       498 1.37500E+02 4.00000E+00 1.20000E+01
 -1       499 1.43750E+02 4.00000E+00 1.20000E+01
 -1       500 1.50000E+02 4.00000E+00 1.20000E+01
 -1       501 0.00000E+00 8.00000E+00 1.20000E+01
 -1       502 6.25000E+00 8.00000E+00 1.20000E+01
 -1       503 1.25000E+01 8.00000E+00 1.20000E+01
 -1       504 1.87500E+01 8.00000E+00 1.20000E+01
 -1       505 2.50000E+01 8.00000E+00 1.20000E+01
 -1       506 3.12500E+01 8.00000E+00 1.20000E+01
 -1       507 3.75000E+01 8.00000E+00 1.20000E+01
 -1       508 4.37500E+01 8.00000E+00 1.20000E+01
 -1       509 5.00000E+01 8.00000E+00 1.20000E+01
 -1       510 5.62500E+01 8.00000E+00 1.20000E+01
 -1       511 6.25000E+01 8.00000E+00 1.20000E+01
 -1       512 6.87500E+01 8.00000E+00 1.20000E+01
 -1       513 7.50000E+01 8.00000E+00 1.20000E+01
 -1       514 8.12500E+01 8.00000E+00 1.20000E+01
 -1       515 8.75000E+01 8.00000E+00 1.20000E+01
 -1       516 9.37500E+01 8.00000E+00 1.20000E+01
 -1       517 1.00000E+02 8.00000E+00 1.20000E+01
 -1       518 1.06250E+02 8.00000E+00 1.20000E+01
 -1       519 1.12500E+02 8.00000E+00 1.20000E+01
 -1       520 1.18750E+02 8.00000E+00 1.20000E+01
 -1       521 1.25000E+02 8.00000E+00 1.20000E+01
 -1       522 1.31250E+02 8.00000E+00 1.20000E+01
 -1       523 1.37500E+02 8.00000E+00 1.20000E+01
 -1       524 1.43750E+02 8.00000E+00 1.20000E+01
 -1       525 1.50000E+02 8.00000E+00 1.20000E+01
 -1       526 0.00000E+00 1.20000E+01 1.20000E+01
 -1       527 6.25000E+00 1.20000E+01 1.20000E+01
 -1       528 1.25000E+01 1.20000E+01 1.20000E+01
 -1       529 1.87500E+01 1.20000E+01 1.20000E+01
 -1       530 2.50000E+01 1.20000E+01 1.20000E+01
 -1       531 3.12500E+01 1.20000E+01 1.20000E+01
 -1       532 3.75000E+01 1.20000E+01 1.20000E+01
 -1       533 4.37500E+01 1.20000E+01 1.20000E+01
 -1       534 5.00000E+01 1.20000E+01 1.20000E+01
 -1       535 5.62500E+01 1.20000E+01 1.20000E+01
 -1       536 6.25000E+01 1.20000E+01 1.20000E+01
 -1       537 6.87500E+01 1.20000E+01 1.20000E+01
 -1       538 7.50000E+01 1.20000E+01 1.20000E+01
 -1       539 8.12500E+01 1.20000E+01 1.20000E+01
 -1       540 8.75000E+01 1.20000E+01 1.20000E+01
 -1       541 9.37500E+01 1.20000E+01 1.20000E+01
 -1       542 1.00000E+02 1.20000E+01 1.20000E+01
 -1       543 1.06250E+02 1.20000E+01 1.20000E+01
 -1       544 1.12500E+02 1.20000E+01 1.20000E+01
 -1       545 1.18750E+02 1.20000E+01 1.20000E+01
 -1       546 1.25000E+02 1.20000E+01 1.20000E+01
 -1       547 1.31250E+02 1.20000E+01 1.20000E+01
 -1       548 1.37500E+02 1.20000E+01 1.20000E+01
 -1       549 1.43750E+02 1.20000E+01 1.20000E+01
 -1       550 1.50000E+02 1.20000E+01 1.20000E+01
 -1       551 0.00000E+00 1.60000E+01 1.20000E+01
 -1       552 6.25000E+00 1.60000E+01 1.20000E+01
 -1       553 1.25000E+01 1.60000E+01 1.20000E+01
 -1       554 1.87500E+01 1.60000E+01 1.20000E+01
 -1       555 2.50000E+01 1.60000E+01 1.20000E+01
 -1       556 3.12500E+01 1.60000E+01 1.20000E+01
 -1       557 3.75000E+01 1.60000E+01 1.20000E+01
 -1       558 4.37500E+01 1.60000E+01 1.20000E+01
 -1       559 5.00000E+01 1.60000E+01 1.20000E+01
 -1       560 5.62500E+01 1.60000E+01 1.20000E+01
 -1       561 6.25000E+01 1.60000E+01 1.20000E+01
 -1       562 6.87500E+01 1.60000E+01 1.20000E+01
 -1       563 7.50000E+01 1.60000E+01 1.20000E+01
 -1       564 8.12500E+01 1.60000E+01 1.20000E+01
 -1       565 8.75000E+01 1.60000E+01 1.20000E+01
 -1       566 9.37500E+01 1.60000E+01 1.20000E+01
 -1       567 1.00000E+02 1.60000E+01 1.20000E+01
 -1       568 1.06250E+02 1.60000E+01 1.20000E+01
 -1       569 1.12500E+02 1.60000E+01 1.20000E+01
 -1       570 1.18750E+02 1.60000E+01 1.20000E+01
 -1       571 1.25000E+02 1.60000E+01 1.20000E+01
 -1       572 1.31250E+02 1.60000E+01 1.20000E+01
 -1       573 1.37500E+02 1.60000E+01 1.20000E+01
 -1       574 1.43750E+02 1.60000E+01 1.20000E+01
 -1       575 1.50000E+02 1.60000E+01 1.20000E+01
 -1       576 0.00000E+00 2.00000E+01 1.20000E+01
 -1       577 6.25000E+00 2.00000E+01 1.20000E+01
 -1       578 1.25000E+01 2.00000E+01 1.20000E+01
 -1       579 1.87500E+01 2.00000E+01 1.20000E+01
 -1       580 2.50000E+01 2.00000E+01 1.20000E+01
 -1       581 3.12500E+01 2.00000E+01 1.20000E+01
 -1       582 3.75000E+01 2.00000E+01 1.20000E+01
 -1       583 4.37500E+01 2.00000E+01 1.20000E+01
 -1       584 5.00000E+01 2.00000E+01 1.20000E+01
 -1       585 5.62500E+01 2.00000E+01 1.20000E+01
 -1       586 6.25000E+01 2.00000E+01 1.20000E+01
 -1       587 6.87500E+01 2.00000E+01 1.20000E+01
 -1       588 7.50000E+01 2.00000E+01 1.20000E+01
 -1       589 8.12500E+01 2.00000E+01 1.20000E+01
 -1       590 8.75000E+01 2.00000E+01 1.20000E+01
 -1       591 9.37500E+01 2.00000E+01 1.20000E+01
 -1       592 1.00000E+02 2.00000E+01 1.20000E+01
 -1       593 1.06250E+02 2.00000E+01 1.20000E+01
 -1       594 1.12500E+02 2.00000E+01 1.20000E+01
 -1       595 1.18750E+02 2.00000E+01 1.20000E+01
 -1       596 1.25000E+02 2.00000E+01 1.20000E+01
 -1       597 1.31250E+02 2.00000E+01 1.20000E+01
 -1       598 1.37500E+02 2.00000E+01 1.20000E+01
 -1       599 1.43750E+02 2.00000E+01 1.20000E+01
 -1       600 1.50000E+02 2.00000E+01 1.20000E+01
 -1       601 0.00000E+00 0.00000E+00 1.60000E+01
 -1       602 6.25000E+00 0.00000E+00 1.60000E+01
 -1       603 1.25000E+01 0.00000E+00 1.60000E+01
 -1       604 1.87500E+01 0.00000E+00 1.60000E+01
 -1       605 2.50000E+01 0.00000E+00 1.60000E+01
 -1       606 3.12500E+01 0.00000E+00 1.60000E+01
 -1       607 3.75000E+01 0.00000E+00 1.60000E+01
 -1       608 4.37500E+01 0.00000E+00 1.60000E+01
 -1       609 5.00000E+01 0.00000E+00 1.60000E+01
 -1       610 5.62500E+01 0.00000E+00 1.60000E+01
 -1       611 6.25000E+01 0.00000E+00 1.60000E+01
 -1       612 6.87500E+01 0.00000E+00 1.60000E+01
 -1       613 7.50000E+01 0.00000E+00 1.60000E+01
 -1       614 8.12500E+01 0.00000E+00 1.60000E+01
 -1       615 8.75000E+01 0.00000E+00 1.60000E+01
 -1       616 9.37500E+01 0.00000E+00 1.60000E+01
 -1       617 1.00000E+02 0.00000E+00 1.60000E+01
 -1       618 1.06250E+02 0.00000E+00 1.60000E+01
 -1       619 1.12500E+02 0.00000E+00 1.60000E+01
 -1       620 1.18750E+02 0.00000E+00 1.60000E+01
 -1       621 1.25000E+02 0.00000E+00 1.60000E+01
 -1       622 1.31250E+02 0.00000E+00 1.60000E+01
 -1       623 1.37500E+02 0.00000E+00 1.60000E+01
 -1       624 1.43750E+02 0.00000E+00 1.60000E+01
 -1       625 1.50000E+02 0.00000E+00 1.60000E+01
 -1       626 0.00000E+00 4.00000E+00 1.60000E+01
 -1       627 6.25000E+00 4.00000E+00 1.60000E+01
 -1       628 1.25000E+01 4.00000E+00 1.60000E+01
 -1       629 1.87500E+01 4.00000E+00 1.60000E+01
 -1       630 2.50000E+01 4.00000E+00 1.60000E+01
 -1       631 3.12500E+01 4.00000E+00 1.60000E+01
 -1       632 3.75000E+01 4.00000E+00 1.60000E+01
 -1       633 4.37500E+01 4.00000E+00 1.60000E+01
 -1       634 5.00000E+01 4.00000E+00 1.60000E+01
 -1       635 5.62500E+01 4.00000E+00 1.60000E+01
 -1       636 6.25000E+01 4.00000E+00 1.60000E+01
 -1       637 6.87500E+01 4.00000E+00 1.60000E+01
 -1       638 7.50000E+01 4.00000E+00 1.60000E+01
 -1       639 8.12500E+01 4.00000E+00 1.60000E+01
 -1       640 8.75000E+01 4.00000E+00 1.60000E+01
 -1       641 9.37500E+01 4.00000E+00 1.60000E+01
 -1       642 1.00000E+02 4.00000E+00 1.60000E+01
 -1       643 1.06250E+02 4.00000E+00 1.60000E+01
 -1       644 1.12500E+02 4.00000E+00 1.60000E+01
 -1       645 1.18750E+02 4.00000E+00 1.60000E+01
 -1       646 1.25000E+02 4.00000E+00 1.60000E+01
 -1       647 1.31250E+02 4.00000E+00 1.60000E+01
 -1       648 1.37500E+02 4.00000E+00 1.60000E+01
 -1       649 1.43750E+02 4.00000E+00 1.60000E+01
 -1       650 1.50000E+02 4.00000E+00 1.60000E+01
 -1       651 0.00000E+00 8.00000E+00 1.60000E+01
 -1       652 6.25000E+00 8.00000E+00 1.60000E+01
 -1       653 1.25000E+01 8.00000E+00 1.60000E+01
 -1       654 1.87500E+01 8.00000E+00 1.60000E+01
 -1       655 2.50000E+01 8.00000E+00 1.60000E+01
 -1       656 3.12500E+01 8.00000E+00 1.60000E+01
 -1       657 3.75000E+01 8.00000E+00 1.60000E+01
 -1       658 4.37500E+01 8.00000E+00 1.60000E+01
 -1       659 5.00000E+01 8.00000E+00 1.60000E+01
 -1       660 5.62500E+01 8.00000E+00 1.60000E+01
 -1       661 6.25000E+01 8.00000E+00 1.60000E+01
 -1       662 6.87500E+01 8.00000E+00 1.60000E+01
 -1       663 7.50000E+01 8.00000E+00 1.60000E+01
 -1       664 8.12500E+01 8.00000E+00 1.60000E+01
 -1       665 8.75000E+01 8.00000E+00 1.60000E+01
 -1       666 9.37500E+01 8.00000E+00 1.60000E+01
 -1       667 1.00000E+02 8.00000E+00 1.60000E+01
 -1       668 1.06250E+02 8.00000E+00 1.60000E+01
 -1       669 1.12500E+02 8.00000E+00 1.60000E+01
 -1       670 1.18750E+02 8.00000E+00 1.60000E+01
 -1       671 1.25000E+02 8.00000E+00 1.60000E+01
 -1       672 1.31250E+02 8.00000E+00 1.60000E+01
 -1       673 1.37500E+02 8.00000E+00 1.60000E+01
 -1       674 1.43750E+02 8.00000E+00 1.60000E+01
 -1       675 1.50000E+02 8.00000E+00 1.60000E+01
 -1       676 0.00000E+00 1.20000E+01 1.60000E+01
 -1       677 6.25000E+00 1.20000E+01 1.60000E+01
 -1       678 1.25000E+01 1.20000E+01 1.60000E+01
 -1       679 1.87500E+01 1.20000E+01 1.60000E+01
 -1       680 2.50000E+01 1.20000E+01 1.60000E+01
 -1       681 3.12500E+01 1.20000E+01 1.60000E+01
 -1       682 3.75000E+01 1.20000E+01 1.60000E+01
 -1       683 4.37500E+01 1.20000E+01 1.60000E+01
 -1       684 5.00000E+01 1.20000E+01 1.60000E+01
 -1       685 5.62500E+01 1.20000E+01 1.60000E+01
 -1       686 6.25000E+01 1.20000E+01 1.60000E+01
 -1       687 6.87500E+01 1.20000E+01 1.60000E+01
 -1       688 7.50000E+01 1.20000E+01 1.60000E+01
 -1       689 8.12500E+01 1.20000E+01 1.60000E+01
 -1       690 8.75000E+01 1.20000E+01 1.60000E+01
 -1       691 9.37500E+01 1.20000E+01 1.60000E+01
 -1       692 1.00000E+02 1.20000E+01 1.60000E+01
 -1       693 1.06250E+02 1.20000E+01 1.60000E+01
 -1       694 1.12500E+02 1.20000E+01 1.60000E+01
 -1       695 1.18750E+02 1.20000E+01 1.60000E+01
 -1       696 1.25000E+02 1.20000E+01 1.60000E+01
 -1       697 1.31250E+02 1.20000E+01 1.60000E+01
 -1       698 1.37500E+02 1.20000E+01 1.60000E+01
 -1       699 1.43750E+02 1.20000E+01 1.60000E+01
 -1       700 1.50000E+02 1.20000E+01 1.60000E+01
 -1       701 0.00000E+00 1.60000E+01 1.60000E+01
 -1       702 6.25000E+00 1.60000E+01 1.60000E+01
 -1       703 1.25000E+01 1.60000E+01 1.60000E+01
 -1       704 1.87500E+01 1.60000E+01 1.60000E+01
 -1       705 2.50000E+01 1.60000E+01 1.60000E+01
 -1       706 3.12500E+01 1.60000E+01 1.60000E+01
 -1       707 3.75000E+01 1.60000E+01 1.60000E+01
 -1       708 4.37500E+01 1.60000E+01 1.60000E+01
 -1       709 5.00000E+01 1.60000E+01 1.60000E+01
 -1       710 5.62500E+01 1.60000E+01 1.60000E+01
 -1       711 6.25000E+01 1.60000E+01 1.60000E+01
 -1       712 6.87500E+01 1.60000E+01 1.60000E+01
 -1       713 7.50000E+01 1.60000E+01 1.60000E+01
 -1       714 8.12500E+01 1.60000E+01 1.60000E+01
 -1       715 8.75000E+01 1.60000E+01 1.60000E+01
 -1       716 9.37500E+01 1.60000E+01 1.60000E+01
 -1       717 1.00000E+02 1.60000E+01 1.60000E+01
 -1       718 1.06250E+02 1.60000E+01 1.60000E+01
 -1       719 1.12500E+02 1.60000E+01 1.60000E+01
 -1       720 1.18750E+02 1.60000E+01 1.60000E+01
 -1       721 1.25000E+02 1.60000E+01 1.60000E+01
 -1       722 1.31250E+02 1.60000E+01 1.60000E+01
 -1       723 1.37500E+02 1.60000E+01 1.60000E+01
 -1       724 1.43750E+02 1.60000E+01 1.60000E+01
 -1       725 1.50000E+02 1.60000E+01 1.60000E+01
 -1       726 0.00000E+00 2.00000E+01 1.60000E+01
 -1       727 6.25000E+00 2.00000E+01 1.60000E+01
 -1       728 1.25000E+01 2.00000E+01 1.60000E+01
 -1       729 1.87500E+01 2.00000E+01 1.60000E+01
 -1       730 2.50000E+01 2.00000E+01 1.60000E+01
 -1       731 3.12500E+01 2.00000E+01 1.60000E+01
 -1       732 3.75000E+01 2.00000E+01 1.60000E+01
 -1       733 4.37500E+01 2.00000E+01 1.60000E+01
 -1       734 5.00000E+01 2.00000E+01 1.60000E+01
 -1       735 5.62500E+01 2.00000E+01 1.60000E+01
 -1       736 6.25000E+01 2.00000E+01 1.60000E+01
 -1       737 6.87500E+01 2.00000E+01 1.60000E+01
 -1       738 7.50000E+01 2.00000E+01 1.60000E+01
 -1       739 8.12500E+01 2.00000E+01 1.60000E+01
 -1       740 8.75000E+01 2.00000E+01 1.60000E+01
 -1       741 9.37500E+01 2.00000E+01 1.60000E+01
 -1       742 1.00000E+02 2.00000E+01 1.60000E+01
 -1       743 1.06250E+02 2.00000E+01 1.60000E+01
 -1       744 1.12500E+02 2.00000E+01 1.60000E+01
 -1       745 1.18750E+02 2.00000E+01 1.60000E+01
 -1       746 1.25000E+02 2.00000E+01 1.60000E+01
 -1       747 1.31250E+02 2.00000E+01 1.60000E+01
 -1       748 1.37500E+02 2.00000E+01 1.60000E+01
 -1       749 1.43750E+02 2.00000E+01 1.60000E+01
 -1       750 1.50000E+02 2.00000E+01 1.60000E+01
 -1       751 0.00000E+00 0.00000E+00 2.00000E+01
 -1       752 6.25000E+00 0.00000E+00 2.00000E+01
 -1       753 1.25000E+01 0.00000E+00 2.00000E+01
 -1       754 1.87500E+01 0.00000E+00 2.00000E+01
 -1       755 2.50000E+01 0.00000E+00 2.00000E+01
 -1       756 3.12500E+01 0.00000E+00 2.00000E+01
 -1       757 3.75000E+01 0.00000E+00 2.00000E+01
 -1       758 4.37500E+01 0.00000E+00 2.00000E+01
 -1       759 5.00000E+01 0.00000E+00 2.00000E+01
 -1       760 5.62500E+01 0.00000E+00 2.00000E+01
 -1       761 6.25000E+01 0.00000E+00 2.00000E+01
 -1       762 6.87500E+01 0.00000E+00 2.00000E+01
 -1       763 7.50000E+01 0.00000E+00 2.00000E+01
 -1       764 8.12500E+01 0.00000E+00 2.00000E+01
 -1       765 8.75000E+01 0.00000E+00 2.00000E+01
 -1       766 9.37500E+01 0.00000E+00 2.00000E+01
 -1       767 1.00000E+02 0.00000E+00 2.00000E+01
 -1       768 1.06250E+02 0.00000E+00 2.00000E+01
 -1       769 1.12500E+02 0.00000E+00 2.00000E+01
 -1       770 1.18750E+02 0.00000E+00 2.00000E+01
 -1       771 1.25000E+02 0.00000E+00 2.00000E+01
 -1       772 1.31250E+02 0.00000E+00 2.00000E+01
 -1       773 1.37500E+02 0.00000E+00 2.00000E+01
 -1       774 1.43750E+02 0.00000E+00 2.00000E+01
 -1       775 1.50000E+02 0.00000E+00 2.00000E+01
 -1       776 0.00000E+00 4.00000E+00 2.00000E+01
 -1       777 6.25000E+00 4.00000E+00 2.00000E+01
 -1       778 1.25000E+01 4.00000E+00 2.00000E+01
 -1       779 1.87500E+01 4.00000E+00 2.00000E+01
 -1       780 2.50000E+01 4.00000E+00 2.00000E+01
 -1       781 3.12500E+01 4.00000E+00 2.00000E+01
 -1       782 3.75000E+01 4.00000E+00 2.00000E+01
 -1       783 4.37500E+01 4.00000E+00 2.00000E+01
 -1       784 5.00000E+01 4.00000E+00 2.00000E+01
 -1       785 5.62500E+01 4.00000E+00 2.00000E+01
 -1       786 6.25000E+01 4.00000E+00 2.00000E+01
 -1       787 6.87500E+01 4.00000E+00 2.00000E+01
 -1       788 7.50000E+01 4.00000E+00 2.00000E+01
 -1       789 8.12500E+01 4.00000E+00 2.00000E+01
 -1       790 8.75000E+01 4.00000E+00 2.00000E+01
 -1       791 9.37500E+01 4.00000E+00 2.00000E+01
 -1       792 1.00000E+02 4.00000E+00 2.00000E+01
 -1       793 1.06250E+02 4.00000E+00 2.00000E+01
 -1       794 1.12500E+02 4.00000E+00 2.00000E+01
 -1       795 1.18750E+02 4.00000E+00 2.00000E+01
 -1       796 1.25000E+02 4.00000E+00 2.00000E+01
 -1       797 1.31250E+02 4.00000E+00 2.00000E+01
 -1       798 1.37500E+02 4.00000E+00 2.00000E+01
 -1       799 1.43750E+02 4.00000E+00 2.00000E+01
 -1       800 1.50000E+02 4.00000E+00 2.00000E+01
 -1       801 0.00000E+00 8.00000E+00 2.00000E+01
 -1       802 6.25000E+00 8.00000E+00 2.00000E+01
 -1       803 1.25000E+01 8.00000E+00 2.00000E+01
 -1       804 1.87500E+01 8.00000E+00 2.00000E+01
 -1       805 2.50000E+01 8.00000E+00 2.00000E+01
 -1       806 3.12500E+01 8.00000E+00 2.00000E+01
 -1       807 3.75000E+01 8.00000E+00 2.00000E+01
 -1       808 4.37500E+01 8.00000E+00 2.00000E+01
 -1       809 5.00000E+01 8.00000E+00 2.00000E+01
 -1       810 5.62500E+01 8.00000E+00 2.00000E+01
 -1       811 6.25000E+01 8.00000E+00 2.00000E+01
 -1       812 6.87500E+01 8.00000E+00 2.00000E+01
 -1       813 7.50000E+01 8.00000E+00 2.00000E+01
 -1       814 8.12500E+01 8.00000E+00 2.00000E+01
 -1       815 8.75000E+01 8.00000E+00 2.00000E+01
 -1       816 9.37500E+01 8.00000E+00 2.00000E+01
 -1       817 1.00000E+02 8.00000E+00 2.00000E+01
 -1       818 1.06250E+02 8.00000E+00 2.00000E+01
 -1       819 1.12500E+02 8.00000E+00 2.00000E+01
 -1       820 1.18750E+02 8.00000E+00 2.00000E+01
 -1       821 1.25000E+02 8.00000E+00 2.00000E+01
 -1       822 1.31250E+02 8.00000E+00 2.00000E+01
 -1       823 1.37500E+02 8.00000E+00 2.00000E+01
 -1       824 1.43750E+02 8.00000E+00 2.00000E+01
 -1       825 1.50000E+02 8.00000E+00 2.00000E+01
 -1       826 0.00000E+00 1.20000E+01 2.00000E+01
 -1       827 6.25000E+00 1.20000E+01 2.00000E+01
 -1       828 1.25000E+01 1.20000E+01 2.00000E+01
 -1       829 1.87500E+01 1.20000E+01 2.00000E+01
 -1       830 2.50000E+01 1.20000E+01 2.00000E+01
 -1       831 3.12500E+01 1.20000E+01 2.00000E+01
 -1       832 3.75000E+01 1.20000E+01 2.00000E+01
 -1       833 4.37500E+01 1.20000E+01 2.00000E+01
 -1       834 5.00000E+01 1.20000E+01 2.00000E+01
 -1       835 5.62500E+01 1.20000E+01 2.00000E+01
 -1       836 6.25000E+01 1.20000E+01 2.00000E+01
 -1       837 6.87500E+01 1.20000E+01 2.00000E+01
 -1       838 7.50000E+01 1.20000E+01 2.00000E+01
 -1       839 8.12500E+01 1.20000E+01 2.00000E+01
 -1       840 8.75000E+01 1.20000E+01 2.00000E+01
 -1       841 9.37500E+01 1.20000E+01 2.00000E+01
 -1       842 1.00000E+02 1.20000E+01 2.00000E+01
 -1       843 1.06250E+02 1.20000E+01 2.00000E+01
 -1       844 1.12500E+02 1.20000E+01 2.00000E+01
 -1       845 1.18750E+02 1.20000E+01 2.00000E+01
 -1       846 1.25000E+02 1.20000E+01 2.00000E+01
 -1       847 1.31250E+02 1.20000E+01 2.00000E+01
 -1       848 1.37500E+02 1.20000E+01 2.00000E+01
 -1       849 1.43750E+02 1.20000E+01 2.00000E+01
 -1       850 1.50000E+02 1.20000E+01 2.00000E+01
 -1       851 0.00000E+00 1.60000E+01 2.00000E+01
 -1       852 6.25000E+00 1.60000E+01 2.00000E+01
 -1       853 1.25000E+01 1.60000E+01 2.00000E+01
 -1       854 1.87500E+01 1.60000E+01 2.00000E+01
 -1       855 2.50000E+01 1.60000E+01 2.00000E+01
 -1       856 3.12500E+01 1.60000E+01 2.00000E+01
 -1       857 3.75000E+01 1.60000E+01 2.00000E+01
 -1       858 4.37500E+01 1.60000E+01 2.00000E+01
 -1       859 5.00000E+01 1.60000E+01 2.00000E+01
 -1       860 5.62500E+01 1.60000E+01 2.00000E+01
 -1       861 6.25000E+01 1.60000E+01 2.00000E+01
 -1       862 6.87500E+01 1.60000E+01 2.00000E+01
 -1       863 7.50000E+01 1.60000E+01 2.00000E+01
 -1       864 8.12500E+01 1.60000E+01 2.00000E+01
 -1       865 8.75000E+01 1.60000E+01 2.00000E+01
 -1       866 9.37500E+01 1.60000E+01 2.00000E+01
 -1       867 1.00000E+02 1.60000E+01 2.00000E+01
 -1       868 1.06250E+02 1.60000E+01 2.00000E+01
 -1       869 1.12500E+02 1.60000E+01 2.00000E+01
 -1       870 1.18750E+02 1.60000E+01 2.00000E+01
 -1       871 1.25000E+02 1.60000E+01 2.00000E+01
 -1       872 1.31250E+02 1.60000E+01 2.00000E+01
 -1       873 1.37500E+02 1.60000E+01 2.00000E+01
 -1       874 1.43750E+02 1.60000E+01 2.00000E+01
 -1       875 1.50000E+02 1.60000E+01 2.00000E+01
 -1       876 0.00000E+00 2.00000E+01 2.00000E+01
 -1       877 6.25000E+00 2.00000E+01 2.00000E+01
 -1       878 1.25000E+01 2.00000E+01 2.00000E+01
 -1       879 1.87500E+01 2.00000E+01 2.00000E+01
 -1       880 2.50000E+01 2.00000E+01 2.00000E+01
 -1       881 3.12500E+01 2.00000E+01 2.00000E+01
 -1       882 3.75000E+01 2.00000E+01 2.00000E+01
 -1       883 4.37500E+01 2.00000E+01 2.00000E+01
 -1       884 5.00000E+01 2.00000E+01 2.00000E+01
 -1       885 5.62500E+01 2.00000E+01 2.00000E+01
 -1       886 6.25000E+01 2.00000E+01 2.00000E+01
 -1       887 6.87500E+01 2.00000E+01 2.00000E+01
 -1       888 7.50000E+01 2.00000E+01 2.00000E+01
 -1       889 8.12500E+01 2.00000E+01 2.00000E+01
 -1       890 8.75000E+01 2.00000E+01 2.00000E+01
 -1       891 9.37500E+01 2.00000E+01 2.00000E+01
 -1       892 1.00000E+02 2.00000E+01 2.00000E+01
 -1       893 1.06250E+02 2.00000E+01 2.00000E+01
 -1       894 1.12500E+02 2.00000E+01 2.00000E+01
 -1       895 1.18750E+02 2.00000E+01 2.00000E+01
 -1       896 1.25000E+02 2.00000E+01 2.00000E+01
 -1       897 1.31250E+02 2.00000E+01 2.00000E+01
 -1       898 1.37500E+02 2.00000E+01 2.00000E+01
 -1       899 1.43750E+02 2.00000E+01 2.00000E+01
 -1       900 1.50000E+02 2.00000E+01 2.00000E+01
 -3
    3C                           600                                     1
 -1         1    1    0    1
 -2         1         2        27        26       151       152       177       176
 -1         2    1    0    1
 -2         2         3        28        27       152       153       178       177
 -1         3    1    0    1
 -2         3         4        29        28       153       154       179       178
 -1         4    1    0    1
 -2         4         5        30        29       154       155       180       179
 -1         5    1    0    1
 -2         5         6        31        30       155       156       181       180
 -1         6    1    0    1
 -2         6         7        32        31       156       157       182       181
 -1         7    1    0    1
 -2         7         8        33        32       157       158       183       182
 -1         8    1    0    1
 -2         8         9        34        33       158       159       184       183
 -1         9    1    0    1
 -2         9        10        35        34       159       160       185       184
 -1        10    1    0    1
 -2        10        11        36        35       160       161       186       185
 -1        11    1    0    1
 -2        11        12        37        36       161       162       187       186
 -1        12    1    0    1
 -2        12        13        38        37       162       163       188       187
 -1        13    1    0    1
 -2        13        14        39        38       163       164       189       188
 -1        14    1    0    1
 -2        14        15        40        39       164       165       190       189
 -1        15    1    0    1
 -2        15        16        41        40       165       166       191       190
 -1        16    1    0    1
 -2        16        17        42        41       166       167       192       191
 -1        17    1    0    1
 -2        17        18        43        42       167       168       193       192
 -1        18    1    0    1
 -2        18        19        44        43       168       169       194       193
 -1        19    1    0    1
 -2        19        20        45        44       169       170       195       194
 -1        20    1    0    1
 -2        20        21        46        45       170       171       196       195
 -1        21    1    0    1
 -2        21        22        47        46       171       172       197       196
 -1        22    1    0    1
 -2        22        23        48        47       172       173       198       197
 -1        23    1    0    1
 -2        23        24        49        48       173       174       199       198
 -1        24    1    0    1
 -2        24        25        50        49       174       175       200       199
 -1        25    1    0    1
 -2        26        27        52        51       176       177       202       201
 -1        26    1    0    1
 -2        27        28        53        52       177       178       203       202
 -1        27    1    0    1
 -2        28        29        54        53       178       179       204       203
 -1        28    1    0    1
 -2        29        30        55        54       179       180       205       204
 -1        29    1    0    1
 -2        30        31        56        55       180       181       206       205
 -1        30    1    0    1
 -2        31        32        57        56       181       182       207       206
 -1        31    1    0    1
 -2        32        33        58        57       182       183       208       207
 -1        32    1    0    1
 -2        33        34        59        58       183       184       209       208
 -1        33    1    0    1
 -2        34        35        60        59       184       185       210       209
 -1        34    1    0    1
 -2        35        36        61        60       185       186       211       210
 -1        35    1    0    1
 -2        36        37        62        61       186       187       212       211
 -1        36    1    0    1
 -2        37        38        63        62       187       188       213       212
 -1        37    1    0    1
 -2        38        39        64        63       188       189       214       213
 -1        38    1    0    1
 -2        39        40        65        64       189       190       215       214
 -1        39    1    0    1
 -2        40        41        66        65       190       191       216       215
 -1        40    1    0    1
 -2        41        42        67        66       191       192       217       216
 -1        41    1    0    1
 -2        42        43        68        67       192       193       218       217
 -1        42    1    0    1
 -2        43        44        69        68       193       194       219       218
 -1        43    1    0    1
 -2        44        45        70        69       194       195       220       219
 -1        44    1    0    1
 -2        45        46        71        70       195       196       221       220
 -1        45    1    0    1
 -2        46        47        72        71       196       197       222       221
 -1        46    1    0    1
 -2        47        48        73        72       197       198       223       222
 -1        47    1    0    1
 -2        48        49        74        73       198       199       224       223
 -1        48    1    0    1
 -2        49        50        75        74       199       200       225       224
 -1        49    1    0    1
 -2        51        52        77        76       201       202       227       226
 -1        50    1    0    1
 -2        52        53        78        77       202       203       228       227
 -1        51    1    0    1
 -2        53        54        79        78       203       204       229       228
 -1        52    1    0    1
 -2        54        55        80        79       204       205       230       229
 -1        53    1    0    1
 -2        55        56        81        80       205       206       231       230
 -1        54    1    0    1
 -2        56        57        82        81       206       207       232       231
 -1        55    1    0    1
 -2        57        58        83        82       207       208       233       232
 -1        56    1    0    1
 -2        58        59        84        83       208       209       234       233
 -1        57    1    0    1
 -2        59        60        85        84       209       210       235       234
 -1        58    1    0    1
 -2        60        61        86        85       210       211       236       235
 -1        59    1    0    1
 -2        61        62        87        86       211       212       237       236
 -1        60    1    0    1
 -2        62        63        88        87       212       213       238       237
 -1        61    1    0    1
 -2        63        64        89        88       213       214       239       238
 -1        62    1    0    1
 -2        64        65        90        89       214       215       240       239
 -1        63    1    0    1
 -2        65        66        91        90       215       216       241       240
 -1        64    1    0    1
 -2        66        67        92        91       216       217       242       241
 -1        65    1    0    1
 -2        67        68        93        92       217       218       243       242
 -1        66    1    0    1
 -2        68        69        94        93       218       219       244       243
 -1        67    1    0    1
 -2        69        70        95        94       219       220       245       244
 -1        68    1    0    1
 -2        70        71        96        95       220       221       246       245
 -1        69    1    0    1
 -2        71        72        97        96       221       222       247       246
 -1        70    1    0    1
 -2        72        73        98        97       222       223       248       247
 -1        71    1    0    1
 -2        73        74        99        98       223       224       249       248
 -1        72    1    0    1
 -2        74        75       100        99       224       225       250       249
 -1        73    1    0    1
 -2        76        77       102       101       226       227       252       251
 -1        74    1    0    1
 -2        77        78       103       102       227       228       253       252
 -1        75    1    0    1
 -2        78        79       104       103       228       229       254       253
 -1        76    1    0    1
 -2        79        80       105       104       229       230       255       254
 -1        77    1    0    1
 -2        80        81       106       105       230       231       256       255
 -1        78    1    0    1
 -2        81        82       107       106       231       232       257       256
 -1        79    1    0    1
 -2        82        83       108       107       232       233       258       257
 -1        80    1    0    1
 -2        83        84       109       108       233       234       259       258
 -1        81    1    0    1
 -2        84        85       110       109       234       235       260       259
 -1        82    1    0    1
 -2        85        86       111       110       235       236       261       260
 -1        83    1    0    1
 -2        86        87       112       111       236       237       262       261
 -1        84    1    0    1
 -2        87        88       113       112       237       238       263       262
 -1        85    1    0    1
 -2        88        89       114       113       238       239       264       263
 -1        86    1    0    1
 -2        89        90       115       114       239       240       265       264
 -1        87    1    0    1
 -2        90        91       116       115       240       241       266       265
 -1        88    1    0    1
 -2        91        92       117       116       241       242       267       266
 -1        89    1    0    1
 -2        92        93       118       117       242       243       268       267
 -1        90    1    0    1
 -2        93        94       119       118       243       244       269       268
 -1        91    1    0    1
 -2        94        95       120       119       244       245       270       269
 -1        92    1    0    1
 -2        95        96       121       120       245       246       271       270
 -1        93    1    0    1
 -2        96        97       122       121       246       247       272       271
 -1        94    1    0    1
 -2        97        98       123       122       247       248       273       272
 -1        95    1    0    1
 -2        98        99       124       123       248       249       274       273
 -1        96    1    0    1
 -2        99       100       125       124       249       250       275       274
 -1        97    1    0    1
 -2       101       102       127       126       251       252       277       276
 -1        98    1    0    1
 -2       102       103       128       127       252       253       278       277
 -1        99    1    0    1
 -2       103       104       129       128       253       254       279       278
 -1       100    1    0    1
 -2       104       105       130       129       254       255       280       279
 -1       101    1    0    1
 -2       105       106       131       130       255       256       281       280
 -1       102    1    0    1
 -2       106       107       132       131       256       257       282       281
 -1       103    1    0    1
 -2       107       108       133       132       257       258       283       282
 -1       104    1    0    1
 -2       108       109       134       133       258       259       284       283
 -1       105    1    0    1
 -2       109       110       135       134       259       260       285       284
 -1       106    1    0    1
 -2       110       111       136       135       260       261       286       285
 -1       107    1    0    1
 -2       111       112       137       136       261       262       287       286
 -1       108    1    0    1
 -2       112       113       138       137       262       263       288       287
 -1       109    1    0    1
 -2       113       114       139       138       263       264       289       288
 -1       110    1    0    1
 -2       114       115       140       139       264       265       290       289
 -1       111    1    0    1
 -2       115       116       141       140       265       266       291       290
 -1       112    1    0    1
 -2       116       117       142       141       266       267       292       291
 -1       113    1    0    1
 -2       117       118       143       142       267       268       293       292
 -1       114    1    0    1
 -2       118       119       144       143       268       269       294       293
 -1       115    1    0    1
 -2       119       120       145       144       269       270       295       294
 -1       116    1    0    1
 -2       120       121       146       145       270       271       296       295
 -1       117    1    0    1
 -2       121       122       147       146       271       272       297       296
 -1       118    1    0    1
 -2       122       123       148       147       272       273       298       297
 -1       119    1    0    1
 -2       123       124       149       148       273       274       299       298
 -1       120    1    0    1
 -2       124       125       150       149       274       275       300       299
 -1       121    1    0    1
 -2       151       152       177       176       301       302       327       326
 -1       122    1    0    1
 -2       152       153       178       177       302       303       328       327
 -1       123    1    0    1
 -2       153       154       179       178       303       304       329       328
 -1       124    1    0    1
 -2       154       155       180       179       304       305       330       329
 -1       125    1    0    1
 -2       155       156       181       180       305       306       331       330
 -1       126    1    0    1
 -2       156       157       182       181       306       307       332       331
 -1       127    1    0    1
 -2       157       158       183       182       307       308       333       332
 -1       128    1    0    1
 -2       158       159       184       183       308       309       334       333
 -1       129    1    0    1
 -2       159       160       185       184       309       310       335       334
 -1       130    1    0    1
 -2       160       161       186       185       310       311       336       335
 -1       131    1    0    1
 -2       161       162       187       186       311       312       337       336
 -1       132    1    0    1
 -2       162       163       188       187       312       313       338       337
 -1       133    1    0    1
 -2       163       164       189       188       313       314       339       338
 -1       134    1    0    1
 -2       164       165       190       189       314       315       340       339
 -1       135    1    0    1
 -2       165       166       191       190       315       316       341       340
 -1       136    1    0    1
 -2       166       167       192       191       316       317       342       341
 -1       137    1    0    1
 -2       167       168       193       192       317       318       343       342
 -1       138    1    0    1
 -2       168       169       194       193       318       319       344       343
 -1       139    1    0    1
 -2       169       170       195       194       319       320       345       344
 -1       140    1    0    1
 -2       170       171       196       195       320       321       346       345
 -1       141    1    0    1
 -2       171       172       197       196       321       322       347       346
 -1       142    1    0    1
 -2       172       173       198       197       322       323       348       347
 -1       143    1    0    1
 -2       173       174       199       198       323       324       349       348
 -1       144    1    0    1
 -2       174       175       200       199       324       325       350       349
 -1       145    1    0    1
 -2       176       177       202       201       326       327       352       351
 -1       146    1    0    1
 -2       177       178       203       202       327       328       353       352
 -1       147    1    0    1
 -2       178       179       204       203       328       329       354       353
 -1       148    1    0    1
 -2       179       180       205       204       329       330       355       354
 -1       149    1    0    1
 -2       180       181       206       205       330       331       356       355
 -1       150    1    0    1
 -2       181       182       207       206       331       332       357       356
 -1       151    1    0    1
 -2       182       183       208       207       332       333       358       357
 -1       152    1    0    1
 -2       183       184       209       208       333       334       359       358
 -1       153    1    0    1
 -2       184       185       210       209       334       335       360       359
 -1       154    1    0    1
 -2       185       186       211       210       335       336       361       360
 -1       155    1    0    1
 -2       186       187       212       211       336       337       362       361
 -1       156    1    0    1
 -2       187       188       213       212       337       338       363       362
 -1       157    1    0    1
 -2       188       189       214       213       338       339       364       363
 -1       158    1    0    1
 -2       189       190       215       214       339       340       365       364
 -1       159    1    0    1
 -2       190       191       216       215       340       341       366       365
 -1       160    1    0    1
 -2       191       192       217       216       341       342       367       366
 -1       161    1    0    1
 -2       192       193       218       217       342       343       368       367
 -1       162    1    0    1
 -2       193       194       219       218       343       344       369       368
 -1       163    1    0    1
 -2       194       195       220       219       344       345       370       369
 -1       164    1    0    1
 -2       195       196       221       220       345       346       371       370
 -1       165    1    0    1
 -2       196       197       222       221       346       347       372       371
 -1       166    1    0    1
 -2       197       198       223       222       347       348       373       372
 -1       167    1    0    1
 -2       198       199       224       223       348       349       374       373
 -1       168    1    0    1
 -2       199       200       225       224       349       350       375       374
 -1       169    1    0    1
 -2       201       202       227       226       351       352       377       376
 -1       170    1    0    1
 -2       202       203       228       227       352       353       378       377
 -1       171    1    0    1
 -2       203       204       229       228       353       354       379       378
 -1       172    1    0    1
 -2       204       205       230       229       354       355       380       379
 -1       173    1    0    1
 -2       205       206       231       230       355       356       381       380
 -1       174    1    0    1
 -2       206       207       232       231       356       357       382       381
 -1       175    1    0    1
 -2       207       208       233       232       357       358       383       382
 -1       176    1    0    1
 -2       208       209       234       233       358       359       384       383
 -1       177    1    0    1
 -2       209       210       235       234       359       360       385       384
 -1       178    1    0    1
 -2       210       211       236       235       360       361       386       385
 -1       179    1    0    1
 -2       211       212       237       236       361       362       387       386
 -1       180    1    0    1
 -2       212       213       238       237       362       363       388       387
 -1       181    1    0    1
 -2       213       214       239       238       363       364       389       388
 -1       182    1    0    1
 -2       214       215       240       239       364       365       390       389
 -1       183    1    0    1
 -2       215       216       241       240       365       366       391       390
 -1       184    1    0    1
 -2       216       217       242       241       366       367       392       391
 -1       185    1    0    1
 -2       217       218       243       242       367       368       393       392
 -1       186    1    0    1
 -2       218       219       244       243       368       369       394       393
 -1       187    1    0    1
 -2       219       220       245       244       369       370       395       394
 -1       188    1    0    1
 -2       220       221       246       245       370       371       396       395
 -1       189    1    0    1
 -2       221       222       247       246       371       372       397       396
 -1       190    1    0    1
 -2       222       223       248       247       372       373       398       397
 -1       191    1    0    1
 -2       223       224       249       248       373       374       399       398
 -1       192    1    0    1
 -2       224       225       250       249       374       375       400       399
 -1       193    1    0    1
 -2       226       227       252       251       376       377       402       401
 -1       194    1    0    1
 -2       227       228       253       252       377       378       403       402
 -1       195    1    0    1
 -2       228       229       254       253       378       379       404       403
 -1       196    1    0    1
 -2       229       230       255       254       379       380       405       404
 -1       197    1    0    1
 -2       230       231       256       255       380       381       406       405
 -1       198    1    0    1
 -2       231       232       257       256       381       382       407       406
 -1       199    1    0    1
 -2       232       233       258       257       382       383       408       407
 -1       200    1    0    1
 -2       233       234       259       258       383       384       409       408
 -1       201    1    0    1
 -2       234       235       260       259       384       385       410       409
 -1       202    1    0    1
 -2       235       236       261       260       385       386       411       410
 -1       203    1    0    1
 -2       236       237       262       261       386       387       412       411
 -1       204    1    0    1
 -2       237       238       263       262       387       388       413       412
 -1       205    1    0    1
 -2       238       239       264       263       388       389       414       413
 -1       206    1    0    1
 -2       239       240       265       264       389       390       415       414
 -1       207    1    0    1
 -2       240       241       266       265       390       391       416       415
 -1       208    1    0    1
 -2       241       242       267       266       391       392       417       416
 -1       209    1    0    1
 -2       242       243       268       267       392       393       418       417
 -1       210    1    0    1
 -2       243       244       269       268       393       394       419       418
 -1       211    1    0    1
 -2       244       245       270       269       394       395       420       419
 -1       212    1    0    1
 -2       245       246       271       270       395       396       421       420
 -1       213    1    0    1
 -2       246       247       272       271       396       397       422       421
 -1       214    1    0    1
 -2       247       248       273       272       397       398       423       422
 -1       215    1    0    1
 -2       248       249       274       273       398       399       424       423
 -1       216    1    0    1
 -2       249       250       275       274       399       400       425       424
 -1       217    1    0    1
 -2       251       252       277       276       401       402       427       426
 -1       218    1    0    1
 -2       252       253       278       277       402       403       428       427
 -1       219    1    0    1
 -2       253       254       279       278       403       404       429       428
 -1       220    1    0    1
 -2       254       255       280       279       404       405       430       429
 -1       221    1    0    1
 -2       255       256       281       280       405       406       431       430
 -1       222    1    0    1
 -2       256       257       282       281       406       407       432       431
 -1       223    1    0    1
 -2       257       258       283       282       407       408       433       432
 -1       224    1    0    1
 -2       258       259       284       283       408       409       434       433
 -1       225    1    0    1
 -2       259       260       285       284       409       410       435       434
 -1       226    1    0    1
 -2       260       261       286       285       410       411       436       435
 -1       227    1    0    1
 -2       261       262       287       286       411       412       437       436
 -1       228    1    0    1
 -2       262       263       288       287       412       413       438       437
 -1       229    1    0    1
 -2       263       264       289       288       413       414       439       438
 -1       230    1    0    1
 -2       264       265       290       289       414       415       440       439
 -1       231    1    0    1
 -2       265       266       291       290       415       416       441       440
 -1       232    1    0    1
 -2       266       267       292       291       416       417       442       441
 -1       233    1    0    1
 -2       267       268       293       292       417       418       443       442
 -1       234    1    0    1
 -2       268       269       294       293       418       419       444       443
 -1       235    1    0    1
 -2       269       270       295       294       419       420       445       444
 -1       236    1    0    1
 -2       270       271       296       295       420       421       446       445
 -1       237    1    0    1
 -2       271       272       297       296       421       422       447       446
 -1       238    1    0    1
 -2       272       273       298       297       422       423       448       447
 -1       239    1    0    1
 -2       273       274       299       298       423       424       449       448
 -1       240    1    0    1
 -2       274       275       300       299       424       425       450       449
 -1       241    1    0    1
 -2       301       302       327       326       451       452       477       476
 -1       242    1    0    1
 -2       302       303       328       327       452       453       478       477
 -1       243    1    0    1
 -2       303       304       329       328       453       454       479       478
 -1       244    1    0    1
 -2       304       305       330       329       454       455       480       479
 -1       245    1    0    1
 -2       305       306       331       330       455       456       481       480
 -1       246    1    0    1
 -2       306       307       332       331       456       457       482       481
 -1       247    1    0    1
 -2       307       308       333       332       457       458       483       482
 -1       248    1    0    1
 -2       308       309       334       333       458       459       484       483
 -1       249    1    0    1
 -2       309       310       335       334       459       460       485       484
 -1       250    1    0    1
 -2       310       311       336       335       460       461       486       485
 -1       251    1    0    1
 -2       311       312       337       336       461       462       487       486
 -1       252    1    0    1
 -2       312       313       338       337       462       463       488       487
 -1       253    1    0    1
 -2       313       314       339       338       463       464       489       488
 -1       254    1    0    1
 -2       314       315       340       339       464       465       490       489
 -1       255    1    0    1
 -2       315       316       341       340       465       466       491       490
 -1       256    1    0    1
 -2       316       317       342       341       466       467       492       491
 -1       257    1    0    1
 -2       317       318       343       342       467       468       493       492
 -1       258    1    0    1
 -2       318       319       344       343       468       469       494       493
 -1       259    1    0    1
 -2       319       320       345       344       469       470       495       494
 -1       260    1    0    1
 -2       320       321       346       345       470       471       496       495
 -1       261    1    0    1
 -2       321       322       347       346       471       472       497       496
 -1       262    1    0    1
 -2       322       323       348       347       472       473       498       497
 -1       263    1    0    1
 -2       323       324       349       348       473       474       499       498
 -1       264    1    0    1
 -2       324       325       350       349       474       475       500       499
 -1       265    1    0    1
 -2       326       327       352       351       476       477       502       501
 -1       266    1    0    1
 -2       327       328       353       352       477       478       503       502
 -1       267    1    0    1
 -2       328       329       354       353       478       479       504       503
 -1       268    1    0    1
 -2       329       330       355       354       479       480       505       504
 -1       269    1    0    1
 -2       330       331       356       355       480       481       506       505
 -1       270    1    0    1
 -2       331       332       357       356       481       482       507       506
 -1       271    1    0    1
 -2       332       333       358       357       482       483       508       507
 -1       272    1    0    1
 -2       333       334       359       358       483       484       509       508
 -1       273    1    0    1
 -2       334       335       360       359       484       485       510       509
 -1       274    1    0    1
 -2       335       336       361       360       485       486       511       510
 -1       275    1    0    1
 -2       336       337       362       361       486       487       512       511
 -1       276    1    0    1
 -2       337       338       363       362       487       488       513       512
 -1       277    1    0    1
 -2       338       339       364       363       488       489       514       513
 -1       278    1    0    1
 -2       339       340       365       364       489       490       515       514
 -1       279    1    0    1
 -2       340       341       366       365       490       491       516       515
 -1       280    1    0    1
 -2       341       342       367       366       491       492       517       516
 -1       281    1    0    1
 -2       342       343       368       367       492       493       518       517
 -1       282    1    0    1
 -2       343       344       369       368       493       494       519       518
 -1       283    1    0    1
 -2       344       345       370       369       494       495       520       519
 -1       284    1    0    1
 -2       345       346       371       370       495       496       521       520
 -1       285    1    0    1
 -2       346       347       372       371       496       497       522       521
 -1       286    1    0    1
 -2       347       348       373       372       497       498       523       522
 -1       287    1    0    1
 -2       348       349       374       373       498       499       524       523
 -1       288    1    0    1
 -2       349       350       375       374       499       500       525       524
 -1       289    1    0    1
 -2       351       352       377       376       501       502       527       526
 -1       290    1    0    1
 -2       352       353       378       377       502       503       528       527
 -1       291    1    0    1
 -2       353       354       379       378       503       504       529       528
 -1       292    1    0    1
 -2       354       355       380       379       504       505       530       529
 -1       293    1    0    1
 -2       355       356       381       380       505       506       531       530
 -1       294    1    0    1
 -2       356       357       382       381       506       507       532       531
 -1       295    1    0    1
 -2       357       358       383       382       507       508       533       532
 -1       296    1    0    1
 -2       358       359       384       383       508       509       534       533
 -1       297    1    0    1
 -2       359       360       385       384       509       510       535       534
 -1       298    1    0    1
 -2       360       361       386       385       510       511       536       535
 -1       299    1    0    1
 -2       361       362       387       386       511       512       537       536
 -1       300    1    0    1
 -2       362       363       388       387       512       513       538       537
 -1       301    1    0    1
 -2       363       364       389       388       513       514       539       538
 -1       302    1    0    1
 -2       364       365       390       389       514       515       540       539
 -1       303    1    0    1
 -2       365       366       391       390       515       516       541       540
 -1       304    1    0    1
 -2       366       367       392       391       516       517       542       541
 -1       305    1    0    1
 -2       367       368       393       392       517       518       543       542
 -1       306    1    0    1
 -2       368       369       394       393       518       519       544       543
 -1       307    1    0    1
 -2       369       370       395       394       519       520       545       544
 -1       308    1    0    1
 -2       370       371       396       395       520       521       546       545
 -1       309    1    0    1
 -2       371       372       397       396       521       522       547       546
 -1       310    1    0    1
 -2       372       373       398       397       522       523       548       547
 -1       311    1    0    1
 -2       373       374       399       398       523       524       549       548
 -1       312    1    0    1
 -2       374       375       400       399       524       525       550       549
 -1       313    1    0    1
 -2       376       377       402       401       526       527       552       551
 -1       314    1    0    1
 -2       377       378       403       402       527       528       553       552
 -1       315    1    0    1
 -2       378       379       404       403       528       529       554       553
 -1       316    1    0    1
 -2       379       380       405       404       529       530       555       554
 -1       317    1    0    1
 -2       380       381       406       405       530       531       556       555
 -1       318    1    0    1
 -2       381       382       407       406       531       532       557       556
 -1       319    1    0    1
 -2       382       383       408       407       532       533       558       557
 -1       320    1    0    1
 -2       383       384       409       408       533       534       559       558
 -1       321    1    0    1
 -2       384       385       410       409       534       535       560       559
 -1       322    1    0    1
 -2       385       386       411       410       535       536       561       560
 -1       323    1    0    1
 -2       386       387       412       411       536       537       562       561
 -1       324    1    0    1
 -2       387       388       413       412       537       538       563       562
 -1       325    1    0    1
 -2       388       389       414       413       538       539       564       563
 -1       326    1    0    1
 -2       389       390       415       414       539       540       565       564
 -1       327    1    0    1
 -2       390       391       416       415       540       541       566       565
 -1       328    1    0    1
 -2       391       392       417       416       541       542       567       566
 -1       329    1    0    1
 -2       392       393       418       417       542       543       568       567
 -1       330    1    0    1
 -2       393       394       419       418       543       544       569       568
 -1       331    1    0    1
 -2       394       395       420       419       544       545       570       569
 -1       332    1    0    1
 -2       395       396       421       420       545       546       571       570
 -1       333    1    0    1
 -2       396       397       422       421       546       547       572       571
 -1       334    1    0    1
 -2       397       398       423       422       547       548       573       572
 -1       335    1    0    1
 -2       398       399       424       423       548       549       574       573
 -1       336    1    0    1
 -2       399       400       425       424       549       550       575       574
 -1       337    1    0    1
 -2       401       402       427       426       551       552       577       576
 -1       338    1    0    1
 -2       402       403       428       427       552       553       578       577
 -1       339    1    0    1
 -2       403       404       429       428       553       554       579       578
 -1       340    1    0    1
 -2       404       405       430       429       554       555       580       579
 -1       341    1    0    1
 -2       405       406       431       430       555       556       581       580
 -1       342    1    0    1
 -2       406       407       432       431       556       557       582       581
 -1       343    1    0    1
 -2       407       408       433       432       557       558       583       582
 -1       344    1    0    1
 -2       408       409       434       433       558       559       584       583
 -1       345    1    0    1
 -2       409       410       435       434       559       560       585       584
 -1       346    1    0    1
 -2       410       411       436       435       560       561       586       585
 -1       347    1    0    1
 -2       411       412       437       436       561       562       587       586
 -1       348    1    0    1
 -2       412       413       438       437       562       563       588       587
 -1       349    1    0    1
 -2       413       414       439       438       563       564       589       588
 -1       350    1    0    1
 -2       414       415       440       439       564       565       590       589
 -1       351    1    0    1
 -2       415       416       441       440       565       566       591       590
 -1       352    1    0    1
 -2       416       417       442       441       566       567       592       591
 -1       353    1    0    1
 -2       417       418       443       442       567       568       593       592
 -1       354    1    0    1
 -2       418       419       444       443       568       569       594       593
 -1       355    1    0    1
 -2       419       420       445       444       569       570       595       594
 -1       356    1    0    1
 -2       420       421       446       445       570       571       596       595
 -1       357    1    0    1
 -2       421       422       447       446       571       572       597       596
 -1       358    1    0    1
 -2       422       423       448       447       572       573       598       597
 -1       359    1    0    1
 -2       423       424       449       448       573       574       599       598
 -1       360    1    0    1
 -2       424       425       450       449       574       575       600       599
 -1       361    1    0    1
 -2       451       452       477       476       601       602       627       626
 -1       362    1    0    1
 -2       452       453       478       477       602       603       628       627
 -1       363    1    0    1
 -2       453       454       479       478       603       604       629       628
 -1       364    1    0    1
 -2       454       455       480       479       604       605       630       629
 -1       365    1    0    1
 -2       455       456       481       480       605       606       631       630
 -1       366    1    0    1
 -2       456       457       482       481       606       607       632       631
 -1       367    1    0    1
 -2       457       458       483       482       607       608       633       632
 -1       368    1    0    1
 -2       458       459       484       483       608       609       634       633
 -1       369    1    0    1
 -2       459       460       485       484       609       610       635       634
 -1       370    1    0    1
 -2       460       461       486       485       610       611       636       635
 -1       371    1    0    1
 -2       461       462       487       486       611       612       637       636
 -1       372    1    0    1
 -2       462       463       488       487       612       613       638       637
 -1       373    1    0    1
 -2       463       464       489       488       613       614       639       638
 -1       374    1    0    1
 -2       464       465       490       489       614       615       640       639
 -1       375    1    0    1
 -2       465       466       491       490       615       616       641       640
 -1       376    1    0    1
 -2       466       467       492       491       616       617       642       641
 -1       377    1    0    1
 -2       467       468       493       492       617       618       643       642
 -1       378    1    0    1
 -2       468       469       494       493       618       619       644       643
 -1       379    1    0    1
 -2       469       470       495       494       619       620       645       644
 -1       380    1    0    1
 -2       470       471       496       495       620       621       646       645
 -1       381    1    0    1
 -2       471       472       497       496       621       622       647       646
 -1       382    1    0    1
 -2       472       473       498       497       622       623       648       647
 -1       383    1    0    1
 -2       473       474       499       498       623       624       649       648
 -1       384    1    0    1
 -2       474       475       500       499       624       625       650       649
 -1       385    1    0    1
 -2       476       477       502       501       626       627       652       651
 -1       386    1    0    1
 -2       477       478       503       502       627       628       653       652
 -1       387    1    0    1
 -2       478       479       504       503       628       629       654       653
 -1       388    1    0    1
 -2       479       480       505       504       629       630       655       654
 -1       389    1    0    1
 -2       480       481       506       505       630       631       656       655
 -1       390    1    0    1
 -2       481       482       507       506       631       632       657       656
 -1       391    1    0    1
 -2       482       483       508       507       632       633       658       657
 -1       392    1    0    1
 -2       483       484       509       508       633       634       659       658
 -1       393    1    0    1
 -2       484       485       510       509       634       635       660       659
 -1       394    1    0    1
 -2       485       486       511       510       635       636       661       660
 -1       395    1    0    1
 -2       486       487       512       511       636       637       662       661
 -1       396    1    0    1
 -2       487       488       513       512       637       638       663       662
 -1       397    1    0    1
 -2       488       489       514       513       638       639       664       663
 -1       398    1    0    1
 -2       489       490       515       514       639       640       665       664
 -1       399    1    0    1
 -2       490       491       516       515       640       641       666       665
 -1       400    1    0    1
 -2       491       492       517       516       641       642       667       666
 -1       401    1    0    1
 -2       492       493       518       517       642       643       668       667
 -1       402    1    0    1
 -2       493       494       519       518       643       644       669       668
 -1       403    1    0    1
 -2       494       495       520       519       644       645       670       669
 -1       404    1    0    1
 -2       495       496       521       520       645       646       671       670
 -1       405    1    0    1
 -2       496       497       522       521       646       647       672       671
 -1       406    1    0    1
 -2       497       498       523       522       647       648       673       672
 -1       407    1    0    1
 -2       498       499       524       523       648       649       674       673
 -1       408    1    0    1
 -2       499       500       525       524       649       650       675       674
 -1       409    1    0    1
 -2       501       502       527       526       651       652       677       676
 -1       410    1    0    1
 -2       502       503       528       527       652       653       678       677
 -1       411    1    0    1
 -2       503       504       529       528       653       654       679       678
 -1       412    1    0    1
 -2       504       505       530       529       654       655       680       679
 -1       413    1    0    1
 -2       505       506       531       530       655       656       681       680
 -1       414    1    0    1
 -2       506       507       532       531       656       657       682       681
 -1       415    1    0    1
 -2       507       508       533       532       657       658       683       682
 -1       416    1    0    1
 -2       508       509       534       533       658       659       684       683
 -1       417    1    0    1
 -2       509       510       535       534       659       660       685       684
 -1       418    1    0    1
 -2       510       511       536       535       660       661       686       685
 -1       419    1    0    1
 -2       511       512       537       536       661       662       687       686
 -1       420    1    0    1
 -2       512       513       538       537       662       663       688       687
 -1       421    1    0    1
 -2       513       514       539       538       663       664       689       688
 -1       422    1    0    1
 -2       514       515       540       539       664       665       690       689
 -1       423    1    0    1
 -2       515       516       541       540       665       666       691       690
 -1       424    1    0    1
 -2       516       517       542       541       666       667       692       691
 -1       425    1    0    1
 -2       517       518       543       542       667       668       693       692
 -1       426    1    0    1
 -2       518       519       544       543       668       669       694       693
 -1       427    1    0    1
 -2       519       520       545       544       669       670       695       694
 -1       428    1    0    1
 -2       520       521       546       545       670       671       696       695
 -1       429    1    0    1
 -2       521       522       547       546       671       672       697       696
 -1       430    1    0    1
 -2       522       523       548       547       672       673       698       697
 -1       431    1    0    1
 -2       523       524       549       548       673       674       699       698
 -1       432    1    0    1
 -2       524       525       550       549       674       675       700       699
 -1       433    1    0    1
 -2       526       527       552       551       676       677       702       701
 -1       434    1    0    1
 -2       527       528       553       552       677       678       703       702
 -1       435    1    0    1
 -2       528       529       554       553       678       679       704       703
 -1       436    1    0    1
 -2       529       530       555       554       679       680       705       704
 -1       437    1    0    1
 -2       530       531       556       555       680       681       706       705
 -1       438    1    0    1
 -2       531       532       557       556       681       682       707       706
 -1       439    1    0    1
 -2       532       533       558       557       682       683       708       707
 -1       440    1    0    1
 -2       533       534       559       558       683       684       709       708
 -1       441    1    0    1
 -2       534       535       560       559       684       685       710       709
 -1       442    1    0    1
 -2       535       536       561       560       685       686       711       710
 -1       443    1    0    1
 -2       536       537       562       561       686       687       712       711
 -1       444    1    0    1
 -2       537       538       563       562       687       688       713       712
 -1       445    1    0    1
 -2       538       539       564       563       688       689       714       713
 -1       446    1    0    1
 -2       539       540       565       564       689       690       715       714
 -1       447    1    0    1
 -2       540       541       566       565       690       691       716       715
 -1       448    1    0    1
 -2       541       542       567       566       691       692       717       716
 -1       449    1    0    1
 -2       542       543       568       567       692       693       718       717
 -1       450    1    0    1
 -2       543       544       569       568       693       694       719       718
 -1       451    1    0    1
 -2       544       545       570       569       694       695       720       719
 -1       452    1    0    1
 -2       545       546       571       570       695       696       721       720
 -1       453    1    0    1
 -2       546       547       572       571       696       697       722       721
 -1       454    1    0    1
 -2       547       548       573       572       697       698       723       722
 -1       455    1    0    1
 -2       548       549       574       573       698       699       724       723
 -1       456    1    0    1
 -2       549       550       575       574       699       700       725       724
 -1       457    1    0    1
 -2       551       552       577       576       701       702       727       726
 -1       458    1    0    1
 -2       552       553       578       577       702       703       728       727
 -1       459    1    0    1
 -2       553       554       579       578       703       704       729       728
 -1       460    1    0    1
 -2       554       555       580       579       704       705       730       729
 -1       461    1    0    1
 -2       555       556       581       580       705       706       731       730
 -1       462    1    0    1
 -2       556       557       582       581       706       707       732       731
 -1       463    1    0    1
 -2       557       558       583       582       707       708       733       732
 -1       464    1    0    1
 -2       558       559       584       583       708       709       734       733
 -1       465    1    0    1
 -2       559       560       585       584       709       710       735       734
 -1       466    1    0    1
 -2       560       561       586       585       710       711       736       735
 -1       467    1    0    1
 -2       561       562       587       586       711       712       737       736
 -1       468    1    0    1
 -2       562       563       588       587       712       713       738       737
 -1       469    1    0    1
 -2       563       564       589       588       713       714       739       738
 -1       470    1    0    1
 -2       564       565       590       589       714       715       740       739
 -1       471    1    0    1
 -2       565       566       591       590       715       716       741       740
 -1       472    1    0    1
 -2       566       567       592       591       716       717       742       741
 -1       473    1    0    1
 -2       567       568       593       592       717       718       743       742
 -1       474    1    0    1
 -2       568       569       594       593       718       719       744       743
 -1       475    1    0    1
 -2       569       570       595       594       719       720       745       744
 -1       476    1    0    1
 -2       570       571       596       595       720       721       746       745
 -1       477    1    0    1
 -2       571       572       597       596       721       722       747       746
 -1       478    1    0    1
 -2       572       573       598       597       722       723       748       747
 -1       479    1    0    1
 -2       573       574       599       598       723       724       749       748
 -1       480    1    0    1
 -2       574       575       600       599       724       725       750       749
 -1       481    1    0    1
 -2       601       602       627       626       751       752       777       776
 -1       482    1    0    1
 -2       602       603       628       627       752       753       778       777
 -1       483    1    0    1
 -2       603       604       629       628       753       754       779       778
 -1       484    1    0    1
 -2       604       605       630       629       754       755       780       779
 -1       485    1    0    1
 -2       605       606       631       630       755       756       781       780
 -1       486    1    0    1
 -2       606       607       632       631       756       757       782       781
 -1       487    1    0    1
 -2       607       608       633       632       757       758       783       782
 -1       488    1    0    1
 -2       608       609       634       633       758       759       784       783
 -1       489    1    0    1
 -2       609       610       635       634       759       760       785       784
 -1       490    1    0    1
 -2       610       611       636       635       760       761       786       785
 -1       491    1    0    1
 -2       611       612       637       636       761       762       787       786
 -1       492    1    0    1
 -2       612       613       638       637       762       763       788       787
 -1       493    1    0    1
 -2       613       614       639       638       763       764       789       788
 -1       494    1    0    1
 -2       614       615       640       639       764       765       790       789
 -1       495    1    0    1
 -2       615       616       641       640       765       766       791       790
 -1       496    1    0    1
 -2       616       617       642       641       766       767       792       791
 -1       497    1    0    1
 -2       617       618       643       642       767       768       793       792
 -1       498    1    0    1
 -2       618       619       644       643       768       769       794       793
 -1       499    1    0    1
 -2       619       620       645       644       769       770       795       794
 -1       500    1    0    1
 -2       620       621       646       645       770       771       796       795
 -1       501    1    0    1
 -2       621       622       647       646       771       772       797       796
 -1       502    1    0    1
 -2       622       623       648       647       772       773       798       797
 -1       503    1    0    1
 -2       623       624       649       648       773       774       799       798
 -1       504    1    0    1
 -2       624       625       650       649       774       775       800       799
 -1       505    1    0    1
 -2       626       627       652       651       776       777       802       801
 -1       506    1    0    1
 -2       627       628       653       652       777       778       803       802
 -1       507    1    0    1
 -2       628       629       654       653       778       779       804       803
 -1       508    1    0    1
 -2       629       630       655       654       779       780       805       804
 -1       509    1    0    1
 -2       630       631       656       655       780       781       806       805
 -1       510    1    0    1
 -2       631       632       657       656       781       782       807       806
 -1       511    1    0    1
 -2       632       633       658       657       782       783       808       807
 -1       512    1    0    1
 -2       633       634       659       658       783       784       809       808
 -1       513    1    0    1
 -2       634       635       660       659       784       785       810       809
 -1       514    1    0    1
 -2       635       636       661       660       785       786       811       810
 -1       515    1    0    1
 -2       636       637       662       661       786       787       812       811
 -1       516    1    0    1
 -2       637       638       663       662       787       788       813       812
 -1       517    1    0    1
 -2       638       639       664       663       788       789       814       813
 -1       518    1    0    1
 -2       639       640       665       664       789       790       815       814
 -1       519    1    0    1
 -2       640       641       666       665       790       791       816       815
 -1       520    1    0    1
 -2       641       642       667       666       791       792       817       816
 -1       521    1    0    1
 -2       642       643       668       667       792       793       818       817
 -1       522    1    0    1
 -2       643       644       669       668       793       794       819       818
 -1       523    1    0    1
 -2       644       645       670       669       794       795       820       819
 -1       524    1    0    1
 -2       645       646       671       670       795       796       821       820
 -1       525    1    0    1
 -2       646       647       672       671       796       797       822       821
 -1       526    1    0    1
 -2       647       648       673       672       797       798       823       822
 -1       527    1    0    1
 -2       648       649       674       673       798       799       824       823
 -1       528    1    0    1
 -2       649       650       675       674       799       800       825       824
 -1       529    1    0    1
 -2       651       652       677       676       801       802       827       826
 -1       530    1    0    1
 -2       652       653       678       677       802       803       828       827
 -1       531    1    0    1
 -2       653       654       679       678       803       804       829       828
 -1       532    1    0    1
 -2       654       655       680       679       804       805       830       829
 -1       533    1    0    1
 -2       655       656       681       680       805       806       831       830
 -1       534    1    0    1
 -2       656       657       682       681       806       807       832       831
 -1       535    1    0    1
 -2       657       658       683       682       807       808       833       832
 -1       536    1    0    1
 -2       658       659       684       683       808       809       834       833
 -1       537    1    0    1
 -2       659       660       685       684       809       810       835       834
 -1       538    1    0    1
 -2       660       661       686       685       810       811       836       835
 -1       539    1    0    1
 -2       661       662       687       686       811       812       837       836
 -1       540    1    0    1
 -2       662       663       688       687       812       813       838       837
 -1       541    1    0    1
 -2       663       664       689       688       813       814       839       838
 -1       542    1    0    1
 -2       664       665       690       689       814       815       840       839
 -1       543    1    0    1
 -2       665       666       691       690       815       816       841       840
 -1       544    1    0    1
 -2       666       667       692       691       816       817       842       841
 -1       545    1    0    1
 -2       667       668       693       692       817       818       843       842
 -1       546    1    0    1
 -2       668       669       694       693       818       819       844       843
 -1       547    1    0    1
 -2       669       670       695       694       819       820       845       844
 -1       548    1    0    1
 -2       670       671       696       695       820       821       846       845
 -1       549    1    0    1
 -2       671       672       697       696       821       822       847       846
 -1       550    1    0    1
 -2       672       673       698       697       822       823       848       847
 -1       551    1    0    1
 -2       673       674       699       698       823       824       849       848
 -1       552    1    0    1
 -2       674       675       700       699       824       825       850       849
 -1       553    1    0    1
 -2       676       677       702       701       826       827       852       851
 -1       554    1    0    1
 -2       677       678       703       702       827       828       853       852
 -1       555    1    0    1
 -2       678       679       704       703       828       829       854       853
 -1       556    1    0    1
 -2       679       680       705       704       829       830       855       854
 -1       557    1    0    1
 -2       680       681       706       705       830       831       856       855
 -1       558    1    0    1
 -2       681       682       707       706       831       832       857       856
 -1       559    1    0    1
 -2       682       683       708       707       832       833       858       857
 -1       560    1    0    1
 -2       683       684       709       708       833       834       859       858
 -1       561    1    0    1
 -2       684       685       710       709       834       835       860       859
 -1       562    1    0    1
 -2       685       686       711       710       835       836       861       860
 -1       563    1    0    1
 -2       686       687       712       711       836       837       862       861
 -1       564    1    0    1
 -2       687       688       713       712       837       838       863       862
 -1       565    1    0    1
 -2       688       689       714       713       838       839       864       863
 -1       566    1    0    1
 -2       689       690       715       714       839       840       865       864
 -1       567    1    0    1
 -2       690       691       716       715       840       841       866       865
 -1       568    1    0    1
 -2       691       692       717       716       841       842       867       866
 -1       569    1    0    1
 -2       692       693       718       717       842       843       868       867
 -1       570    1    0    1
 -2       693       694       719       718       843       844       869       868
 -1       571    1    0    1
 -2       694       695       720       719       844       845       870       869
 -1       572    1    0    1
 -2       695       696       721       720       845       846       871       870
 -1       573    1    0    1
 -2       696       697       722       721       846       847       872       871
 -1       574    1    0    1
 -2       697       698       723       722       847       848       873       872
 -1       575    1    0    1
 -2       698       699       724       723       848       849       874       873
 -1       576    1    0    1
 -2       699       700       725       724       849       850       875       874
 -1       577    1    0    1
 -2       701       702       727       726       851       852       877       876
 -1       578    1    0    1
 -2       702       703       728       727       852       853       878       877
 -1       579    1    0    1
 -2       703       704       729       728       853       854       879       878
 -1       580    1    0    1
 -2       704       705       730       729       854       855       880       879
 -1       581    1    0    1
 -2       705       706       731       730       855       856       881       880
 -1       582    1    0    1
 -2       706       707       732       731       856       857       882       881
 -1       583    1    0    1
 -2       707       708       733       732       857       858       883       882
 -1       584    1    0    1
 -2       708       709       734       733       858       859       884       883
 -1       585    1    0    1
 -2       709       710       735       734       859       860       885       884
 -1       586    1    0    1
 -2       710       711       736       735       860       861       886       885
 -1       587    1    0    1
 -2       711       712       737       736       861       862       887       886
 -1       588    1    0    1
 -2       712       713       738       737       862       863       888       887
 -1       589    1    0    1
 -2       713       714       739       738       863       864       889       888
 -1       590    1    0    1
 -2       714       715       740       739       864       865       890       889
 -1       591    1    0    1
 -2       715       716       741       740       865       866       891       890
 -1       592    1    0    1
 -2       716       717       742       741       866       867       892       891
 -1       593    1    0    1
 -2       717       718       743       742       867       868       893       892
 -1       594    1    0    1
 -2       718       719       744       743       868       869       894       893
 -1       595    1    0    1
 -2       719       720       745       744       869       870       895       894
 -1       596    1    0    1
 -2       720       721       746       745       870       871       896       895
 -1       597    1    0    1
 -2       721       722       747       746       871       872       897       896
 -1       598    1    0    1
 -2       722       723       748       747       872       873       898       897
 -1       599    1    0    1
 -2       723       724       749       748       873       874       899       898
 -1       600    1    0    1
 -2       724       725       750       749       874       875       900       899
 -3
    1PSTEP                         1           1           1          
    1PGM                1.000000E+00                                  
    1PGK                2.253773E+07                                  
    1PHID                         -1                                  
    1PSUBC                         0                                  
    1PMODE                         1                                  
  100CL  101 755.5708875         900                     2    1MODAL      1
 -4  DISP        4    1
 -5  D1          1    2    1    0
 -5  D2          1    2    2    0
 -5  D3          1    2    3    0
 -5  ALL         1    2    0    0    1ALL
 -1         1 0.00000E+00 0.00000E+00 0.00000E+00
 -1         2 6.54485E-01 3.00835E-01 2.75750E-01
 -1         3 1.26275E+00 1.04814E+00 1.47084E-01
 -1         4 1.85611E+00 2.33493E+00-1.20245E-01
 -1         5 2.41835E+00 4.07997E+00-4.89917E-01
 -1         6 2.94162E+00 6.24887E+00-9.42106E-01
 -1         7 3.42527E+00 8.80886E+00-1.47107E+00
 -1         8 3.86941E+00 1.17292E+01-2.07085E+00
 -1         9 4.27457E+00 1.49792E+01-2.73543E+00
 -1        10 4.64138E+00 1.85283E+01-3.45872E+00
 -1        11 4.97064E+00 2.23468E+01-4.23471E+00
 -1        12 5.26332E+00 2.64053E+01-5.05752E+00
 -1        13 5.52055E+00 3.06754E+01-5.92142E+00
 -1        14 5.74368E+00 3.51297E+01-6.82085E+00
 -1        15 5.93428E+00 3.97416E+01-7.75048E+00
 -1        16 6.09412E+00 4.44862E+01-8.70522E+00
 -1        17 6.22518E+00 4.93399E+01-9.68028E+00
 -1        18 6.32970E+00 5.42805E+01-1.06712E+01
 -1        19 6.41011E+00 5.92879E+01-1.16737E+01
 -1        20 6.46913E+00 6.43439E+01-1.26843E+01
 -1        21 6.50968E+00 6.94324E+01-1.36995E+01
 -1        22 6.53493E+00 7.45399E+01-1.47166E+01
 -1        23 6.54827E+00 7.96552E+01-1.57330E+01
 -1        24 6.55335E+00 8.47699E+01-1.67470E+01
 -1        25 6.55444E+00 8.98796E+01-1.77583E+01
 -1        26 0.00000E+00 0.00000E+00 0.00000E+00
 -1        27 3.15055E-01 1.85457E-01 1.17039E-01
 -1        28 6.19251E-01 9.65604E-01-2.33320E-02
 -1        29 9.09593E-01 2.25211E+00-2.86344E-01
 -1        30 1.19024E+00 4.00298E+00-6.43774E-01
 -1        31 1.45273E+00 6.17718E+00-1.08454E+00
 -1        32 1.69557E+00 8.74283E+00-1.60222E+00
 -1        33 1.91860E+00 1.16688E+01-2.19091E+00
 -1        34 2.12216E+00 1.49242E+01-2.84454E+00
 -1        35 2.30657E+00 1.84788E+01-3.55708E+00
 -1        36 2.47224E+00 2.23025E+01-4.32257E+00
 -1        37 2.61968E+00 2.63661E+01-5.13518E+00
 -1        38 2.74944E+00 3.06411E+01-5.98922E+00
 -1        39 2.86223E+00 3.51001E+01-6.87920E+00
 -1        40 2.95883E+00 3.97165E+01-7.79986E+00
 -1        41 3.04011E+00 4.44654E+01-8.74616E+00
 -1        42 3.10710E+00 4.93229E+01-9.71338E+00
 -1        43 3.16090E+00 5.42671E+01-1.06971E+01
 -1        44 3.20276E+00 5.92777E+01-1.16932E+01
 -1        45 3.23401E+00 6.43365E+01-1.26981E+01
 -1        46 3.25614E+00 6.94274E+01-1.37085E+01
 -1        47 3.27074E+00 7.45368E+01-1.47217E+01
 -1        48 3.27952E+00 7.96536E+01-1.57353E+01
 -1        49 3.28402E+00 8.47692E+01-1.67478E+01
 -1        50 3.28557E+00 8.98790E+01-1.77586E+01
 -1        51 0.00000E+00 0.00000E+00 0.00000E+00
 -1        52 4.57867E-05 1.45693E-01-2.99353E-02
 -1        53-3.05918E-03 9.33752E-01-1.82213E-01
 -1        54-4.80561E-03 2.22583E+00-4.38051E-01
 -1        55-4.81339E-03 3.97742E+00-7.84989E-01
 -1        56-3.19242E-03 6.15333E+00-1.21506E+00
 -1        57-1.58416E-03 8.72081E+00-1.72243E+00
 -1        58-7.57154E-05 1.16486E+01-2.30096E+00
 -1        59 1.34130E-03 1.49058E+01-2.94458E+00
 -1        60 2.68924E-03 1.84622E+01-3.64730E+00
 -1        61 3.97658E-03 2.22876E+01-4.40318E+00
 -1        62 5.21008E-03 2.63529E+01-5.20646E+00
 -1        63 6.39635E-03 3.06295E+01-6.05149E+00
 -1        64 7.54226E-03 3.50900E+01-6.93285E+00
 -1        65 8.65495E-03 3.97079E+01-7.84531E+00
 -1        66 9.74187E-03 4.44581E+01-8.78390E+00
 -1        67 1.08107E-02 4.93169E+01-9.74395E+00
 -1        68 1.18697E-02 5.42623E+01-1.07211E+01
 -1        69 1.29273E-02 5.92739E+01-1.17113E+01
 -1        70 1.39926E-02 6.43336E+01-1.27111E+01
 -1        71 1.50762E-02 6.94254E+01-1.37171E+01
 -1        72 1.61923E-02 7.45354E+01-1.47268E+01
 -1        73 1.73379E-02 7.96525E+01-1.57378E+01
 -1        74 1.82931E-02 8.47688E+01-1.67487E+01
 -1        75 1.87713E-02 8.98782E+01-1.77587E+01
 -1        76 0.00000E+00 0.00000E+00 0.00000E+00
 -1        77-3.04831E-01 1.68012E-01-1.71882E-01
 -1        78-6.13542E-01 9.62794E-01-3.30352E-01
 -1        79-9.11302E-01 2.25403E+00-5.79315E-01
 -1        80-1.18967E+00 4.00339E+00-9.15450E-01
 -1        81-1.44908E+00 6.17733E+00-1.33586E+00
 -1        82-1.68877E+00 8.74291E+00-1.83364E+00
 -1        83-1.90894E+00 1.16688E+01-2.40277E+00
 -1        84-2.10982E+00 1.49242E+01-3.03714E+00
 -1        85-2.29174E+00 1.84787E+01-3.73077E+00
 -1        86-2.45509E+00 2.23024E+01-4.47778E+00
 -1        87-2.60035E+00 2.63660E+01-5.27242E+00
 -1        88-2.72809E+00 3.06410E+01-6.10914E+00
 -1        89-2.83898E+00 3.50999E+01-6.98252E+00
 -1        90-2.93380E+00 3.97163E+01-7.88740E+00
 -1        91-3.01342E+00 4.44651E+01-8.81886E+00
 -1        92-3.07883E+00 4.93226E+01-9.77229E+00
 -1        93-3.13114E+00 5.42667E+01-1.07434E+01
 -1        94-3.17156E+00 5.92773E+01-1.17282E+01
 -1        95-3.20143E+00 6.43360E+01-1.27231E+01
 -1        96-3.22219E+00 6.94269E+01-1.37252E+01
 -1        97-3.23544E+00 7.45363E+01-1.47316E+01
 -1        98-3.24284E+00 7.96530E+01-1.57403E+01
 -1        99-3.24607E+00 8.47690E+01-1.67496E+01
 -1       100-3.24703E+00 8.98782E+01-1.77585E+01
 -1       101 0.00000E+00 0.00000E+00 0.00000E+00
 -1       102-6.17281E-01 2.57515E-01-3.02143E-01
 -1       103-1.23907E+00 1.05423E+00-4.67171E-01
 -1       104-1.82600E+00 2.33618E+00-7.08780E-01
 -1       105-2.38426E+00 4.08097E+00-1.03598E+00
 -1       106-2.90444E+00 6.24922E+00-1.44719E+00
 -1       107-3.38538E+00 8.80916E+00-1.93619E+00
 -1       108-3.82709E+00 1.17295E+01-2.49665E+00
 -1       109-4.23012E+00 1.49794E+01-3.12248E+00
 -1       110-4.59511E+00 1.85285E+01-3.80772E+00
 -1       111-4.92286E+00 2.23469E+01-4.54653E+00
 -1       112-5.21434E+00 2.64054E+01-5.33322E+00
 -1       113-5.47068E+00 3.06755E+01-6.16225E+00
 -1       114-5.69324E+00 3.51297E+01-7.02827E+00
 -1       115-5.88356E+00 3.97416E+01-7.92615E+00
 -1       116-6.04341E+00 4.44862E+01-8.85104E+00
 -1       117-6.17477E+00 4.93397E+01-9.79836E+00
 -1       118-6.27985E+00 5.42803E+01-1.07638E+01
 -1       119-6.36111E+00 5.92877E+01-1.17436E+01
 -1       120-6.42120E+00 6.43436E+01-1.27342E+01
 -1       121-6.46306E+00 6.94321E+01-1.37325E+01
 -1       122-6.48983E+00 7.45396E+01-1.47359E+01
 -1       123-6.50491E+00 7.96549E+01-1.57424E+01
 -1       124-6.51168E+00 8.47698E+01-1.67503E+01
 -1       125-6.51368E+00 8.98791E+01-1.77584E+01
 -1       126 0.00000E+00 0.00000E+00 0.00000E+00
 -1       127-9.76794E-01 4.38669E-01-4.21861E-01
 -1       128-1.88461E+00 1.19378E+00-5.90041E-01
 -1       129-2.77017E+00 2.47519E+00-8.30138E-01
 -1       130-3.60929E+00 4.21000E+00-1.14802E+00
 -1       131-4.39026E+00 6.36917E+00-1.55097E+00
 -1       132-5.11209E+00 8.91963E+00-2.03173E+00
 -1       133-5.77495E+00 1.18306E+01-2.58411E+00
 -1       134-6.37963E+00 1.50714E+01-3.20196E+00
 -1       135-6.92708E+00 1.86115E+01-3.87937E+00
 -1       136-7.41849E+00 2.24211E+01-4.61053E+00
 -1       137-7.85529E+00 2.64710E+01-5.38978E+00
 -1       138-8.23920E+00 3.07328E+01-6.21163E+00
 -1       139-8.57222E+00 3.51790E+01-7.07076E+00
 -1       140-8.85669E+00 3.97834E+01-7.96211E+00
 -1       141-9.09523E+00 4.45210E+01-8.88084E+00
 -1       142-9.29084E+00 4.93680E+01-9.82244E+00
 -1       143-9.44682E+00 5.43025E+01-1.07827E+01
 -1       144-9.56685E+00 5.93045E+01-1.17578E+01
 -1       145-9.65493E+00 6.43557E+01-1.27442E+01
 -1       146-9.71545E+00 6.94402E+01-1.37390E+01
 -1       147-9.75313E+00 7.45445E+01-1.47396E+01
 -1       148-9.77304E+00 7.96574E+01-1.57440E+01
 -1       149-9.78062E+00 8.47706E+01-1.67508E+01
 -1       150-9.78224E+00 8.98797E+01-1.77586E+01
 -1       151 0.00000E+00 0.00000E+00 0.00000E+00
 -1       152 6.72713E-01 4.27014E-01 1.38588E-01
 -1       153 1.38494E+00 1.19743E+00 2.47277E-02
 -1       154 2.04883E+00 2.47654E+00-2.40533E-01
 -1       155 2.66850E+00 4.21207E+00-6.01246E-01
 -1       156 3.24328E+00 6.37101E+00-1.04532E+00
 -1       157 3.77433E+00 8.92136E+00-1.56610E+00
 -1       158 4.26203E+00 1.18322E+01-2.15784E+00
 -1       159 4.70691E+00 1.50728E+01-2.81449E+00
 -1       160 5.10961E+00 1.86127E+01-3.52999E+00
 -1       161 5.47102E+00 2.24222E+01-4.29837E+00
 -1       162 5.79217E+00 2.64719E+01-5.11379E+00
 -1       163 6.07434E+00 3.07336E+01-5.97054E+00
 -1       164 6.31899E+00 3.51798E+01-6.86313E+00
 -1       165 6.52784E+00 3.97840E+01-7.78626E+00
 -1       166 6.70282E+00 4.45214E+01-8.73488E+00
 -1       167 6.84614E+00 4.93683E+01-9.70426E+00
 -1       168 6.96022E+00 5.43028E+01-1.06899E+01
 -1       169 7.04776E+00 5.93047E+01-1.16878E+01
 -1       170 7.11172E+00 6.43558E+01-1.26943E+01
 -1       171 7.15532E+00 6.94403E+01-1.37060E+01
 -1       172 7.18204E+00 7.45444E+01-1.47203E+01
 -1       173 7.19560E+00 7.96573E+01-1.57347E+01
 -1       174 7.20024E+00 8.47706E+01-1.67475E+01
 -1       175 7.20103E+00 8.98800E+01-1.77582E+01
 -1       176 0.00000E+00 0.00000E+00 0.00000E+00
 -1       177 3.37990E-01 2.93712E-01 4.83124E-02
 -1       178 7.41409E-01 1.09689E+00-8.56086E-02
 -1       179 1.10193E+00 2.38156E+00-3.47908E-01
 -1       180 1.43954E+00 4.12391E+00-7.01351E-01
 -1       181 1.75359E+00 6.28914E+00-1.13788E+00
 -1       182 2.04384E+00 8.84592E+00-1.65134E+00
 -1       183 2.31046E+00 1.17631E+01-2.23587E+00
 -1       184 2.55374E+00 1.50100E+01-2.88542E+00
 -1       185 2.77406E+00 1.85561E+01-3.59395E+00
 -1       186 2.97190E+00 2.23716E+01-4.35552E+00
 -1       187 3.14783E+00 2.64272E+01-5.16431E+00
 -1       188 3.30257E+00 3.06945E+01-6.01468E+00
 -1       189 3.43690E+00 3.51461E+01-6.90114E+00
 -1       190 3.55177E+00 3.97555E+01-7.81845E+00
 -1       191 3.64825E+00 4.44977E+01-8.76161E+00
 -1       192 3.72753E+00 4.93491E+01-9.72589E+00
 -1       193 3.79095E+00 5.42877E+01-1.07069E+01
 -1       194 3.83998E+00 5.92933E+01-1.17006E+01
 -1       195 3.87624E+00 6.43476E+01-1.27034E+01
 -1       196 3.90148E+00 6.94348E+01-1.37121E+01
 -1       197 3.91762E+00 7.45412E+01-1.47238E+01
 -1       198 3.92669E+00 7.96557E+01-1.57364E+01
 -1       199 3.93081E+00 8.47701E+01-1.67482E+01
 -1       200 3.93207E+00 8.98794E+01-1.77584E+01
 -1       201 0.00000E+00 0.00000E+00 0.00000E+00
 -1       202 5.55097E-02 2.43735E-01-3.20944E-02
 -1       203 1.22067E-01 1.05097E+00-1.87078E-01
 -1       204 1.83675E-01 2.34330E+00-4.43887E-01
 -1       205 2.39883E-01 4.08741E+00-7.90538E-01
 -1       206 2.93018E-01 6.25519E+00-1.22025E+00
 -1       207 3.42163E-01 8.81461E+00-1.72720E+00
 -1       208 3.87321E-01 1.17345E+01-2.30532E+00
 -1       209 4.28538E-01 1.49839E+01-2.94855E+00
 -1       210 4.65886E-01 1.85326E+01-3.65087E+00
 -1       211 4.99445E-01 2.23505E+01-4.40638E+00
 -1       212 5.29317E-01 2.64085E+01-5.20929E+00
 -1       213 5.55619E-01 3.06782E+01-6.05397E+00
 -1       214 5.78490E-01 3.51319E+01-6.93499E+00
 -1       215 5.98087E-01 3.97435E+01-7.84713E+00
 -1       216 6.14593E-01 4.44877E+01-8.78542E+00
 -1       217 6.28210E-01 4.93409E+01-9.74519E+00
 -1       218 6.39165E-01 5.42812E+01-1.07221E+01
 -1       219 6.47707E-01 5.92882E+01-1.17121E+01
 -1       220 6.54111E-01 6.43439E+01-1.27116E+01
 -1       221 6.58673E-01 6.94322E+01-1.37175E+01
 -1       222 6.61719E-01 7.45395E+01-1.47270E+01
 -1       223 6.63588E-01 7.96547E+01-1.57380E+01
 -1       224 6.64533E-01 8.47696E+01-1.67488E+01
 -1       225 6.64895E-01 8.98786E+01-1.77585E+01
 -1       226 0.00000E+00 0.00000E+00 0.00000E+00
 -1       227-2.20120E-01 2.57353E-01-1.06512E-01
 -1       228-4.84036E-01 1.06878E+00-2.78654E-01
 -1       229-7.26447E-01 2.36029E+00-5.28988E-01
 -1       230-9.49706E-01 4.10297E+00-8.68995E-01
 -1       231-1.15755E+00 6.26957E+00-1.29268E+00
 -1       232-1.34961E+00 8.82784E+00-1.79388E+00
 -1       233-1.52605E+00 1.17466E+01-2.36637E+00
 -1       234-1.68706E+00 1.49949E+01-3.00405E+00
 -1       235-1.83288E+00 1.85425E+01-3.70093E+00
 -1       236-1.96385E+00 2.23594E+01-4.45111E+00
 -1       237-2.08034E+00 2.64164E+01-5.24884E+00
 -1       238-2.18280E+00 3.06850E+01-6.08853E+00
 -1       239-2.27179E+00 3.51378E+01-6.96476E+00
 -1       240-2.34792E+00 3.97485E+01-7.87235E+00
 -1       241-2.41189E+00 4.44918E+01-8.80637E+00
 -1       242-2.46450E+00 4.93443E+01-9.76216E+00
 -1       243-2.50662E+00 5.42838E+01-1.07354E+01
 -1       244-2.53925E+00 5.92902E+01-1.17222E+01
 -1       245-2.56344E+00 6.43453E+01-1.27188E+01
 -1       246-2.58036E+00 6.94332E+01-1.37223E+01
 -1       247-2.59127E+00 7.45401E+01-1.47299E+01
 -1       248-2.59753E+00 7.96550E+01-1.57394E+01
 -1       249-2.60045E+00 8.47697E+01-1.67493E+01
 -1       250-2.60141E+00 8.98786E+01-1.77584E+01
 -1       251 0.00000E+00 0.00000E+00 0.00000E+00
 -1       252-5.04438E-01 3.37442E-01-1.73016E-01
 -1       253-1.10652E+00 1.15080E+00-3.58490E-01
 -1       254-1.64459E+00 2.43199E+00-6.03154E-01
 -1       255-2.14845E+00 4.17056E+00-9.37473E-01
 -1       256-2.61717E+00 6.33221E+00-1.35585E+00
 -1       257-3.05035E+00 8.88558E+00-1.85205E+00
 -1       258-3.44827E+00 1.17994E+01-2.41963E+00
 -1       259-3.81135E+00 1.50430E+01-3.05246E+00
 -1       260-4.14017E+00 1.85859E+01-3.74458E+00
 -1       261-4.43544E+00 2.23982E+01-4.49011E+00
 -1       262-4.69802E+00 2.64507E+01-5.28332E+00
 -1       263-4.92895E+00 3.07151E+01-6.11865E+00
 -1       264-5.12944E+00 3.51638E+01-6.99070E+00
 -1       265-5.30088E+00 3.97705E+01-7.89432E+00
 -1       266-5.44487E+00 4.45102E+01-8.82460E+00
 -1       267-5.56320E+00 4.93592E+01-9.77692E+00
 -1       268-5.65785E+00 5.42956E+01-1.07470E+01
 -1       269-5.73102E+00 5.92992E+01-1.17309E+01
 -1       270-5.78513E+00 6.43519E+01-1.27250E+01
 -1       271-5.82281E+00 6.94377E+01-1.37264E+01
 -1       272-5.84689E+00 7.45429E+01-1.47323E+01
 -1       273-5.86044E+00 7.96566E+01-1.57406E+01
 -1       274-5.86657E+00 8.47704E+01-1.67497E+01
 -1       275-5.86846E+00 8.98794E+01-1.77584E+01
 -1       276 0.00000E+00 0.00000E+00 0.00000E+00
 -1       277-8.56924E-01 5.09836E-01-2.26110E-01
 -1       278-1.75211E+00 1.28512E+00-4.23806E-01
 -1       279-2.58933E+00 2.56001E+00-6.66022E-01
 -1       280-3.37475E+00 4.28957E+00-9.95983E-01
 -1       281-4.10417E+00 6.44266E+00-1.40989E+00
 -1       282-4.77822E+00 8.98734E+00-1.90183E+00
 -1       283-5.39727E+00 1.18926E+01-2.46519E+00
 -1       284-5.96199E+00 1.51277E+01-3.09388E+00
 -1       285-6.47325E+00 1.86623E+01-3.78192E+00
 -1       286-6.93215E+00 2.24664E+01-4.52347E+00
 -1       287-7.34002E+00 2.65111E+01-5.31281E+00
 -1       288-7.69847E+00 3.07678E+01-6.14440E+00
 -1       289-8.00938E+00 3.52092E+01-7.01288E+00
 -1       290-8.27492E+00 3.98090E+01-7.91310E+00
 -1       291-8.49755E+00 4.45422E+01-8.84018E+00
 -1       292-8.68005E+00 4.93851E+01-9.78953E+00
 -1       293-8.82552E+00 5.43160E+01-1.07569E+01
 -1       294-8.93739E+00 5.93146E+01-1.17383E+01
 -1       295-9.01940E+00 6.43629E+01-1.27303E+01
 -1       296-9.07564E+00 6.94450E+01-1.37299E+01
 -1       297-9.11053E+00 7.45473E+01-1.47343E+01
 -1       298-9.12881E+00 7.96587E+01-1.57415E+01
 -1       299-9.13568E+00 8.47711E+01-1.67500E+01
 -1       300-9.13717E+00 8.98800E+01-1.77585E+01
 -1       301 0.00000E+00 0.00000E+00 0.00000E+00
 -1       302 7.41177E-01 4.96699E-01 2.54902E-02
 -1       303 1.50007E+00 1.28247E+00-1.13865E-01
 -1       304 2.22877E+00 2.56061E+00-3.71221E-01
 -1       305 2.90574E+00 4.29027E+00-7.22721E-01
 -1       306 3.53230E+00 6.44346E+00-1.15740E+00
 -1       307 4.11097E+00 8.98807E+00-1.66933E+00
 -1       308 4.64241E+00 1.18933E+01-2.25234E+00
 -1       309 5.12719E+00 1.51283E+01-2.90038E+00
 -1       310 5.56604E+00 1.86628E+01-3.60743E+00
 -1       311 5.95989E+00 2.24669E+01-4.36756E+00
 -1       312 6.30990E+00 2.65115E+01-5.17495E+00
 -1       313 6.61742E+00 3.07682E+01-6.02395E+00
 -1       314 6.88408E+00 3.52096E+01-6.90912E+00
 -1       315 7.11173E+00 3.98093E+01-7.82519E+00
 -1       316 7.30250E+00 4.45424E+01-8.76718E+00
 -1       317 7.45876E+00 4.93853E+01-9.73039E+00
 -1       318 7.58318E+00 5.43162E+01-1.07104E+01
 -1       319 7.67870E+00 5.93148E+01-1.17033E+01
 -1       320 7.74853E+00 6.43631E+01-1.27053E+01
 -1       321 7.79618E+00 6.94451E+01-1.37132E+01
 -1       322 7.82545E+00 7.45473E+01-1.47244E+01
 -1       323 7.84044E+00 7.96588E+01-1.57366E+01
 -1       324 7.84579E+00 8.47712E+01-1.67482E+01
 -1       325 7.84685E+00 8.98803E+01-1.77581E+01
 -1       326 0.00000E+00 0.00000E+00 0.00000E+00
 -1       327 3.89336E-01 3.43409E-01-1.50410E-02
 -1       328 8.56129E-01 1.16954E+00-1.64340E-01
 -1       329 1.28364E+00 2.45357E+00-4.21670E-01
 -1       330 1.67877E+00 4.19189E+00-7.69736E-01
 -1       331 2.04450E+00 6.35211E+00-1.20094E+00
 -1       332 2.38234E+00 8.90392E+00-1.70941E+00
 -1       333 2.69267E+00 1.18162E+01-2.28904E+00
 -1       334 2.97583E+00 1.50583E+01-2.93374E+00
 -1       335 3.23225E+00 1.85997E+01-3.63752E+00
 -1       336 3.46249E+00 2.24105E+01-4.39444E+00
 -1       337 3.66723E+00 2.64616E+01-5.19872E+00
 -1       338 3.84725E+00 3.07246E+01-6.04473E+00
 -1       339 4.00352E+00 3.51720E+01-6.92702E+00
 -1       340 4.13712E+00 3.97775E+01-7.84036E+00
 -1       341 4.24928E+00 4.45160E+01-8.77979E+00
 -1       342 4.34141E+00 4.93640E+01-9.74061E+00
 -1       343 4.41505E+00 5.42994E+01-1.07185E+01
 -1       344 4.47193E+00 5.93021E+01-1.17093E+01
 -1       345 4.51391E+00 6.43540E+01-1.27096E+01
 -1       346 4.54306E+00 6.94391E+01-1.37161E+01
 -1       347 4.56158E+00 7.45438E+01-1.47262E+01
 -1       348 4.57190E+00 7.96571E+01-1.57375E+01
 -1       349 4.57651E+00 8.47707E+01-1.67486E+01
 -1       350 4.57790E+00 8.98798E+01-1.77582E+01
 -1       351 0.00000E+00 0.00000E+00 0.00000E+00
 -1       352 1.08889E-01 2.81878E-01-4.45459E-02
 -1       353 2.40521E-01 1.10962E+00-2.04729E-01
 -1       354 3.65316E-01 2.40371E+00-4.61114E-01
 -1       355 4.78044E-01 4.14509E+00-8.06403E-01
 -1       356 5.82809E-01 6.30871E+00-1.23485E+00
 -1       357 6.79562E-01 8.86389E+00-1.74063E+00
 -1       358 7.68453E-01 1.17796E+01-2.31762E+00
 -1       359 8.49572E-01 1.50249E+01-2.95972E+00
 -1       360 9.23048E-01 1.85696E+01-3.66095E+00
 -1       361 9.89037E-01 2.23836E+01-4.41538E+00
 -1       362 1.04773E+00 2.64378E+01-5.21724E+00
 -1       363 1.09937E+00 3.07038E+01-6.06091E+00
 -1       364 1.14422E+00 3.51540E+01-6.94096E+00
 -1       365 1.18259E+00 3.97622E+01-7.85218E+00
 -1       366 1.21484E+00 4.45032E+01-8.78960E+00
 -1       367 1.24136E+00 4.93535E+01-9.74856E+00
 -1       368 1.26261E+00 5.42911E+01-1.07247E+01
 -1       369 1.27907E+00 5.92958E+01-1.17141E+01
 -1       370 1.29128E+00 6.43494E+01-1.27130E+01
 -1       371 1.29984E+00 6.94359E+01-1.37184E+01
 -1       372 1.30537E+00 7.45418E+01-1.47275E+01
 -1       373 1.30856E+00 7.96559E+01-1.57382E+01
 -1       374 1.31006E+00 8.47702E+01-1.67488E+01
 -1       375 1.31057E+00 8.98790E+01-1.77583E+01
 -1       376 0.00000E+00 0.00000E+00 0.00000E+00
 -1       377-1.62513E-01 2.86462E-01-6.77467E-02
 -1       378-3.58968E-01 1.11558E+00-2.34927E-01
 -1       379-5.45220E-01 2.40939E+00-4.89860E-01
 -1       380-7.13462E-01 4.15026E+00-8.32596E-01
 -1       381-8.69820E-01 6.31349E+00-1.25905E+00
 -1       382-1.01422E+00 8.86829E+00-1.76290E+00
 -1       383-1.14689E+00 1.17836E+01-2.33800E+00
 -1       384-1.26795E+00 1.50286E+01-2.97826E+00
 -1       385-1.37761E+00 1.85729E+01-3.67766E+00
 -1       386-1.47610E+00 2.23865E+01-4.43031E+00
 -1       387-1.56370E+00 2.64404E+01-5.23045E+00
 -1       388-1.64077E+00 3.07060E+01-6.07245E+00
 -1       389-1.70770E+00 3.51560E+01-6.95090E+00
 -1       390-1.76497E+00 3.97639E+01-7.86060E+00
 -1       391-1.81309E+00 4.45046E+01-8.79659E+00
 -1       392-1.85268E+00 4.93547E+01-9.75423E+00
 -1       393-1.88439E+00 5.42920E+01-1.07292E+01
 -1       394-1.90896E+00 5.92965E+01-1.17174E+01
 -1       395-1.92719E+00 6.43499E+01-1.27154E+01
 -1       396-1.93996E+00 6.94362E+01-1.37200E+01
 -1       397-1.94821E+00 7.45420E+01-1.47285E+01
 -1       398-1.95298E+00 7.96560E+01-1.57387E+01
 -1       399-1.95521E+00 8.47702E+01-1.67490E+01
 -1       400-1.95598E+00 8.98790E+01-1.77583E+01
 -1       401 0.00000E+00 0.00000E+00 0.00000E+00
 -1       402-4.43795E-01 3.58112E-01-8.39643E-02
 -1       403-9.75883E-01 1.18764E+00-2.54480E-01
 -1       404-1.46346E+00 2.47038E+00-5.07666E-01
 -1       405-1.91381E+00 4.20739E+00-8.48522E-01
 -1       406-2.33110E+00 6.36642E+00-1.27370E+00
 -1       407-2.71660E+00 8.91709E+00-1.77638E+00
 -1       408-3.07071E+00 1.18283E+01-2.35035E+00
 -1       409-3.39383E+00 1.50692E+01-2.98948E+00
 -1       410-3.68644E+00 1.86095E+01-3.68778E+00
 -1       411-3.94919E+00 2.24193E+01-4.43935E+00
 -1       412-4.18284E+00 2.64694E+01-5.23843E+00
 -1       413-4.38831E+00 3.07314E+01-6.07942E+00
 -1       414-4.56668E+00 3.51779E+01-6.95690E+00
 -1       415-4.71919E+00 3.97825E+01-7.86568E+00
 -1       416-4.84726E+00 4.45201E+01-8.80081E+00
 -1       417-4.95247E+00 4.93673E+01-9.75763E+00
 -1       418-5.03660E+00 5.43020E+01-1.07318E+01
 -1       419-5.10161E+00 5.93041E+01-1.17194E+01
 -1       420-5.14964E+00 6.43554E+01-1.27168E+01
 -1       421-5.18303E+00 6.94401E+01-1.37209E+01
 -1       422-5.20431E+00 7.45444E+01-1.47290E+01
 -1       423-5.21623E+00 7.96574E+01-1.57389E+01
 -1       424-5.22160E+00 8.47708E+01-1.67491E+01
 -1       425-5.22326E+00 8.98797E+01-1.77582E+01
 -1       426 0.00000E+00 0.00000E+00 0.00000E+00
 -1       427-8.01415E-01 5.24745E-01-8.74720E-02
 -1       428-1.62069E+00 1.31174E+00-2.60855E-01
 -1       429-2.40787E+00 2.58852E+00-5.13911E-01
 -1       430-3.13985E+00 4.31605E+00-8.54130E-01
 -1       431-3.81798E+00 6.46733E+00-1.27889E+00
 -1       432-4.44432E+00 9.01004E+00-1.78115E+00
 -1       433-5.01956E+00 1.19134E+01-2.35472E+00
 -1       434-5.54431E+00 1.51466E+01-2.99345E+00
 -1       435-6.01937E+00 1.86793E+01-3.69136E+00
 -1       436-6.44576E+00 2.24817E+01-4.44255E+00
 -1       437-6.82470E+00 2.65246E+01-5.24126E+00
 -1       438-7.15770E+00 3.07796E+01-6.08189E+00
 -1       439-7.44650E+00 3.52194E+01-6.95902E+00
 -1       440-7.69311E+00 3.98176E+01-7.86747E+00
 -1       441-7.89982E+00 4.45493E+01-8.80229E+00
 -1       442-8.06922E+00 4.93909E+01-9.75883E+00
 -1       443-8.20418E+00 5.43206E+01-1.07328E+01
 -1       444-8.30789E+00 5.93181E+01-1.17201E+01
 -1       445-8.38383E+00 6.43654E+01-1.27173E+01
 -1       446-8.43580E+00 6.94467E+01-1.37212E+01
 -1       447-8.46791E+00 7.45483E+01-1.47292E+01
 -1       448-8.48459E+00 7.96593E+01-1.57390E+01
 -1       449-8.49076E+00 8.47714E+01-1.67491E+01
 -1       450-8.49211E+00 8.98803E+01-1.77582E+01
 -1       451 0.00000E+00 0.00000E+00 0.00000E+00
 -1       452 8.01415E-01 5.24745E-01-8.74720E-02
 -1       453 1.62069E+00 1.31174E+00-2.60855E-01
 -1       454 2.40787E+00 2.58852E+00-5.13911E-01
 -1       455 3.13985E+00 4.31605E+00-8.54130E-01
 -1       456 3.81798E+00 6.46733E+00-1.27889E+00
 -1       457 4.44432E+00 9.01004E+00-1.78115E+00
 -1       458 5.01956E+00 1.19134E+01-2.35472E+00
 -1       459 5.54431E+00 1.51466E+01-2.99345E+00
 -1       460 6.01937E+00 1.86793E+01-3.69136E+00
 -1       461 6.44576E+00 2.24817E+01-4.44255E+00
 -1       462 6.82470E+00 2.65246E+01-5.24126E+00
 -1       463 7.15770E+00 3.07796E+01-6.08189E+00
 -1       464 7.44650E+00 3.52194E+01-6.95902E+00
 -1       465 7.69311E+00 3.98176E+01-7.86747E+00
 -1       466 7.89982E+00 4.45493E+01-8.80229E+00
 -1       467 8.06922E+00 4.93909E+01-9.75883E+00
 -1       468 8.20418E+00 5.43206E+01-1.07328E+01
 -1       469 8.30789E+00 5.93181E+01-1.17201E+01
 -1       470 8.38383E+00 6.43654E+01-1.27173E+01
 -1       471 8.43580E+00 6.94467E+01-1.37212E+01
 -1       472 8.46791E+00 7.45483E+01-1.47292E+01
 -1       473 8.48459E+00 7.96593E+01-1.57390E+01
 -1       474 8.49076E+00 8.47714E+01-1.67491E+01
 -1       475 8.49211E+00 8.98803E+01-1.77582E+01
 -1       476 0.00000E+00 0.00000E+00 0.00000E+00
 -1       477 4.43795E-01 3.58112E-01-8.39643E-02
 -1       478 9.75883E-01 1.18764E+00-2.54480E-01
 -1       479 1.46346E+00 2.47038E+00-5.07666E-01
 -1       480 1.91381E+00 4.20739E+00-8.48522E-01
 -1       481 2.33110E+00 6.36642E+00-1.27370E+00
 -1       482 2.71660E+00 8.91709E+00-1.77638E+00
 -1       483 3.07071E+00 1.18283E+01-2.35035E+00
 -1       484 3.39383E+00 1.50692E+01-2.98948E+00
 -1       485 3.68644E+00 1.86095E+01-3.68778E+00
 -1       486 3.94919E+00 2.24193E+01-4.43935E+00
 -1       487 4.18284E+00 2.64694E+01-5.23843E+00
 -1       488 4.38831E+00 3.07314E+01-6.07942E+00
 -1       489 4.56668E+00 3.51779E+01-6.95690E+00
 -1       490 4.71919E+00 3.97825E+01-7.86568E+00
 -1       491 4.84726E+00 4.45201E+01-8.80081E+00
 -1       492 4.95247E+00 4.93673E+01-9.75763E+00
 -1       493 5.03660E+00 5.43020E+01-1.07318E+01
 -1       494 5.10161E+00 5.93041E+01-1.17194E+01
 -1       495 5.14964E+00 6.43554E+01-1.27168E+01
 -1       496 5.18303E+00 6.94401E+01-1.37209E+01
 -1       497 5.20431E+00 7.45444E+01-1.47290E+01
 -1       498 5.21623E+00 7.96574E+01-1.57389E+01
 -1       499 5.22160E+00 8.47708E+01-1.67491E+01
 -1       500 5.22326E+00 8.98797E+01-1.77582E+01
 -1       501 0.00000E+00 0.00000E+00 0.00000E+00
 -1       502 1.62513E-01 2.86462E-01-6.77467E-02
 -1       503 3.58968E-01 1.11558E+00-2.34927E-01
 -1       504 5.45220E-01 2.40939E+00-4.89860E-01
 -1       505 7.13462E-01 4.15026E+00-8.32596E-01
 -1       506 8.69820E-01 6.31349E+00-1.25905E+00
 -1       507 1.01422E+00 8.86829E+00-1.76290E+00
 -1       508 1.14689E+00 1.17836E+01-2.33800E+00
 -1       509 1.26795E+00 1.50286E+01-2.97826E+00
 -1       510 1.37761E+00 1.85729E+01-3.67766E+00
 -1       511 1.47610E+00 2.23865E+01-4.43031E+00
 -1       512 1.56370E+00 2.64404E+01-5.23045E+00
 -1       513 1.64077E+00 3.07060E+01-6.07245E+00
 -1       514 1.70770E+00 3.51560E+01-6.95090E+00
 -1       515 1.76497E+00 3.97639E+01-7.86060E+00
 -1       516 1.81309E+00 4.45046E+01-8.79659E+00
 -1       517 1.85268E+00 4.93547E+01-9.75423E+00
 -1       518 1.88439E+00 5.42920E+01-1.07292E+01
 -1       519 1.90896E+00 5.92965E+01-1.17174E+01
 -1       520 1.92719E+00 6.43499E+01-1.27154E+01
 -1       521 1.93996E+00 6.94362E+01-1.37200E+01
 -1       522 1.94821E+00 7.45420E+01-1.47285E+01
 -1       523 1.95298E+00 7.96560E+01-1.57387E+01
 -1       524 1.95521E+00 8.47702E+01-1.67490E+01
 -1       525 1.95598E+00 8.98790E+01-1.77583E+01
 -1       526 0.00000E+00 0.00000E+00 0.00000E+00
 -1       527-1.08889E-01 2.81878E-01-4.45459E-02
 -1       528-2.40521E-01 1.10962E+00-2.04729E-01
 -1       529-3.65316E-01 2.40371E+00-4.61114E-01
 -1       530-4.78044E-01 4.14509E+00-8.06403E-01
 -1       531-5.82809E-01 6.30871E+00-1.23485E+00
 -1       532-6.79562E-01 8.86389E+00-1.74063E+00
 -1       533-7.68453E-01 1.17796E+01-2.31762E+00
 -1       534-8.49572E-01 1.50249E+01-2.95972E+00
 -1       535-9.23048E-01 1.85696E+01-3.66095E+00
 -1       536-9.89037E-01 2.23836E+01-4.41538E+00
 -1       537-1.04773E+00 2.64378E+01-5.21724E+00
 -1       538-1.09937E+00 3.07038E+01-6.06091E+00
 -1       539-1.14422E+00 3.51540E+01-6.94096E+00
 -1       540-1.18259E+00 3.97622E+01-7.85218E+00
 -1       541-1.21484E+00 4.45032E+01-8.78960E+00
 -1       542-1.24136E+00 4.93535E+01-9.74856E+00
 -1       543-1.26261E+00 5.42911E+01-1.07247E+01
 -1       544-1.27907E+00 5.92958E+01-1.17141E+01
 -1       545-1.29128E+00 6.43494E+01-1.27130E+01
 -1       546-1.29984E+00 6.94359E+01-1.37184E+01
 -1       547-1.30537E+00 7.45418E+01-1.47275E+01
 -1       548-1.30856E+00 7.96559E+01-1.57382E+01
 -1       549-1.31006E+00 8.47702E+01-1.67488E+01
 -1       550-1.31057E+00 8.98790E+01-1.77583E+01
 -1       551 0.00000E+00 0.00000E+00 0.00000E+00
 -1       552-3.89336E-01 3.43409E-01-1.50410E-02
 -1       553-8.56129E-01 1.16954E+00-1.64340E-01
 -1       554-1.28364E+00 2.45357E+00-4.21670E-01
 -1       555-1.67877E+00 4.19189E+00-7.69736E-01
 -1       556-2.04450E+00 6.35211E+00-1.20094E+00
 -1       557-2.38234E+00 8.90392E+00-1.70941E+00
 -1       558-2.69267E+00 1.18162E+01-2.28904E+00
 -1       559-2.97583E+00 1.50583E+01-2.93374E+00
 -1       560-3.23225E+00 1.85997E+01-3.63752E+00
 -1       561-3.46249E+00 2.24105E+01-4.39444E+00
 -1       562-3.66723E+00 2.64616E+01-5.19872E+00
 -1       563-3.84725E+00 3.07246E+01-6.04473E+00
 -1       564-4.00352E+00 3.51720E+01-6.92702E+00
 -1       565-4.13712E+00 3.97775E+01-7.84036E+00
 -1       566-4.24928E+00 4.45160E+01-8.77979E+00
 -1       567-4.34141E+00 4.93640E+01-9.74061E+00
 -1       568-4.41505E+00 5.42994E+01-1.07185E+01
 -1       569-4.47193E+00 5.93021E+01-1.17093E+01
 -1       570-4.51391E+00 6.43540E+01-1.27096E+01
 -1       571-4.54306E+00 6.94391E+01-1.37161E+01
 -1       572-4.56158E+00 7.45438E+01-1.47262E+01
 -1       573-4.57190E+00 7.96571E+01-1.57375E+01
 -1       574-4.57651E+00 8.47707E+01-1.67486E+01
 -1       575-4.57790E+00 8.98798E+01-1.77582E+01
 -1       576 0.00000E+00 0.00000E+00 0.00000E+00
 -1       577-7.41177E-01 4.96699E-01 2.54902E-02
 -1       578-1.50007E+00 1.28247E+00-1.13865E-01
 -1       579-2.22877E+00 2.56061E+00-3.71221E-01
 -1       580-2.90574E+00 4.29027E+00-7.22721E-01
 -1       581-3.53230E+00 6.44346E+00-1.15740E+00
 -1       582-4.11097E+00 8.98807E+00-1.66933E+00
 -1       583-4.64241E+00 1.18933E+01-2.25234E+00
 -1       584-5.12719E+00 1.51283E+01-2.90038E+00
 -1       585-5.56604E+00 1.86628E+01-3.60743E+00
 -1       586-5.95989E+00 2.24669E+01-4.36756E+00
 -1       587-6.30990E+00 2.65115E+01-5.17495E+00
 -1       588-6.61742E+00 3.07682E+01-6.02395E+00
 -1       589-6.88408E+00 3.52096E+01-6.90912E+00
 -1       590-7.11173E+00 3.98093E+01-7.82519E+00
 -1       591-7.30250E+00 4.45424E+01-8.76718E+00
 -1       592-7.45876E+00 4.93853E+01-9.73039E+00
 -1       593-7.58318E+00 5.43162E+01-1.07104E+01
 -1       594-7.67870E+00 5.93148E+01-1.17033E+01
 -1       595-7.74853E+00 6.43631E+01-1.27053E+01
 -1       596-7.79618E+00 6.94451E+01-1.37132E+01
 -1       597-7.82545E+00 7.45473E+01-1.47244E+01
 -1       598-7.84044E+00 7.96588E+01-1.57366E+01
 -1       599-7.84579E+00 8.47712E+01-1.67482E+01
 -1       600-7.84685E+00 8.98803E+01-1.77581E+01
 -1       601 0.00000E+00 0.00000E+00 0.00000E+00
 -1       602 8.56924E-01 5.09836E-01-2.26110E-01
 -1       603 1.75211E+00 1.28512E+00-4.23806E-01
 -1       604 2.58933E+00 2.56001E+00-6.66022E-01
 -1       605 3.37475E+00 4.28957E+00-9.95983E-01
 -1       606 4.10417E+00 6.44266E+00-1.40989E+00
 -1       607 4.77822E+00 8.98734E+00-1.90183E+00
 -1       608 5.39727E+00 1.18926E+01-2.46519E+00
 -1       609 5.96199E+00 1.51277E+01-3.09388E+00
 -1       610 6.47325E+00 1.86623E+01-3.78192E+00
 -1       611 6.93215E+00 2.24664E+01-4.52347E+00
 -1       612 7.34002E+00 2.65111E+01-5.31281E+00
 -1       613 7.69847E+00 3.07678E+01-6.14440E+00
 -1       614 8.00938E+00 3.52092E+01-7.01288E+00
 -1       615 8.27492E+00 3.98090E+01-7.91310E+00
 -1       616 8.49755E+00 4.45422E+01-8.84018E+00
 -1       617 8.68005E+00 4.93851E+01-9.78953E+00
 -1       618 8.82552E+00 5.43160E+01-1.07569E+01
 -1       619 8.93739E+00 5.93146E+01-1.17383E+01
 -1       620 9.01940E+00 6.43629E+01-1.27303E+01
 -1       621 9.07564E+00 6.94450E+01-1.37299E+01
 -1       622 9.11053E+00 7.45473E+01-1.47343E+01
 -1       623 9.12881E+00 7.96587E+01-1.57415E+01
 -1       624 9.13568E+00 8.47711E+01-1.67500E+01
 -1       625 9.13717E+00 8.98800E+01-1.77585E+01
 -1       626 0.00000E+00 0.00000E+00 0.00000E+00
 -1       627 5.04438E-01 3.37442E-01-1.73016E-01
 -1       628 1.10652E+00 1.15080E+00-3.58490E-01
 -1       629 1.64459E+00 2.43199E+00-6.03154E-01
 -1       630 2.14845E+00 4.17056E+00-9.37473E-01
 -1       631 2.61717E+00 6.33221E+00-1.35585E+00
 -1       632 3.05035E+00 8.88558E+00-1.85205E+00
 -1       633 3.44827E+00 1.17994E+01-2.41963E+00
 -1       634 3.81135E+00 1.50430E+01-3.05246E+00
 -1       635 4.14017E+00 1.85859E+01-3.74458E+00
 -1       636 4.43544E+00 2.23982E+01-4.49011E+00
 -1       637 4.69802E+00 2.64507E+01-5.28332E+00
 -1       638 4.92895E+00 3.07151E+01-6.11865E+00
 -1       639 5.12944E+00 3.51638E+01-6.99070E+00
 -1       640 5.30088E+00 3.97705E+01-7.89432E+00
 -1       641 5.44487E+00 4.45102E+01-8.82460E+00
 -1       642 5.56320E+00 4.93592E+01-9.77692E+00
 -1       643 5.65785E+00 5.42956E+01-1.07470E+01
 -1       644 5.73102E+00 5.92992E+01-1.17309E+01
 -1       645 5.78513E+00 6.43519E+01-1.27250E+01
 -1       646 5.82281E+00 6.94377E+01-1.37264E+01
 -1       647 5.84689E+00 7.45429E+01-1.47323E+01
 -1       648 5.86044E+00 7.96566E+01-1.57406E+01
 -1       649 5.86657E+00 8.47704E+01-1.67497E+01
 -1       650 5.86846E+00 8.98794E+01-1.77584E+01
 -1       651 0.00000E+00 0.00000E+00 0.00000E+00
 -1       652 2.20120E-01 2.57353E-01-1.06512E-01
 -1       653 4.84036E-01 1.06878E+00-2.78654E-01
 -1       654 7.26447E-01 2.36029E+00-5.28988E-01
 -1       655 9.49706E-01 4.10297E+00-8.68995E-01
 -1       656 1.15755E+00 6.26957E+00-1.29268E+00
 -1       657 1.34961E+00 8.82784E+00-1.79388E+00
 -1       658 1.52605E+00 1.17466E+01-2.36637E+00
 -1       659 1.68706E+00 1.49949E+01-3.00405E+00
 -1       660 1.83288E+00 1.85425E+01-3.70093E+00
 -1       661 1.96385E+00 2.23594E+01-4.45111E+00
 -1       662 2.08034E+00 2.64164E+01-5.24884E+00
 -1       663 2.18280E+00 3.06850E+01-6.08853E+00
 -1       664 2.27179E+00 3.51378E+01-6.96476E+00
 -1       665 2.34792E+00 3.97485E+01-7.87235E+00
 -1       666 2.41189E+00 4.44918E+01-8.80637E+00
 -1       667 2.46450E+00 4.93443E+01-9.76216E+00
 -1       668 2.50662E+00 5.42838E+01-1.07354E+01
 -1       669 2.53925E+00 5.92902E+01-1.17222E+01
 -1       670 2.56344E+00 6.43453E+01-1.27188E+01
 -1       671 2.58036E+00 6.94332E+01-1.37223E+01
 -1       672 2.59127E+00 7.45401E+01-1.47299E+01
 -1       673 2.59753E+00 7.96550E+01-1.57394E+01
 -1       674 2.60045E+00 8.47697E+01-1.67493E+01
 -1       675 2.60141E+00 8.98786E+01-1.77584E+01
 -1       676 0.00000E+00 0.00000E+00 0.00000E+00
 -1       677-5.55097E-02 2.43735E-01-3.20944E-02
 -1       678-1.22067E-01 1.05097E+00-1.87078E-01
 -1       679-1.83675E-01 2.34330E+00-4.43887E-01
 -1       680-2.39883E-01 4.08741E+00-7.90538E-01
 -1       681-2.93018E-01 6.25519E+00-1.22025E+00
 -1       682-3.42163E-01 8.81461E+00-1.72720E+00
 -1       683-3.87321E-01 1.17345E+01-2.30532E+00
 -1       684-4.28538E-01 1.49839E+01-2.94855E+00
 -1       685-4.65886E-01 1.85326E+01-3.65087E+00
 -1       686-4.99445E-01 2.23505E+01-4.40638E+00
 -1       687-5.29317E-01 2.64085E+01-5.20929E+00
 -1       688-5.55619E-01 3.06782E+01-6.05397E+00
 -1       689-5.78490E-01 3.51319E+01-6.93499E+00
 -1       690-5.98087E-01 3.97435E+01-7.84713E+00
 -1       691-6.14593E-01 4.44877E+01-8.78542E+00
 -1       692-6.28210E-01 4.93409E+01-9.74519E+00
 -1       693-6.39165E-01 5.42812E+01-1.07221E+01
 -1       694-6.47707E-01 5.92882E+01-1.17121E+01
 -1       695-6.54111E-01 6.43439E+01-1.27116E+01
 -1       696-6.58673E-01 6.94322E+01-1.37175E+01
 -1       697-6.61719E-01 7.45395E+01-1.47270E+01
 -1       698-6.63588E-01 7.96547E+01-1.57380E+01
 -1       699-6.64533E-01 8.47696E+01-1.67488E+01
 -1       700-6.64895E-01 8.98786E+01-1.77585E+01
 -1       701 0.00000E+00 0.00000E+00 0.00000E+00
 -1       702-3.37990E-01 2.93712E-01 4.83124E-02
 -1       703-7.41409E-01 1.09689E+00-8.56086E-02
 -1       704-1.10193E+00 2.38156E+00-3.47908E-01
 -1       705-1.43954E+00 4.12391E+00-7.01351E-01
 -1       706-1.75359E+00 6.28914E+00-1.13788E+00
 -1       707-2.04384E+00 8.84592E+00-1.65134E+00
 -1       708-2.31046E+00 1.17631E+01-2.23587E+00
 -1       709-2.55374E+00 1.50100E+01-2.88542E+00
 -1       710-2.77406E+00 1.85561E+01-3.59395E+00
 -1       711-2.97190E+00 2.23716E+01-4.35552E+00
 -1       712-3.14783E+00 2.64272E+01-5.16431E+00
 -1       713-3.30257E+00 3.06945E+01-6.01468E+00
 -1       714-3.43690E+00 3.51461E+01-6.90114E+00
 -1       715-3.55177E+00 3.97555E+01-7.81845E+00
 -1       716-3.64825E+00 4.44977E+01-8.76161E+00
 -1       717-3.72753E+00 4.93491E+01-9.72589E+00
 -1       718-3.79095E+00 5.42877E+01-1.07069E+01
 -1       719-3.83998E+00 5.92933E+01-1.17006E+01
 -1       720-3.87624E+00 6.43476E+01-1.27034E+01
 -1       721-3.90148E+00 6.94348E+01-1.37121E+01
 -1       722-3.91762E+00 7.45412E+01-1.47238E+01
 -1       723-3.92669E+00 7.96557E+01-1.57364E+01
 -1       724-3.93081E+00 8.47701E+01-1.67482E+01
 -1       725-3.93207E+00 8.98794E+01-1.77584E+01
 -1       726 0.00000E+00 0.00000E+00 0.00000E+00
 -1       727-6.72713E-01 4.27014E-01 1.38588E-01
 -1       728-1.38494E+00 1.19743E+00 2.47277E-02
 -1       729-2.04883E+00 2.47654E+00-2.40533E-01
 -1       730-2.66850E+00 4.21207E+00-6.01246E-01
 -1       731-3.24328E+00 6.37101E+00-1.04532E+00
 -1       732-3.77433E+00 8.92136E+00-1.56610E+00
 -1       733-4.26203E+00 1.18322E+01-2.15784E+00
 -1       734-4.70691E+00 1.50728E+01-2.81449E+00
 -1       735-5.10961E+00 1.86127E+01-3.52999E+00
 -1       736-5.47102E+00 2.24222E+01-4.29837E+00
 -1       737-5.79217E+00 2.64719E+01-5.11379E+00
 -1       738-6.07434E+00 3.07336E+01-5.97054E+00
 -1       739-6.31899E+00 3.51798E+01-6.86313E+00
 -1       740-6.52784E+00 3.97840E+01-7.78626E+00
 -1       741-6.70282E+00 4.45214E+01-8.73488E+00
 -1       742-6.84614E+00 4.93683E+01-9.70426E+00
 -1       743-6.96022E+00 5.43028E+01-1.06899E+01
 -1       744-7.04776E+00 5.93047E+01-1.16878E+01
 -1       745-7.11172E+00 6.43558E+01-1.26943E+01
 -1       746-7.15532E+00 6.94403E+01-1.37060E+01
 -1       747-7.18204E+00 7.45444E+01-1.47203E+01
 -1       748-7.19560E+00 7.96573E+01-1.57347E+01
 -1       749-7.20024E+00 8.47706E+01-1.67475E+01
 -1       750-7.20103E+00 8.98800E+01-1.77582E+01
 -1       751 0.00000E+00 0.00000E+00 0.00000E+00
 -1       752 9.76794E-01 4.38669E-01-4.21861E-01
 -1       753 1.88461E+00 1.19378E+00-5.90041E-01
 -1       754 2.77017E+00 2.47519E+00-8.30138E-01
 -1       755 3.60929E+00 4.21000E+00-1.14802E+00
 -1       756 4.39026E+00 6.36917E+00-1.55097E+00
 -1       757 5.11209E+00 8.91963E+00-2.03173E+00
 -1       758 5.77495E+00 1.18306E+01-2.58411E+00
 -1       759 6.37963E+00 1.50714E+01-3.20196E+00
 -1       760 6.92708E+00 1.86115E+01-3.87937E+00
 -1       761 7.41849E+00 2.24211E+01-4.61053E+00
 -1       762 7.85529E+00 2.64710E+01-5.38978E+00
 -1       763 8.23920E+00 3.07328E+01-6.21163E+00
 -1       764 8.57222E+00 3.51790E+01-7.07076E+00
 -1       765 8.85669E+00 3.97834E+01-7.96211E+00
 -1       766 9.09523E+00 4.45210E+01-8.88084E+00
 -1       767 9.29084E+00 4.93680E+01-9.82244E+00
 -1       768 9.44682E+00 5.43025E+01-1.07827E+01
 -1       769 9.56685E+00 5.93045E+01-1.17578E+01
 -1       770 9.65493E+00 6.43557E+01-1.27442E+01
 -1       771 9.71545E+00 6.94402E+01-1.37390E+01
 -1       772 9.75313E+00 7.45445E+01-1.47396E+01
 -1       773 9.77304E+00 7.96574E+01-1.57440E+01
 -1       774 9.78062E+00 8.47706E+01-1.67508E+01
 -1       775 9.78224E+00 8.98797E+01-1.77586E+01
 -1       776 0.00000E+00 0.00000E+00 0.00000E+00
 -1       777 6.17281E-01 2.57515E-01-3.02143E-01
 -1       778 1.23907E+00 1.05423E+00-4.67171E-01
 -1       779 1.82600E+00 2.33618E+00-7.08780E-01
 -1       780 2.38426E+00 4.08097E+00-1.03598E+00
 -1       781 2.90444E+00 6.24922E+00-1.44719E+00
 -1       782 3.38538E+00 8.80916E+00-1.93619E+00
 -1       783 3.82709E+00 1.17295E+01-2.49665E+00
 -1       784 4.23012E+00 1.49794E+01-3.12248E+00
 -1       785 4.59511E+00 1.85285E+01-3.80772E+00
 -1       786 4.92286E+00 2.23469E+01-4.54653E+00
 -1       787 5.21434E+00 2.64054E+01-5.33322E+00
 -1       788 5.47068E+00 3.06755E+01-6.16225E+00
 -1       789 5.69324E+00 3.51297E+01-7.02827E+00
 -1       790 5.88356E+00 3.97416E+01-7.92615E+00
 -1       791 6.04341E+00 4.44862E+01-8.85104E+00
 -1       792 6.17477E+00 4.93397E+01-9.79836E+00
 -1       793 6.27985E+00 5.42803E+01-1.07638E+01
 -1       794 6.36111E+00 5.92877E+01-1.17436E+01
 -1       795 6.42120E+00 6.43436E+01-1.27342E+01
 -1       796 6.46306E+00 6.94321E+01-1.37325E+01
 -1       797 6.48983E+00 7.45396E+01-1.47359E+01
 -1       798 6.50491E+00 7.96549E+01-1.57424E+01
 -1       799 6.51168E+00 8.47698E+01-1.67503E+01
 -1       800 6.51368E+00 8.98791E+01-1.77584E+01
 -1       801 0.00000E+00 0.00000E+00 0.00000E+00
 -1       802 3.04831E-01 1.68012E-01-1.71882E-01
 -1       803 6.13542E-01 9.62794E-01-3.30352E-01
 -1       804 9.11302E-01 2.25403E+00-5.79315E-01
 -1       805 1.18967E+00 4.00339E+00-9.15450E-01
 -1       806 1.44908E+00 6.17733E+00-1.33586E+00
 -1       807 1.68877E+00 8.74291E+00-1.83364E+00
 -1       808 1.90894E+00 1.16688E+01-2.40277E+00
 -1       809 2.10982E+00 1.49242E+01-3.03714E+00
 -1       810 2.29174E+00 1.84787E+01-3.73077E+00
 -1       811 2.45509E+00 2.23024E+01-4.47778E+00
 -1       812 2.60035E+00 2.63660E+01-5.27242E+00
 -1       813 2.72809E+00 3.06410E+01-6.10914E+00
 -1       814 2.83898E+00 3.50999E+01-6.98252E+00
 -1       815 2.93380E+00 3.97163E+01-7.88740E+00
 -1       816 3.01342E+00 4.44651E+01-8.81886E+00
 -1       817 3.07883E+00 4.93226E+01-9.77229E+00
 -1       818 3.13114E+00 5.42667E+01-1.07434E+01
 -1       819 3.17156E+00 5.92773E+01-1.17282E+01
 -1       820 3.20143E+00 6.43360E+01-1.27231E+01
 -1       821 3.22219E+00 6.94269E+01-1.37252E+01
 -1       822 3.23544E+00 7.45363E+01-1.47316E+01
 -1       823 3.24284E+00 7.96530E+01-1.57403E+01
 -1       824 3.24607E+00 8.47690E+01-1.67496E+01
 -1       825 3.24703E+00 8.98782E+01-1.77585E+01
 -1       826 0.00000E+00 0.00000E+00 0.00000E+00
 -1       827-4.57867E-05 1.45693E-01-2.99353E-02
 -1       828 3.05918E-03 9.33752E-01-1.82213E-01
 -1       829 4.80561E-03 2.22583E+00-4.38051E-01
 -1       830 4.81339E-03 3.97742E+00-7.84989E-01
 -1       831 3.19242E-03 6.15333E+00-1.21506E+00
 -1       832 1.58416E-03 8.72081E+00-1.72243E+00
 -1       833 7.57154E-05 1.16486E+01-2.30096E+00
 -1       834-1.34130E-03 1.49058E+01-2.94458E+00
 -1       835-2.68924E-03 1.84622E+01-3.64730E+00
 -1       836-3.97658E-03 2.22876E+01-4.40318E+00
 -1       837-5.21008E-03 2.63529E+01-5.20646E+00
 -1       838-6.39635E-03 3.06295E+01-6.05149E+00
 -1       839-7.54226E-03 3.50900E+01-6.93285E+00
 -1       840-8.65495E-03 3.97079E+01-7.84531E+00
 -1       841-9.74187E-03 4.44581E+01-8.78390E+00
 -1       842-1.08107E-02 4.93169E+01-9.74395E+00
 -1       843-1.18697E-02 5.42623E+01-1.07211E+01
 -1       844-1.29273E-02 5.92739E+01-1.17113E+01
 -1       845-1.39926E-02 6.43336E+01-1.27111E+01
 -1       846-1.50762E-02 6.94254E+01-1.37171E+01
 -1       847-1.61923E-02 7.45354E+01-1.47268E+01
 -1       848-1.73379E-02 7.96525E+01-1.57378E+01
 -1       849-1.82931E-02 8.47688E+01-1.67487E+01
 -1       850-1.87713E-02 8.98782E+01-1.77587E+01
 -1       851 0.00000E+00 0.00000E+00 0.00000E+00
 -1       852-3.15055E-01 1.85457E-01 1.17039E-01
 -1       853-6.19251E-01 9.65604E-01-2.33320E-02
 -1       854-9.09593E-01 2.25211E+00-2.86344E-01
 -1       855-1.19024E+00 4.00298E+00-6.43774E-01
 -1       856-1.45273E+00 6.17718E+00-1.08454E+00
 -1       857-1.69557E+00 8.74283E+00-1.60222E+00
 -1       858-1.91860E+00 1.16688E+01-2.19091E+00
 -1       859-2.12216E+00 1.49242E+01-2.84454E+00
 -1       860-2.30657E+00 1.84788E+01-3.55708E+00
 -1       861-2.47224E+00 2.23025E+01-4.32257E+00
 -1       862-2.61968E+00 2.63661E+01-5.13518E+00
 -1       863-2.74944E+00 3.06411E+01-5.98922E+00
 -1       864-2.86223E+00 3.51001E+01-6.87920E+00
 -1       865-2.95883E+00 3.97165E+01-7.79986E+00
 -1       866-3.04011E+00 4.44654E+01-8.74616E+00
 -1       867-3.10710E+00 4.93229E+01-9.71338E+00
 -1       868-3.16090E+00 5.42671E+01-1.06971E+01
 -1       869-3.20276E+00 5.92777E+01-1.16932E+01
 -1       870-3.23401E+00 6.43365E+01-1.26981E+01
 -1       871-3.25614E+00 6.94274E+01-1.37085E+01
 -1       872-3.27074E+00 7.45368E+01-1.47217E+01
 -1       873-3.27952E+00 7.96536E+01-1.57353E+01
 -1       874-3.28402E+00 8.47692E+01-1.67478E+01
 -1       875-3.28557E+00 8.98790E+01-1.77586E+01
 -1       876 0.00000E+00 0.00000E+00 0.00000E+00
 -1       877-6.54485E-01 3.00835E-01 2.75750E-01
 -1       878-1.26275E+00 1.04814E+00 1.47084E-01
 -1       879-1.85611E+00 2.33493E+00-1.20245E-01
 -1       880-2.41835E+00 4.07997E+00-4.89917E-01
 -1       881-2.94162E+00 6.24887E+00-9.42106E-01
 -1       882-3.42527E+00 8.80886E+00-1.47107E+00
 -1       883-3.86941E+00 1.17292E+01-2.07085E+00
 -1       884-4.27457E+00 1.49792E+01-2.73543E+00
 -1       885-4.64138E+00 1.85283E+01-3.45872E+00
 -1       886-4.97064E+00 2.23468E+01-4.23471E+00
 -1       887-5.26332E+00 2.64053E+01-5.05752E+00
 -1       888-5.52055E+00 3.06754E+01-5.92142E+00
 -1       889-5.74368E+00 3.51297E+01-6.82085E+00
 -1       890-5.93428E+00 3.97416E+01-7.75048E+00
 -1       891-6.09412E+00 4.44862E+01-8.70522E+00
 -1       892-6.22518E+00 4.93399E+01-9.68028E+00
 -1       893-6.32970E+00 5.42805E+01-1.06712E+01
 -1       894-6.41011E+00 5.92879E+01-1.16737E+01
 -1       895-6.46913E+00 6.43439E+01-1.26843E+01
 -1       896-6.50968E+00 6.94324E+01-1.36995E+01
 -1       897-6.53493E+00 7.45399E+01-1.47166E+01
 -1       898-6.54827E+00 7.96552E+01-1.57330E+01
 -1       899-6.55335E+00 8.47699E+01-1.67470E+01
 -1       900-6.55444E+00 8.98796E+01-1.77583E+01
 -3
    1PSTEP                         2           1           1          
    1PGM                1.000000E+00                                  
    1PGK                2.253773E+07                                  
    1PHID                         -1                                  
    1PSUBC                         0                                  
    1PMODE                         2                                  
  100CL  102 755.5708875         900                     2    2MODAL      1
 -4  DISP        4    1
 -5  D1          1    2    1    0
 -5  D2          1    2    2    0
 -5  D3          1    2    3    0
 -5  ALL         1    2    0    0    1ALL
 -1         1 0.00000E+00 0.00000E+00 0.00000E+00
 -1         2-9.76794E-01-4.21861E-01-4.38669E-01
 -1         3-1.88461E+00-5.90041E-01-1.19378E+00
 -1         4-2.77017E+00-8.30138E-01-2.47519E+00
 -1         5-3.60929E+00-1.14802E+00-4.21000E+00
 -1         6-4.39026E+00-1.55097E+00-6.36917E+00
 -1         7-5.11209E+00-2.03173E+00-8.91963E+00
 -1         8-5.77495E+00-2.58411E+00-1.18306E+01
 -1         9-6.37963E+00-3.20196E+00-1.50714E+01
 -1        10-6.92708E+00-3.87937E+00-1.86115E+01
 -1        11-7.41849E+00-4.61053E+00-2.24211E+01
 -1        12-7.85529E+00-5.38978E+00-2.64710E+01
 -1        13-8.23920E+00-6.21163E+00-3.07328E+01
 -1        14-8.57222E+00-7.07076E+00-3.51790E+01
 -1        15-8.85669E+00-7.96211E+00-3.97834E+01
 -1        16-9.09523E+00-8.88084E+00-4.45210E+01
 -1        17-9.29084E+00-9.82244E+00-4.93680E+01
 -1        18-9.44682E+00-1.07827E+01-5.43025E+01
 -1        19-9.56685E+00-1.17578E+01-5.93045E+01
 -1        20-9.65493E+00-1.27442E+01-6.43557E+01
 -1        21-9.71545E+00-1.37390E+01-6.94402E+01
 -1        22-9.75313E+00-1.47396E+01-7.45445E+01
 -1        23-9.77304E+00-1.57440E+01-7.96574E+01
 -1        24-9.78062E+00-1.67508E+01-8.47706E+01
 -1        25-9.78224E+00-1.77586E+01-8.98797E+01
 -1        26 0.00000E+00 0.00000E+00 0.00000E+00
 -1        27-8.56924E-01-2.26110E-01-5.09836E-01
 -1        28-1.75211E+00-4.23806E-01-1.28512E+00
 -1        29-2.58933E+00-6.66022E-01-2.56001E+00
 -1        30-3.37475E+00-9.95983E-01-4.28957E+00
 -1        31-4.10417E+00-1.40989E+00-6.44266E+00
 -1        32-4.77822E+00-1.90183E+00-8.98734E+00
 -1        33-5.39727E+00-2.46519E+00-1.18926E+01
 -1        34-5.96199E+00-3.09388E+00-1.51277E+01
 -1        35-6.47325E+00-3.78192E+00-1.86623E+01
 -1        36-6.93215E+00-4.52347E+00-2.24664E+01
 -1        37-7.34002E+00-5.31281E+00-2.65111E+01
 -1        38-7.69847E+00-6.14440E+00-3.07678E+01
 -1        39-8.00938E+00-7.01288E+00-3.52092E+01
 -1        40-8.27492E+00-7.91310E+00-3.98090E+01
 -1        41-8.49755E+00-8.84018E+00-4.45422E+01
 -1        42-8.68005E+00-9.78953E+00-4.93851E+01
 -1        43-8.82552E+00-1.07569E+01-5.43160E+01
 -1        44-8.93739E+00-1.17383E+01-5.93146E+01
 -1        45-9.01940E+00-1.27303E+01-6.43629E+01
 -1        46-9.07564E+00-1.37299E+01-6.94450E+01
 -1        47-9.11053E+00-1.47343E+01-7.45473E+01
 -1        48-9.12881E+00-1.57415E+01-7.96587E+01
 -1        49-9.13568E+00-1.67500E+01-8.47711E+01
 -1        50-9.13717E+00-1.77585E+01-8.98800E+01
 -1        51 0.00000E+00 0.00000E+00 0.00000E+00
 -1        52-8.01415E-01-8.74720E-02-5.24745E-01
 -1        53-1.62069E+00-2.60855E-01-1.31174E+00
 -1        54-2.40787E+00-5.13911E-01-2.58852E+00
 -1        55-3.13985E+00-8.54130E-01-4.31605E+00
 -1        56-3.81798E+00-1.27889E+00-6.46733E+00
 -1        57-4.44432E+00-1.78115E+00-9.01004E+00
 -1        58-5.01956E+00-2.35472E+00-1.19134E+01
 -1        59-5.54431E+00-2.99345E+00-1.51466E+01
 -1        60-6.01937E+00-3.69136E+00-1.86793E+01
 -1        61-6.44576E+00-4.44255E+00-2.24817E+01
 -1        62-6.82470E+00-5.24126E+00-2.65246E+01
 -1        63-7.15770E+00-6.08189E+00-3.07796E+01
 -1        64-7.44650E+00-6.95902E+00-3.52194E+01
 -1        65-7.69311E+00-7.86747E+00-3.98176E+01
 -1        66-7.89982E+00-8.80229E+00-4.45493E+01
 -1        67-8.06922E+00-9.75883E+00-4.93909E+01
 -1        68-8.20418E+00-1.07328E+01-5.43206E+01
 -1        69-8.30789E+00-1.17201E+01-5.93181E+01
 -1        70-8.38383E+00-1.27173E+01-6.43654E+01
 -1        71-8.43580E+00-1.37212E+01-6.94467E+01
 -1        72-8.46791E+00-1.47292E+01-7.45483E+01
 -1        73-8.48459E+00-1.57390E+01-7.96593E+01
 -1        74-8.49076E+00-1.67491E+01-8.47714E+01
 -1        75-8.49211E+00-1.77582E+01-8.98803E+01
 -1        76 0.00000E+00 0.00000E+00 0.00000E+00
 -1        77-7.41177E-01 2.54902E-02-4.96699E-01
 -1        78-1.50007E+00-1.13865E-01-1.28247E+00
 -1        79-2.22877E+00-3.71221E-01-2.56061E+00
 -1        80-2.90574E+00-7.22721E-01-4.29027E+00
 -1        81-3.53230E+00-1.15740E+00-6.44346E+00
 -1        82-4.11097E+00-1.66933E+00-8.98807E+00
 -1        83-4.64241E+00-2.25234E+00-1.18933E+01
 -1        84-5.12719E+00-2.90038E+00-1.51283E+01
 -1        85-5.56604E+00-3.60743E+00-1.86628E+01
 -1        86-5.95989E+00-4.36756E+00-2.24669E+01
 -1        87-6.30990E+00-5.17495E+00-2.65115E+01
 -1        88-6.61742E+00-6.02395E+00-3.07682E+01
 -1        89-6.88408E+00-6.90912E+00-3.52096E+01
 -1        90-7.11173E+00-7.82519E+00-3.98093E+01
 -1        91-7.30250E+00-8.76718E+00-4.45424E+01
 -1        92-7.45876E+00-9.73039E+00-4.93853E+01
 -1        93-7.58318E+00-1.07104E+01-5.43162E+01
 -1        94-7.67870E+00-1.17033E+01-5.93148E+01
 -1        95-7.74853E+00-1.27053E+01-6.43631E+01
 -1        96-7.79618E+00-1.37132E+01-6.94451E+01
 -1        97-7.82545E+00-1.47244E+01-7.45473E+01
 -1        98-7.84044E+00-1.57366E+01-7.96588E+01
 -1        99-7.84579E+00-1.67482E+01-8.47712E+01
 -1       100-7.84685E+00-1.77581E+01-8.98803E+01
 -1       101 0.00000E+00 0.00000E+00 0.00000E+00
 -1       102-6.72713E-01 1.38588E-01-4.27014E-01
 -1       103-1.38494E+00 2.47277E-02-1.19743E+00
 -1       104-2.04883E+00-2.40533E-01-2.47654E+00
 -1       105-2.66850E+00-6.01246E-01-4.21207E+00
 -1       106-3.24328E+00-1.04532E+00-6.37101E+00
 -1       107-3.77433E+00-1.56610E+00-8.92136E+00
 -1       108-4.26203E+00-2.15784E+00-1.18322E+01
 -1       109-4.70691E+00-2.81449E+00-1.50728E+01
 -1       110-5.10961E+00-3.52999E+00-1.86127E+01
 -1       111-5.47102E+00-4.29837E+00-2.24222E+01
 -1       112-5.79217E+00-5.11379E+00-2.64719E+01
 -1       113-6.07434E+00-5.97054E+00-3.07336E+01
 -1       114-6.31899E+00-6.86313E+00-3.51798E+01
 -1       115-6.52784E+00-7.78626E+00-3.97840E+01
 -1       116-6.70282E+00-8.73488E+00-4.45214E+01
 -1       117-6.84614E+00-9.70426E+00-4.93683E+01
 -1       118-6.96022E+00-1.06899E+01-5.43028E+01
 -1       119-7.04776E+00-1.16878E+01-5.93047E+01
 -1       120-7.11172E+00-1.26943E+01-6.43558E+01
 -1       121-7.15532E+00-1.37060E+01-6.94403E+01
 -1       122-7.18204E+00-1.47203E+01-7.45444E+01
 -1       123-7.19560E+00-1.57347E+01-7.96573E+01
 -1       124-7.20024E+00-1.67475E+01-8.47706E+01
 -1       125-7.20103E+00-1.77582E+01-8.98800E+01
 -1       126 0.00000E+00 0.00000E+00 0.00000E+00
 -1       127-6.54485E-01 2.75750E-01-3.00835E-01
 -1       128-1.26275E+00 1.47084E-01-1.04814E+00
 -1       129-1.85611E+00-1.20245E-01-2.33493E+00
 -1       130-2.41835E+00-4.89917E-01-4.07997E+00
 -1       131-2.94162E+00-9.42106E-01-6.24887E+00
 -1       132-3.42527E+00-1.47107E+00-8.80886E+00
 -1       133-3.86941E+00-2.07085E+00-1.17292E+01
 -1       134-4.27457E+00-2.73543E+00-1.49792E+01
 -1       135-4.64138E+00-3.45872E+00-1.85283E+01
 -1       136-4.97064E+00-4.23471E+00-2.23468E+01
 -1       137-5.26332E+00-5.05752E+00-2.64053E+01
 -1       138-5.52055E+00-5.92142E+00-3.06754E+01
 -1       139-5.74368E+00-6.82085E+00-3.51297E+01
 -1       140-5.93428E+00-7.75048E+00-3.97416E+01
 -1       141-6.09412E+00-8.70522E+00-4.44862E+01
 -1       142-6.22518E+00-9.68028E+00-4.93399E+01
 -1       143-6.32970E+00-1.06712E+01-5.42805E+01
 -1       144-6.41011E+00-1.16737E+01-5.92879E+01
 -1       145-6.46913E+00-1.26843E+01-6.43439E+01
 -1       146-6.50968E+00-1.36995E+01-6.94324E+01
 -1       147-6.53493E+00-1.47166E+01-7.45399E+01
 -1       148-6.54827E+00-1.57330E+01-7.96552E+01
 -1       149-6.55335E+00-1.67470E+01-8.47699E+01
 -1       150-6.55444E+00-1.77583E+01-8.98796E+01
 -1       151 0.00000E+00 0.00000E+00 0.00000E+00
 -1       152-6.17281E-01-3.02143E-01-2.57515E-01
 -1       153-1.23907E+00-4.67171E-01-1.05423E+00
 -1       154-1.82600E+00-7.08780E-01-2.33618E+00
 -1       155-2.38426E+00-1.03598E+00-4.08097E+00
 -1       156-2.90444E+00-1.44719E+00-6.24922E+00
 -1       157-3.38538E+00-1.93619E+00-8.80916E+00
 -1       158-3.82709E+00-2.49665E+00-1.17295E+01
 -1       159-4.23012E+00-3.12248E+00-1.49794E+01
 -1       160-4.59511E+00-3.80772E+00-1.85285E+01
 -1       161-4.92286E+00-4.54653E+00-2.23469E+01
 -1       162-5.21434E+00-5.33322E+00-2.64054E+01
 -1       163-5.47068E+00-6.16225E+00-3.06755E+01
 -1       164-5.69324E+00-7.02827E+00-3.51297E+01
 -1       165-5.88356E+00-7.92615E+00-3.97416E+01
 -1       166-6.04341E+00-8.85104E+00-4.44862E+01
 -1       167-6.17477E+00-9.79836E+00-4.93397E+01
 -1       168-6.27985E+00-1.07638E+01-5.42803E+01
 -1       169-6.36111E+00-1.17436E+01-5.92877E+01
 -1       170-6.42120E+00-1.27342E+01-6.43436E+01
 -1       171-6.46306E+00-1.37325E+01-6.94321E+01
 -1       172-6.48983E+00-1.47359E+01-7.45396E+01
 -1       173-6.50491E+00-1.57424E+01-7.96549E+01
 -1       174-6.51168E+00-1.67503E+01-8.47698E+01
 -1       175-6.51368E+00-1.77584E+01-8.98791E+01
 -1       176 0.00000E+00 0.00000E+00 0.00000E+00
 -1       177-5.04438E-01-1.73016E-01-3.37442E-01
 -1       178-1.10652E+00-3.58490E-01-1.15080E+00
 -1       179-1.64459E+00-6.03154E-01-2.43199E+00
 -1       180-2.14845E+00-9.37473E-01-4.17056E+00
 -1       181-2.61717E+00-1.35585E+00-6.33221E+00
 -1       182-3.05035E+00-1.85205E+00-8.88558E+00
 -1       183-3.44827E+00-2.41963E+00-1.17994E+01
 -1       184-3.81135E+00-3.05246E+00-1.50430E+01
 -1       185-4.14017E+00-3.74458E+00-1.85859E+01
 -1       186-4.43544E+00-4.49011E+00-2.23982E+01
 -1       187-4.69802E+00-5.28332E+00-2.64507E+01
 -1       188-4.92895E+00-6.11865E+00-3.07151E+01
 -1       189-5.12944E+00-6.99070E+00-3.51638E+01
 -1       190-5.30088E+00-7.89432E+00-3.97705E+01
 -1       191-5.44487E+00-8.82460E+00-4.45102E+01
 -1       192-5.56320E+00-9.77692E+00-4.93592E+01
 -1       193-5.65785E+00-1.07470E+01-5.42956E+01
 -1       194-5.73102E+00-1.17309E+01-5.92992E+01
 -1       195-5.78513E+00-1.27250E+01-6.43519E+01
 -1       196-5.82281E+00-1.37264E+01-6.94377E+01
 -1       197-5.84689E+00-1.47323E+01-7.45429E+01
 -1       198-5.86044E+00-1.57406E+01-7.96566E+01
 -1       199-5.86657E+00-1.67497E+01-8.47704E+01
 -1       200-5.86846E+00-1.77584E+01-8.98794E+01
 -1       201 0.00000E+00 0.00000E+00 0.00000E+00
 -1       202-4.43795E-01-8.39643E-02-3.58112E-01
 -1       203-9.75883E-01-2.54480E-01-1.18764E+00
 -1       204-1.46346E+00-5.07666E-01-2.47038E+00
 -1       205-1.91381E+00-8.48522E-01-4.20739E+00
 -1       206-2.33110E+00-1.27370E+00-6.36642E+00
 -1       207-2.71660E+00-1.77638E+00-8.91709E+00
 -1       208-3.07071E+00-2.35035E+00-1.18283E+01
 -1       209-3.39383E+00-2.98948E+00-1.50692E+01
 -1       210-3.68644E+00-3.68778E+00-1.86095E+01
 -1       211-3.94919E+00-4.43935E+00-2.24193E+01
 -1       212-4.18284E+00-5.23843E+00-2.64694E+01
 -1       213-4.38831E+00-6.07942E+00-3.07314E+01
 -1       214-4.56668E+00-6.95690E+00-3.51779E+01
 -1       215-4.71919E+00-7.86568E+00-3.97825E+01
 -1       216-4.84726E+00-8.80081E+00-4.45201E+01
 -1       217-4.95247E+00-9.75763E+00-4.93673E+01
 -1       218-5.03660E+00-1.07318E+01-5.43020E+01
 -1       219-5.10161E+00-1.17194E+01-5.93041E+01
 -1       220-5.14964E+00-1.27168E+01-6.43554E+01
 -1       221-5.18303E+00-1.37209E+01-6.94401E+01
 -1       222-5.20431E+00-1.47290E+01-7.45444E+01
 -1       223-5.21623E+00-1.57389E+01-7.96574E+01
 -1       224-5.22160E+00-1.67491E+01-8.47708E+01
 -1       225-5.22326E+00-1.77582E+01-8.98797E+01
 -1       226 0.00000E+00 0.00000E+00 0.00000E+00
 -1       227-3.89336E-01-1.50410E-02-3.43409E-01
 -1       228-8.56129E-01-1.64340E-01-1.16954E+00
 -1       229-1.28364E+00-4.21670E-01-2.45357E+00
 -1       230-1.67877E+00-7.69736E-01-4.19189E+00
 -1       231-2.04450E+00-1.20094E+00-6.35211E+00
 -1       232-2.38234E+00-1.70941E+00-8.90392E+00
 -1       233-2.69267E+00-2.28904E+00-1.18162E+01
 -1       234-2.97583E+00-2.93374E+00-1.50583E+01
 -1       235-3.23225E+00-3.63752E+00-1.85997E+01
 -1       236-3.46249E+00-4.39444E+00-2.24105E+01
 -1       237-3.66723E+00-5.19872E+00-2.64616E+01
 -1       238-3.84725E+00-6.04473E+00-3.07246E+01
 -1       239-4.00352E+00-6.92702E+00-3.51720E+01
 -1       240-4.13712E+00-7.84036E+00-3.97775E+01
 -1       241-4.24928E+00-8.77979E+00-4.45160E+01
 -1       242-4.34141E+00-9.74061E+00-4.93640E+01
 -1       243-4.41505E+00-1.07185E+01-5.42994E+01
 -1       244-4.47193E+00-1.17093E+01-5.93021E+01
 -1       245-4.51391E+00-1.27096E+01-6.43540E+01
 -1       246-4.54306E+00-1.37161E+01-6.94391E+01
 -1       247-4.56158E+00-1.47262E+01-7.45438E+01
 -1       248-4.57190E+00-1.57375E+01-7.96571E+01
 -1       249-4.57651E+00-1.67486E+01-8.47707E+01
 -1       250-4.57790E+00-1.77582E+01-8.98798E+01
 -1       251 0.00000E+00 0.00000E+00 0.00000E+00
 -1       252-3.37990E-01 4.83124E-02-2.93712E-01
 -1       253-7.41409E-01-8.56086E-02-1.09689E+00
 -1       254-1.10193E+00-3.47908E-01-2.38156E+00
 -1       255-1.43954E+00-7.01351E-01-4.12391E+00
 -1       256-1.75359E+00-1.13788E+00-6.28914E+00
 -1       257-2.04384E+00-1.65134E+00-8.84592E+00
 -1       258-2.31046E+00-2.23587E+00-1.17631E+01
 -1       259-2.55374E+00-2.88542E+00-1.50100E+01
 -1       260-2.77406E+00-3.59395E+00-1.85561E+01
 -1       261-2.97190E+00-4.35552E+00-2.23716E+01
 -1       262-3.14783E+00-5.16431E+00-2.64272E+01
 -1       263-3.30257E+00-6.01468E+00-3.06945E+01
 -1       264-3.43690E+00-6.90114E+00-3.51461E+01
 -1       265-3.55177E+00-7.81845E+00-3.97555E+01
 -1       266-3.64825E+00-8.76161E+00-4.44977E+01
 -1       267-3.72753E+00-9.72589E+00-4.93491E+01
 -1       268-3.79095E+00-1.07069E+01-5.42877E+01
 -1       269-3.83998E+00-1.17006E+01-5.92933E+01
 -1       270-3.87624E+00-1.27034E+01-6.43476E+01
 -1       271-3.90148E+00-1.37121E+01-6.94348E+01
 -1       272-3.91762E+00-1.47238E+01-7.45412E+01
 -1       273-3.92669E+00-1.57364E+01-7.96557E+01
 -1       274-3.93081E+00-1.67482E+01-8.47701E+01
 -1       275-3.93207E+00-1.77584E+01-8.98794E+01
 -1       276 0.00000E+00 0.00000E+00 0.00000E+00
 -1       277-3.15055E-01 1.17039E-01-1.85457E-01
 -1       278-6.19251E-01-2.33320E-02-9.65604E-01
 -1       279-9.09593E-01-2.86344E-01-2.25211E+00
 -1       280-1.19024E+00-6.43774E-01-4.00298E+00
 -1       281-1.45273E+00-1.08454E+00-6.17718E+00
 -1       282-1.69557E+00-1.60222E+00-8.74283E+00
 -1       283-1.91860E+00-2.19091E+00-1.16688E+01
 -1       284-2.12216E+00-2.84454E+00-1.49242E+01
 -1       285-2.30657E+00-3.55708E+00-1.84788E+01
 -1       286-2.47224E+00-4.32257E+00-2.23025E+01
 -1       287-2.61968E+00-5.13518E+00-2.63661E+01
 -1       288-2.74944E+00-5.98922E+00-3.06411E+01
 -1       289-2.86223E+00-6.87920E+00-3.51001E+01
 -1       290-2.95883E+00-7.79986E+00-3.97165E+01
 -1       291-3.04011E+00-8.74616E+00-4.44654E+01
 -1       292-3.10710E+00-9.71338E+00-4.93229E+01
 -1       293-3.16090E+00-1.06971E+01-5.42671E+01
 -1       294-3.20276E+00-1.16932E+01-5.92777E+01
 -1       295-3.23401E+00-1.26981E+01-6.43365E+01
 -1       296-3.25614E+00-1.37085E+01-6.94274E+01
 -1       297-3.27074E+00-1.47217E+01-7.45368E+01
 -1       298-3.27952E+00-1.57353E+01-7.96536E+01
 -1       299-3.28402E+00-1.67478E+01-8.47692E+01
 -1       300-3.28557E+00-1.77586E+01-8.98790E+01
 -1       301 0.00000E+00 0.00000E+00 0.00000E+00
 -1       302-3.04831E-01-1.71882E-01-1.68012E-01
 -1       303-6.13542E-01-3.30352E-01-9.62794E-01
 -1       304-9.11302E-01-5.79315E-01-2.25403E+00
 -1       305-1.18967E+00-9.15450E-01-4.00339E+00
 -1       306-1.44908E+00-1.33586E+00-6.17733E+00
 -1       307-1.68877E+00-1.83364E+00-8.74291E+00
 -1       308-1.90894E+00-2.40277E+00-1.16688E+01
 -1       309-2.10982E+00-3.03714E+00-1.49242E+01
 -1       310-2.29174E+00-3.73077E+00-1.84787E+01
 -1       311-2.45509E+00-4.47778E+00-2.23024E+01
 -1       312-2.60035E+00-5.27242E+00-2.63660E+01
 -1       313-2.72809E+00-6.10914E+00-3.06410E+01
 -1       314-2.83898E+00-6.98252E+00-3.50999E+01
 -1       315-2.93380E+00-7.88740E+00-3.97163E+01
 -1       316-3.01342E+00-8.81886E+00-4.44651E+01
 -1       317-3.07883E+00-9.77229E+00-4.93226E+01
 -1       318-3.13114E+00-1.07434E+01-5.42667E+01
 -1       319-3.17156E+00-1.17282E+01-5.92773E+01
 -1       320-3.20143E+00-1.27231E+01-6.43360E+01
 -1       321-3.22219E+00-1.37252E+01-6.94269E+01
 -1       322-3.23544E+00-1.47316E+01-7.45363E+01
 -1       323-3.24284E+00-1.57403E+01-7.96530E+01
 -1       324-3.24607E+00-1.67496E+01-8.47690E+01
 -1       325-3.24703E+00-1.77585E+01-8.98782E+01
 -1       326 0.00000E+00 0.00000E+00 0.00000E+00
 -1       327-2.20120E-01-1.06512E-01-2.57353E-01
 -1       328-4.84036E-01-2.78654E-01-1.06878E+00
 -1       329-7.26447E-01-5.28988E-01-2.36029E+00
 -1       330-9.49706E-01-8.68995E-01-4.10297E+00
 -1       331-1.15755E+00-1.29268E+00-6.26957E+00
 -1       332-1.34961E+00-1.79388E+00-8.82784E+00
 -1       333-1.52605E+00-2.36637E+00-1.17466E+01
 -1       334-1.68706E+00-3.00405E+00-1.49949E+01
 -1       335-1.83288E+00-3.70093E+00-1.85425E+01
 -1       336-1.96385E+00-4.45111E+00-2.23594E+01
 -1       337-2.08034E+00-5.24884E+00-2.64164E+01
 -1       338-2.18280E+00-6.08853E+00-3.06850E+01
 -1       339-2.27179E+00-6.96476E+00-3.51378E+01
 -1       340-2.34792E+00-7.87235E+00-3.97485E+01
 -1       341-2.41189E+00-8.80637E+00-4.44918E+01
 -1       342-2.46450E+00-9.76216E+00-4.93443E+01
 -1       343-2.50662E+00-1.07354E+01-5.42838E+01
 -1       344-2.53925E+00-1.17222E+01-5.92902E+01
 -1       345-2.56344E+00-1.27188E+01-6.43453E+01
 -1       346-2.58036E+00-1.37223E+01-6.94332E+01
 -1       347-2.59127E+00-1.47299E+01-7.45401E+01
 -1       348-2.59753E+00-1.57394E+01-7.96550E+01
 -1       349-2.60045E+00-1.67493E+01-8.47697E+01
 -1       350-2.60141E+00-1.77584E+01-8.98786E+01
 -1       351 0.00000E+00 0.00000E+00 0.00000E+00
 -1       352-1.62513E-01-6.77467E-02-2.86462E-01
 -1       353-3.58968E-01-2.34927E-01-1.11558E+00
 -1       354-5.45220E-01-4.89860E-01-2.40939E+00
 -1       355-7.13462E-01-8.32596E-01-4.15026E+00
 -1       356-8.69820E-01-1.25905E+00-6.31349E+00
 -1       357-1.01422E+00-1.76290E+00-8.86829E+00
 -1       358-1.14689E+00-2.33800E+00-1.17836E+01
 -1       359-1.26795E+00-2.97826E+00-1.50286E+01
 -1       360-1.37761E+00-3.67766E+00-1.85729E+01
 -1       361-1.47610E+00-4.43031E+00-2.23865E+01
 -1       362-1.56370E+00-5.23045E+00-2.64404E+01
 -1       363-1.64077E+00-6.07245E+00-3.07060E+01
 -1       364-1.70770E+00-6.95090E+00-3.51560E+01
 -1       365-1.76497E+00-7.86060E+00-3.97639E+01
 -1       366-1.81309E+00-8.79659E+00-4.45046E+01
 -1       367-1.85268E+00-9.75423E+00-4.93547E+01
 -1       368-1.88439E+00-1.07292E+01-5.42920E+01
 -1       369-1.90896E+00-1.17174E+01-5.92965E+01
 -1       370-1.92719E+00-1.27154E+01-6.43499E+01
 -1       371-1.93996E+00-1.37200E+01-6.94362E+01
 -1       372-1.94821E+00-1.47285E+01-7.45420E+01
 -1       373-1.95298E+00-1.57387E+01-7.96560E+01
 -1       374-1.95521E+00-1.67490E+01-8.47702E+01
 -1       375-1.95598E+00-1.77583E+01-8.98790E+01
 -1       376 0.00000E+00 0.00000E+00 0.00000E+00
 -1       377-1.08889E-01-4.45459E-02-2.81878E-01
 -1       378-2.40521E-01-2.04729E-01-1.10962E+00
 -1       379-3.65316E-01-4.61114E-01-2.40371E+00
 -1       380-4.78044E-01-8.06403E-01-4.14509E+00
 -1       381-5.82809E-01-1.23485E+00-6.30871E+00
 -1       382-6.79562E-01-1.74063E+00-8.86389E+00
 -1       383-7.68453E-01-2.31762E+00-1.17796E+01
 -1       384-8.49572E-01-2.95972E+00-1.50249E+01
 -1       385-9.23048E-01-3.66095E+00-1.85696E+01
 -1       386-9.89037E-01-4.41538E+00-2.23836E+01
 -1       387-1.04773E+00-5.21724E+00-2.64378E+01
 -1       388-1.09937E+00-6.06091E+00-3.07038E+01
 -1       389-1.14422E+00-6.94096E+00-3.51540E+01
 -1       390-1.18259E+00-7.85218E+00-3.97622E+01
 -1       391-1.21484E+00-8.78960E+00-4.45032E+01
 -1       392-1.24136E+00-9.74856E+00-4.93535E+01
 -1       393-1.26261E+00-1.07247E+01-5.42911E+01
 -1       394-1.27907E+00-1.17141E+01-5.92958E+01
 -1       395-1.29128E+00-1.27130E+01-6.43494E+01
 -1       396-1.29984E+00-1.37184E+01-6.94359E+01
 -1       397-1.30537E+00-1.47275E+01-7.45418E+01
 -1       398-1.30856E+00-1.57382E+01-7.96559E+01
 -1       399-1.31006E+00-1.67488E+01-8.47702E+01
 -1       400-1.31057E+00-1.77583E+01-8.98790E+01
 -1       401 0.00000E+00 0.00000E+00 0.00000E+00
 -1       402-5.55097E-02-3.20944E-02-2.43735E-01
 -1       403-1.22067E-01-1.87078E-01-1.05097E+00
 -1       404-1.83675E-01-4.43887E-01-2.34330E+00
 -1       405-2.39883E-01-7.90538E-01-4.08741E+00
 -1       406-2.93018E-01-1.22025E+00-6.25519E+00
 -1       407-3.42163E-01-1.72720E+00-8.81461E+00
 -1       408-3.87321E-01-2.30532E+00-1.17345E+01
 -1       409-4.28538E-01-2.94855E+00-1.49839E+01
 -1       410-4.65886E-01-3.65087E+00-1.85326E+01
 -1       411-4.99445E-01-4.40638E+00-2.23505E+01
 -1       412-5.29317E-01-5.20929E+00-2.64085E+01
 -1       413-5.55619E-01-6.05397E+00-3.06782E+01
 -1       414-5.78490E-01-6.93499E+00-3.51319E+01
 -1       415-5.98087E-01-7.84713E+00-3.97435E+01
 -1       416-6.14593E-01-8.78542E+00-4.44877E+01
 -1       417-6.28210E-01-9.74519E+00-4.93409E+01
 -1       418-6.39165E-01-1.07221E+01-5.42812E+01
 -1       419-6.47707E-01-1.17121E+01-5.92882E+01
 -1       420-6.54111E-01-1.27116E+01-6.43439E+01
 -1       421-6.58673E-01-1.37175E+01-6.94322E+01
 -1       422-6.61719E-01-1.47270E+01-7.45395E+01
 -1       423-6.63588E-01-1.57380E+01-7.96547E+01
 -1       424-6.64533E-01-1.67488E+01-8.47696E+01
 -1       425-6.64895E-01-1.77585E+01-8.98786E+01
 -1       426 0.00000E+00 0.00000E+00 0.00000E+00
 -1       427-4.57867E-05-2.99353E-02-1.45693E-01
 -1       428 3.05918E-03-1.82213E-01-9.33752E-01
 -1       429 4.80561E-03-4.38051E-01-2.22583E+00
 -1       430 4.81339E-03-7.84989E-01-3.97742E+00
 -1       431 3.19242E-03-1.21506E+00-6.15333E+00
 -1       432 1.58416E-03-1.72243E+00-8.72081E+00
 -1       433 7.57154E-05-2.30096E+00-1.16486E+01
 -1       434-1.34130E-03-2.94458E+00-1.49058E+01
 -1       435-2.68924E-03-3.64730E+00-1.84622E+01
 -1       436-3.97658E-03-4.40318E+00-2.22876E+01
 -1       437-5.21008E-03-5.20646E+00-2.63529E+01
 -1       438-6.39635E-03-6.05149E+00-3.06295E+01
 -1       439-7.54226E-03-6.93285E+00-3.50900E+01
 -1       440-8.65495E-03-7.84531E+00-3.97079E+01
 -1       441-9.74187E-03-8.78390E+00-4.44581E+01
 -1       442-1.08107E-02-9.74395E+00-4.93169E+01
 -1       443-1.18697E-02-1.07211E+01-5.42623E+01
 -1       444-1.29273E-02-1.17113E+01-5.92739E+01
 -1       445-1.39926E-02-1.27111E+01-6.43336E+01
 -1       446-1.50762E-02-1.37171E+01-6.94254E+01
 -1       447-1.61923E-02-1.47268E+01-7.45354E+01
 -1       448-1.73379E-02-1.57378E+01-7.96525E+01
 -1       449-1.82931E-02-1.67487E+01-8.47688E+01
 -1       450-1.87713E-02-1.77587E+01-8.98782E+01
 -1       451 0.00000E+00 0.00000E+00 0.00000E+00
 -1       452 4.57867E-05-2.99353E-02-1.45693E-01
 -1       453-3.05918E-03-1.82213E-01-9.33752E-01
 -1       454-4.80561E-03-4.38051E-01-2.22583E+00
 -1       455-4.81339E-03-7.84989E-01-3.97742E+00
 -1       456-3.19242E-03-1.21506E+00-6.15333E+00
 -1       457-1.58416E-03-1.72243E+00-8.72081E+00
 -1       458-7.57154E-05-2.30096E+00-1.16486E+01
 -1       459 1.34130E-03-2.94458E+00-1.49058E+01
 -1       460 2.68924E-03-3.64730E+00-1.84622E+01
 -1       461 3.97658E-03-4.40318E+00-2.22876E+01
 -1       462 5.21008E-03-5.20646E+00-2.63529E+01
 -1       463 6.39635E-03-6.05149E+00-3.06295E+01
 -1       464 7.54226E-03-6.93285E+00-3.50900E+01
 -1       465 8.65495E-03-7.84531E+00-3.97079E+01
 -1       466 9.74187E-03-8.78390E+00-4.44581E+01
 -1       467 1.08107E-02-9.74395E+00-4.93169E+01
 -1       468 1.18697E-02-1.07211E+01-5.42623E+01
 -1       469 1.29273E-02-1.17113E+01-5.92739E+01
 -1       470 1.39926E-02-1.27111E+01-6.43336E+01
 -1       471 1.50762E-02-1.37171E+01-6.94254E+01
 -1       472 1.61923E-02-1.47268E+01-7.45354E+01
 -1       473 1.73379E-02-1.57378E+01-7.96525E+01
 -1       474 1.82931E-02-1.67487E+01-8.47688E+01
 -1       475 1.87713E-02-1.77587E+01-8.98782E+01
 -1       476 0.00000E+00 0.00000E+00 0.00000E+00
 -1       477 5.55097E-02-3.20944E-02-2.43735E-01
 -1       478 1.22067E-01-1.87078E-01-1.05097E+00
 -1       479 1.83675E-01-4.43887E-01-2.34330E+00
 -1       480 2.39883E-01-7.90538E-01-4.08741E+00
 -1       481 2.93018E-01-1.22025E+00-6.25519E+00
 -1       482 3.42163E-01-1.72720E+00-8.81461E+00
 -1       483 3.87321E-01-2.30532E+00-1.17345E+01
 -1       484 4.28538E-01-2.94855E+00-1.49839E+01
 -1       485 4.65886E-01-3.65087E+00-1.85326E+01
 -1       486 4.99445E-01-4.40638E+00-2.23505E+01
 -1       487 5.29317E-01-5.20929E+00-2.64085E+01
 -1       488 5.55619E-01-6.05397E+00-3.06782E+01
 -1       489 5.78490E-01-6.93499E+00-3.51319E+01
 -1       490 5.98087E-01-7.84713E+00-3.97435E+01
 -1       491 6.14593E-01-8.78542E+00-4.44877E+01
 -1       492 6.28210E-01-9.74519E+00-4.93409E+01
 -1       493 6.39165E-01-1.07221E+01-5.42812E+01
 -1       494 6.47707E-01-1.17121E+01-5.92882E+01
 -1       495 6.54111E-01-1.27116E+01-6.43439E+01
 -1       496 6.58673E-01-1.37175E+01-6.94322E+01
 -1       497 6.61719E-01-1.47270E+01-7.45395E+01
 -1       498 6.63588E-01-1.57380E+01-7.96547E+01
 -1       499 6.64533E-01-1.67488E+01-8.47696E+01
 -1       500 6.64895E-01-1.77585E+01-8.98786E+01
 -1       501 0.00000E+00 0.00000E+00 0.00000E+00
 -1       502 1.08889E-01-4.45459E-02-2.81878E-01
 -1       503 2.40521E-01-2.04729E-01-1.10962E+00
 -1       504 3.65316E-01-4.61114E-01-2.40371E+00
 -1       505 4.78044E-01-8.06403E-01-4.14509E+00
 -1       506 5.82809E-01-1.23485E+00-6.30871E+00
 -1       507 6.79562E-01-1.74063E+00-8.86389E+00
 -1       508 7.68453E-01-2.31762E+00-1.17796E+01
 -1       509 8.49572E-01-2.95972E+00-1.50249E+01
 -1       510 9.23048E-01-3.66095E+00-1.85696E+01
 -1       511 9.89037E-01-4.41538E+00-2.23836E+01
 -1       512 1.04773E+00-5.21724E+00-2.64378E+01
 -1       513 1.09937E+00-6.06091E+00-3.07038E+01
 -1       514 1.14422E+00-6.94096E+00-3.51540E+01
 -1       515 1.18259E+00-7.85218E+00-3.97622E+01
 -1       516 1.21484E+00-8.78960E+00-4.45032E+01
 -1       517 1.24136E+00-9.74856E+00-4.93535E+01
 -1       518 1.26261E+00-1.07247E+01-5.42911E+01
 -1       519 1.27907E+00-1.17141E+01-5.92958E+01
 -1       520 1.29128E+00-1.27130E+01-6.43494E+01
 -1       521 1.29984E+00-1.37184E+01-6.94359E+01
 -1       522 1.30537E+00-1.47275E+01-7.45418E+01
 -1       523 1.30856E+00-1.57382E+01-7.96559E+01
 -1       524 1.31006E+00-1.67488E+01-8.47702E+01
 -1       525 1.31057E+00-1.77583E+01-8.98790E+01
 -1       526 0.00000E+00 0.00000E+00 0.00000E+00
 -1       527 1.62513E-01-6.77467E-02-2.86462E-01
 -1       528 3.58968E-01-2.34927E-01-1.11558E+00
 -1       529 5.45220E-01-4.89860E-01-2.40939E+00
 -1       530 7.13462E-01-8.32596E-01-4.15026E+00
 -1       531 8.69820E-01-1.25905E+00-6.31349E+00
 -1       532 1.01422E+00-1.76290E+00-8.86829E+00
 -1       533 1.14689E+00-2.33800E+00-1.17836E+01
 -1       534 1.26795E+00-2.97826E+00-1.50286E+01
 -1       535 1.37761E+00-3.67766E+00-1.85729E+01
 -1       536 1.47610E+00-4.43031E+00-2.23865E+01
 -1       537 1.56370E+00-5.23045E+00-2.64404E+01
 -1       538 1.64077E+00-6.07245E+00-3.07060E+01
 -1       539 1.70770E+00-6.95090E+00-3.51560E+01
 -1       540 1.76497E+00-7.86060E+00-3.97639E+01
 -1       541 1.81309E+00-8.79659E+00-4.45046E+01
 -1       542 1.85268E+00-9.75423E+00-4.93547E+01
 -1       543 1.88439E+00-1.07292E+01-5.42920E+01
 -1       544 1.90896E+00-1.17174E+01-5.92965E+01
 -1       545 1.92719E+00-1.27154E+01-6.43499E+01
 -1       546 1.93996E+00-1.37200E+01-6.94362E+01
 -1       547 1.94821E+00-1.47285E+01-7.45420E+01
 -1       548 1.95298E+00-1.57387E+01-7.96560E+01
 -1       549 1.95521E+00-1.67490E+01-8.47702E+01
 -1       550 1.95598E+00-1.77583E+01-8.98790E+01
 -1       551 0.00000E+00 0.00000E+00 0.00000E+00
 -1       552 2.20120E-01-1.06512E-01-2.57353E-01
 -1       553 4.84036E-01-2.78654E-01-1.06878E+00
 -1       554 7.26447E-01-5.28988E-01-2.36029E+00
 -1       555 9.49706E-01-8.68995E-01-4.10297E+00
 -1       556 1.15755E+00-1.29268E+00-6.26957E+00
 -1       557 1.34961E+00-1.79388E+00-8.82784E+00
 -1       558 1.52605E+00-2.36637E+00-1.17466E+01
 -1       559 1.68706E+00-3.00405E+00-1.49949E+01
 -1       560 1.83288E+00-3.70093E+00-1.85425E+01
 -1       561 1.96385E+00-4.45111E+00-2.23594E+01
 -1       562 2.08034E+00-5.24884E+00-2.64164E+01
 -1       563 2.18280E+00-6.08853E+00-3.06850E+01
 -1       564 2.27179E+00-6.96476E+00-3.51378E+01
 -1       565 2.34792E+00-7.87235E+00-3.97485E+01
 -1       566 2.41189E+00-8.80637E+00-4.44918E+01
 -1       567 2.46450E+00-9.76216E+00-4.93443E+01
 -1       568 2.50662E+00-1.07354E+01-5.42838E+01
 -1       569 2.53925E+00-1.17222E+01-5.92902E+01
 -1       570 2.56344E+00-1.27188E+01-6.43453E+01
 -1       571 2.58036E+00-1.37223E+01-6.94332E+01
 -1       572 2.59127E+00-1.47299E+01-7.45401E+01
 -1       573 2.59753E+00-1.57394E+01-7.96550E+01
 -1       574 2.60045E+00-1.67493E+01-8.47697E+01
 -1       575 2.60141E+00-1.77584E+01-8.98786E+01
 -1       576 0.00000E+00 0.00000E+00 0.00000E+00
 -1       577 3.04831E-01-1.71882E-01-1.68012E-01
 -1       578 6.13542E-01-3.30352E-01-9.62794E-01
 -1       579 9.11302E-01-5.79315E-01-2.25403E+00
 -1       580 1.18967E+00-9.15450E-01-4.00339E+00
 -1       581 1.44908E+00-1.33586E+00-6.17733E+00
 -1       582 1.68877E+00-1.83364E+00-8.74291E+00
 -1       583 1.90894E+00-2.40277E+00-1.16688E+01
 -1       584 2.10982E+00-3.03714E+00-1.49242E+01
 -1       585 2.29174E+00-3.73077E+00-1.84787E+01
 -1       586 2.45509E+00-4.47778E+00-2.23024E+01
 -1       587 2.60035E+00-5.27242E+00-2.63660E+01
 -1       588 2.72809E+00-6.10914E+00-3.06410E+01
 -1       589 2.83898E+00-6.98252E+00-3.50999E+01
 -1       590 2.93380E+00-7.88740E+00-3.97163E+01
 -1       591 3.01342E+00-8.81886E+00-4.44651E+01
 -1       592 3.07883E+00-9.77229E+00-4.93226E+01
 -1       593 3.13114E+00-1.07434E+01-5.42667E+01
 -1       594 3.17156E+00-1.17282E+01-5.92773E+01
 -1       595 3.20143E+00-1.27231E+01-6.43360E+01
 -1       596 3.22219E+00-1.37252E+01-6.94269E+01
 -1       597 3.23544E+00-1.47316E+01-7.45363E+01
 -1       598 3.24284E+00-1.57403E+01-7.96530E+01
 -1       599 3.24607E+00-1.67496E+01-8.47690E+01
 -1       600 3.24703E+00-1.77585E+01-8.98782E+01
 -1       601 0.00000E+00 0.00000E+00 0.00000E+00
 -1       602 3.15055E-01 1.17039E-01-1.85457E-01
 -1       603 6.19251E-01-2.33320E-02-9.65604E-01
 -1       604 9.09593E-01-2.86344E-01-2.25211E+00
 -1       605 1.19024E+00-6.43774E-01-4.00298E+00
 -1       606 1.45273E+00-1.08454E+00-6.17718E+00
 -1       607 1.69557E+00-1.60222E+00-8.74283E+00
 -1       608 1.91860E+00-2.19091E+00-1.16688E+01
 -1       609 2.12216E+00-2.84454E+00-1.49242E+01
 -1       610 2.30657E+00-3.55708E+00-1.84788E+01
 -1       611 2.47224E+00-4.32257E+00-2.23025E+01
 -1       612 2.61968E+00-5.13518E+00-2.63661E+01
 -1       613 2.74944E+00-5.98922E+00-3.06411E+01
 -1       614 2.86223E+00-6.87920E+00-3.51001E+01
 -1       615 2.95883E+00-7.79986E+00-3.97165E+01
 -1       616 3.04011E+00-8.74616E+00-4.44654E+01
 -1       617 3.10710E+00-9.71338E+00-4.93229E+01
 -1       618 3.16090E+00-1.06971E+01-5.42671E+01
 -1       619 3.20276E+00-1.16932E+01-5.92777E+01
 -1       620 3.23401E+00-1.26981E+01-6.43365E+01
 -1       621 3.25614E+00-1.37085E+01-6.94274E+01
 -1       622 3.27074E+00-1.47217E+01-7.45368E+01
 -1       623 3.27952E+00-1.57353E+01-7.96536E+01
 -1       624 3.28402E+00-1.67478E+01-8.47692E+01
 -1       625 3.28557E+00-1.77586E+01-8.98790E+01
 -1       626 0.00000E+00 0.00000E+00 0.00000E+00
 -1       627 3.37990E-01 4.83124E-02-2.93712E-01
 -1       628 7.41409E-01-8.56086E-02-1.09689E+00
 -1       629 1.10193E+00-3.47908E-01-2.38156E+00
 -1       630 1.43954E+00-7.01351E-01-4.12391E+00
 -1       631 1.75359E+00-1.13788E+00-6.28914E+00
 -1       632 2.04384E+00-1.65134E+00-8.84592E+00
 -1       633 2.31046E+00-2.23587E+00-1.17631E+01
 -1       634 2.55374E+00-2.88542E+00-1.50100E+01
 -1       635 2.77406E+00-3.59395E+00-1.85561E+01
 -1       636 2.97190E+00-4.35552E+00-2.23716E+01
 -1       637 3.14783E+00-5.16431E+00-2.64272E+01
 -1       638 3.30257E+00-6.01468E+00-3.06945E+01
 -1       639 3.43690E+00-6.90114E+00-3.51461E+01
 -1       640 3.55177E+00-7.81845E+00-3.97555E+01
 -1       641 3.64825E+00-8.76161E+00-4.44977E+01
 -1       642 3.72753E+00-9.72589E+00-4.93491E+01
 -1       643 3.79095E+00-1.07069E+01-5.42877E+01
 -1       644 3.83998E+00-1.17006E+01-5.92933E+01
 -1       645 3.87624E+00-1.27034E+01-6.43476E+01
 -1       646 3.90148E+00-1.37121E+01-6.94348E+01
 -1       647 3.91762E+00-1.47238E+01-7.45412E+01
 -1       648 3.92669E+00-1.57364E+01-7.96557E+01
 -1       649 3.93081E+00-1.67482E+01-8.47701E+01
 -1       650 3.93207E+00-1.77584E+01-8.98794E+01
 -1       651 0.00000E+00 0.00000E+00 0.00000E+00
 -1       652 3.89336E-01-1.50410E-02-3.43409E-01
 -1       653 8.56129E-01-1.64340E-01-1.16954E+00
 -1       654 1.28364E+00-4.21670E-01-2.45357E+00
 -1       655 1.67877E+00-7.69736E-01-4.19189E+00
 -1       656 2.04450E+00-1.20094E+00-6.35211E+00
 -1       657 2.38234E+00-1.70941E+00-8.90392E+00
 -1       658 2.69267E+00-2.28904E+00-1.18162E+01
 -1       659 2.97583E+00-2.93374E+00-1.50583E+01
 -1       660 3.23225E+00-3.63752E+00-1.85997E+01
 -1       661 3.46249E+00-4.39444E+00-2.24105E+01
 -1       662 3.66723E+00-5.19872E+00-2.64616E+01
 -1       663 3.84725E+00-6.04473E+00-3.07246E+01
 -1       664 4.00352E+00-6.92702E+00-3.51720E+01
 -1       665 4.13712E+00-7.84036E+00-3.97775E+01
 -1       666 4.24928E+00-8.77979E+00-4.45160E+01
 -1       667 4.34141E+00-9.74061E+00-4.93640E+01
 -1       668 4.41505E+00-1.07185E+01-5.42994E+01
 -1       669 4.47193E+00-1.17093E+01-5.93021E+01
 -1       670 4.51391E+00-1.27096E+01-6.43540E+01
 -1       671 4.54306E+00-1.37161E+01-6.94391E+01
 -1       672 4.56158E+00-1.47262E+01-7.45438E+01
 -1       673 4.57190E+00-1.57375E+01-7.96571E+01
 -1       674 4.57651E+00-1.67486E+01-8.47707E+01
 -1       675 4.57790E+00-1.77582E+01-8.98798E+01
 -1       676 0.00000E+00 0.00000E+00 0.00000E+00
 -1       677 4.43795E-01-8.39643E-02-3.58112E-01
 -1       678 9.75883E-01-2.54480E-01-1.18764E+00
 -1       679 1.46346E+00-5.07666E-01-2.47038E+00
 -1       680 1.91381E+00-8.48522E-01-4.20739E+00
 -1       681 2.33110E+00-1.27370E+00-6.36642E+00
 -1       682 2.71660E+00-1.77638E+00-8.91709E+00
 -1       683 3.07071E+00-2.35035E+00-1.18283E+01
 -1       684 3.39383E+00-2.98948E+00-1.50692E+01
 -1       685 3.68644E+00-3.68778E+00-1.86095E+01
 -1       686 3.94919E+00-4.43935E+00-2.24193E+01
 -1       687 4.18284E+00-5.23843E+00-2.64694E+01
 -1       688 4.38831E+00-6.07942E+00-3.07314E+01
 -1       689 4.56668E+00-6.95690E+00-3.51779E+01
 -1       690 4.71919E+00-7.86568E+00-3.97825E+01
 -1       691 4.84726E+00-8.80081E+00-4.45201E+01
 -1       692 4.95247E+00-9.75763E+00-4.93673E+01
 -1       693 5.03660E+00-1.07318E+01-5.43020E+01
 -1       694 5.10161E+00-1.17194E+01-5.93041E+01
 -1       695 5.14964E+00-1.27168E+01-6.43554E+01
 -1       696 5.18303E+00-1.37209E+01-6.94401E+01
 -1       697 5.20431E+00-1.47290E+01-7.45444E+01
 -1       698 5.21623E+00-1.57389E+01-7.96574E+01
 -1       699 5.22160E+00-1.67491E+01-8.47708E+01
 -1       700 5.22326E+00-1.77582E+01-8.98797E+01
 -1       701 0.00000E+00 0.00000E+00 0.00000E+00
 -1       702 5.04438E-01-1.73016E-01-3.37442E-01
 -1       703 1.10652E+00-3.58490E-01-1.15080E+00
 -1       704 1.64459E+00-6.03154E-01-2.43199E+00
 -1       705 2.14845E+00-9.37473E-01-4.17056E+00
 -1       706 2.61717E+00-1.35585E+00-6.33221E+00
 -1       707 3.05035E+00-1.85205E+00-8.88558E+00
 -1       708 3.44827E+00-2.41963E+00-1.17994E+01
 -1       709 3.81135E+00-3.05246E+00-1.50430E+01
 -1       710 4.14017E+00-3.74458E+00-1.85859E+01
 -1       711 4.43544E+00-4.49011E+00-2.23982E+01
 -1       712 4.69802E+00-5.28332E+00-2.64507E+01
 -1       713 4.92895E+00-6.11865E+00-3.07151E+01
 -1       714 5.12944E+00-6.99070E+00-3.51638E+01
 -1       715 5.30088E+00-7.89432E+00-3.97705E+01
 -1       716 5.44487E+00-8.82460E+00-4.45102E+01
 -1       717 5.56320E+00-9.77692E+00-4.93592E+01
 -1       718 5.65785E+00-1.07470E+01-5.42956E+01
 -1       719 5.73102E+00-1.17309E+01-5.92992E+01
 -1       720 5.78513E+00-1.27250E+01-6.43519E+01
 -1       721 5.82281E+00-1.37264E+01-6.94377E+01
 -1       722 5.84689E+00-1.47323E+01-7.45429E+01
 -1       723 5.86044E+00-1.57406E+01-7.96566E+01
 -1       724 5.86657E+00-1.67497E+01-8.47704E+01
 -1       725 5.86846E+00-1.77584E+01-8.98794E+01
 -1       726 0.00000E+00 0.00000E+00 0.00000E+00
 -1       727 6.17281E-01-3.02143E-01-2.57515E-01
 -1       728 1.23907E+00-4.67171E-01-1.05423E+00
 -1       729 1.82600E+00-7.08780E-01-2.33618E+00
 -1       730 2.38426E+00-1.03598E+00-4.08097E+00
 -1       731 2.90444E+00-1.44719E+00-6.24922E+00
 -1       732 3.38538E+00-1.93619E+00-8.80916E+00
 -1       733 3.82709E+00-2.49665E+00-1.17295E+01
 -1       734 4.23012E+00-3.12248E+00-1.49794E+01
 -1       735 4.59511E+00-3.80772E+00-1.85285E+01
 -1       736 4.92286E+00-4.54653E+00-2.23469E+01
 -1       737 5.21434E+00-5.33322E+00-2.64054E+01
 -1       738 5.47068E+00-6.16225E+00-3.06755E+01
 -1       739 5.69324E+00-7.02827E+00-3.51297E+01
 -1       740 5.88356E+00-7.92615E+00-3.97416E+01
 -1       741 6.04341E+00-8.85104E+00-4.44862E+01
 -1       742 6.17477E+00-9.79836E+00-4.93397E+01
 -1       743 6.27985E+00-1.07638E+01-5.42803E+01
 -1       744 6.36111E+00-1.17436E+01-5.92877E+01
 -1       745 6.42120E+00-1.27342E+01-6.43436E+01
 -1       746 6.46306E+00-1.37325E+01-6.94321E+01
 -1       747 6.48983E+00-1.47359E+01-7.45396E+01
 -1       748 6.50491E+00-1.57424E+01-7.96549E+01
 -1       749 6.51168E+00-1.67503E+01-8.47698E+01
 -1       750 6.51368E+00-1.77584E+01-8.98791E+01
 -1       751 0.00000E+00 0.00000E+00 0.00000E+00
 -1       752 6.54485E-01 2.75750E-01-3.00835E-01
 -1       753 1.26275E+00 1.47084E-01-1.04814E+00
 -1       754 1.85611E+00-1.20245E-01-2.33493E+00
 -1       755 2.41835E+00-4.89917E-01-4.07997E+00
 -1       756 2.94162E+00-9.42106E-01-6.24887E+00
 -1       757 3.42527E+00-1.47107E+00-8.80886E+00
 -1       758 3.86941E+00-2.07085E+00-1.17292E+01
 -1       759 4.27457E+00-2.73543E+00-1.49792E+01
 -1       760 4.64138E+00-3.45872E+00-1.85283E+01
 -1       761 4.97064E+00-4.23471E+00-2.23468E+01
 -1       762 5.26332E+00-5.05752E+00-2.64053E+01
 -1       763 5.52055E+00-5.92142E+00-3.06754E+01
 -1       764 5.74368E+00-6.82085E+00-3.51297E+01
 -1       765 5.93428E+00-7.75048E+00-3.97416E+01
 -1       766 6.09412E+00-8.70522E+00-4.44862E+01
 -1       767 6.22518E+00-9.68028E+00-4.93399E+01
 -1       768 6.32970E+00-1.06712E+01-5.42805E+01
 -1       769 6.41011E+00-1.16737E+01-5.92879E+01
 -1       770 6.46913E+00-1.26843E+01-6.43439E+01
 -1       771 6.50968E+00-1.36995E+01-6.94324E+01
 -1       772 6.53493E+00-1.47166E+01-7.45399E+01
 -1       773 6.54827E+00-1.57330E+01-7.96552E+01
 -1       774 6.55335E+00-1.67470E+01-8.47699E+01
 -1       775 6.55444E+00-1.77583E+01-8.98796E+01
 -1       776 0.00000E+00 0.00000E+00 0.00000E+00
 -1       777 6.72713E-01 1.38588E-01-4.27014E-01
 -1       778 1.38494E+00 2.47277E-02-1.19743E+00
 -1       779 2.04883E+00-2.40533E-01-2.47654E+00
 -1       780 2.66850E+00-6.01246E-01-4.21207E+00
 -1       781 3.24328E+00-1.04532E+00-6.37101E+00
 -1       782 3.77433E+00-1.56610E+00-8.92136E+00
 -1       783 4.26203E+00-2.15784E+00-1.18322E+01
 -1       784 4.70691E+00-2.81449E+00-1.50728E+01
 -1       785 5.10961E+00-3.52999E+00-1.86127E+01
 -1       786 5.47102E+00-4.29837E+00-2.24222E+01
 -1       787 5.79217E+00-5.11379E+00-2.64719E+01
 -1       788 6.07434E+00-5.97054E+00-3.07336E+01
 -1       789 6.31899E+00-6.86313E+00-3.51798E+01
 -1       790 6.52784E+00-7.78626E+00-3.97840E+01
 -1       791 6.70282E+00-8.73488E+00-4.45214E+01
 -1       792 6.84614E+00-9.70426E+00-4.93683E+01
 -1       793 6.96022E+00-1.06899E+01-5.43028E+01
 -1       794 7.04776E+00-1.16878E+01-5.93047E+01
 -1       795 7.11172E+00-1.26943E+01-6.43558E+01
 -1       796 7.15532E+00-1.37060E+01-6.94403E+01
 -1       797 7.18204E+00-1.47203E+01-7.45444E+01
 -1       798 7.19560E+00-1.57347E+01-7.96573E+01
 -1       799 7.20024E+00-1.67475E+01-8.47706E+01
 -1       800 7.20103E+00-1.77582E+01-8.98800E+01
 -1       801 0.00000E+00 0.00000E+00 0.00000E+00
 -1       802 7.41177E-01 2.54902E-02-4.96699E-01
 -1       803 1.50007E+00-1.13865E-01-1.28247E+00
 -1       804 2.22877E+00-3.71221E-01-2.56061E+00
 -1       805 2.90574E+00-7.22721E-01-4.29027E+00
 -1       806 3.53230E+00-1.15740E+00-6.44346E+00
 -1       807 4.11097E+00-1.66933E+00-8.98807E+00
 -1       808 4.64241E+00-2.25234E+00-1.18933E+01
 -1       809 5.12719E+00-2.90038E+00-1.51283E+01
 -1       810 5.56604E+00-3.60743E+00-1.86628E+01
 -1       811 5.95989E+00-4.36756E+00-2.24669E+01
 -1       812 6.30990E+00-5.17495E+00-2.65115E+01
 -1       813 6.61742E+00-6.02395E+00-3.07682E+01
 -1       814 6.88408E+00-6.90912E+00-3.52096E+01
 -1       815 7.11173E+00-7.82519E+00-3.98093E+01
 -1       816 7.30250E+00-8.76718E+00-4.45424E+01
 -1       817 7.45876E+00-9.73039E+00-4.93853E+01
 -1       818 7.58318E+00-1.07104E+01-5.43162E+01
 -1       819 7.67870E+00-1.17033E+01-5.93148E+01
 -1       820 7.74853E+00-1.27053E+01-6.43631E+01
 -1       821 7.79618E+00-1.37132E+01-6.94451E+01
 -1       822 7.82545E+00-1.47244E+01-7.45473E+01
 -1       823 7.84044E+00-1.57366E+01-7.96588E+01
 -1       824 7.84579E+00-1.67482E+01-8.47712E+01
 -1       825 7.84685E+00-1.77581E+01-8.98803E+01
 -1       826 0.00000E+00 0.00000E+00 0.00000E+00
 -1       827 8.01415E-01-8.74720E-02-5.24745E-01
 -1       828 1.62069E+00-2.60855E-01-1.31174E+00
 -1       829 2.40787E+00-5.13911E-01-2.58852E+00
 -1       830 3.13985E+00-8.54130E-01-4.31605E+00
 -1       831 3.81798E+00-1.27889E+00-6.46733E+00
 -1       832 4.44432E+00-1.78115E+00-9.01004E+00
 -1       833 5.01956E+00-2.35472E+00-1.19134E+01
 -1       834 5.54431E+00-2.99345E+00-1.51466E+01
 -1       835 6.01937E+00-3.69136E+00-1.86793E+01
 -1       836 6.44576E+00-4.44255E+00-2.24817E+01
 -1       837 6.82470E+00-5.24126E+00-2.65246E+01
 -1       838 7.15770E+00-6.08189E+00-3.07796E+01
 -1       839 7.44650E+00-6.95902E+00-3.52194E+01
 -1       840 7.69311E+00-7.86747E+00-3.98176E+01
 -1       841 7.89982E+00-8.80229E+00-4.45493E+01
 -1       842 8.06922E+00-9.75883E+00-4.93909E+01
 -1       843 8.20418E+00-1.07328E+01-5.43206E+01
 -1       844 8.30789E+00-1.17201E+01-5.93181E+01
 -1       845 8.38383E+00-1.27173E+01-6.43654E+01
 -1       846 8.43580E+00-1.37212E+01-6.94467E+01
 -1       847 8.46791E+00-1.47292E+01-7.45483E+01
 -1       848 8.48459E+00-1.57390E+01-7.96593E+01
 -1       849 8.49076E+00-1.67491E+01-8.47714E+01
 -1       850 8.49211E+00-1.77582E+01-8.98803E+01
 -1       851 0.00000E+00 0.00000E+00 0.00000E+00
 -1       852 8.56924E-01-2.26110E-01-5.09836E-01
 -1       853 1.75211E+00-4.23806E-01-1.28512E+00
 -1       854 2.58933E+00-6.66022E-01-2.56001E+00
 -1       855 3.37475E+00-9.95983E-01-4.28957E+00
 -1       856 4.10417E+00-1.40989E+00-6.44266E+00
 -1       857 4.77822E+00-1.90183E+00-8.98734E+00
 -1       858 5.39727E+00-2.46519E+00-1.18926E+01
 -1       859 5.96199E+00-3.09388E+00-1.51277E+01
 -1       860 6.47325E+00-3.78192E+00-1.86623E+01
 -1       861 6.93215E+00-4.52347E+00-2.24664E+01
 -1       862 7.34002E+00-5.31281E+00-2.65111E+01
 -1       863 7.69847E+00-6.14440E+00-3.07678E+01
 -1       864 8.00938E+00-7.01288E+00-3.52092E+01
 -1       865 8.27492E+00-7.91310E+00-3.98090E+01
 -1       866 8.49755E+00-8.84018E+00-4.45422E+01
 -1       867 8.68005E+00-9.78953E+00-4.93851E+01
 -1       868 8.82552E+00-1.07569E+01-5.43160E+01
 -1       869 8.93739E+00-1.17383E+01-5.93146E+01
 -1       870 9.01940E+00-1.27303E+01-6.43629E+01
 -1       871 9.07564E+00-1.37299E+01-6.94450E+01
 -1       872 9.11053E+00-1.47343E+01-7.45473E+01
 -1       873 9.12881E+00-1.57415E+01-7.96587E+01
 -1       874 9.13568E+00-1.67500E+01-8.47711E+01
 -1       875 9.13717E+00-1.77585E+01-8.98800E+01
 -1       876 0.00000E+00 0.00000E+00 0.00000E+00
 -1       877 9.76794E-01-4.21861E-01-4.38669E-01
 -1       878 1.88461E+00-5.90041E-01-1.19378E+00
 -1       879 2.77017E+00-8.30138E-01-2.47519E+00
 -1       880 3.60929E+00-1.14802E+00-4.21000E+00
 -1       881 4.39026E+00-1.55097E+00-6.36917E+00
 -1       882 5.11209E+00-2.03173E+00-8.91963E+00
 -1       883 5.77495E+00-2.58411E+00-1.18306E+01
 -1       884 6.37963E+00-3.20196E+00-1.50714E+01
 -1       885 6.92708E+00-3.87937E+00-1.86115E+01
 -1       886 7.41849E+00-4.61053E+00-2.24211E+01
 -1       887 7.85529E+00-5.38978E+00-2.64710E+01
 -1       888 8.23920E+00-6.21163E+00-3.07328E+01
 -1       889 8.57222E+00-7.07076E+00-3.51790E+01
 -1       890 8.85669E+00-7.96211E+00-3.97834E+01
 -1       891 9.09523E+00-8.88084E+00-4.45210E+01
 -1       892 9.29084E+00-9.82244E+00-4.93680E+01
 -1       893 9.44682E+00-1.07827E+01-5.43025E+01
 -1       894 9.56685E+00-1.17578E+01-5.93045E+01
 -1       895 9.65493E+00-1.27442E+01-6.43557E+01
 -1       896 9.71545E+00-1.37390E+01-6.94402E+01
 -1       897 9.75313E+00-1.47396E+01-7.45445E+01
 -1       898 9.77304E+00-1.57440E+01-7.96574E+01
 -1       899 9.78062E+00-1.67508E+01-8.47706E+01
 -1       900 9.78224E+00-1.77586E+01-8.98797E+01
 -3
    1PSTEP                         3           1           1          
    1PGM                1.000000E+00                                  
    1PGK                7.667015E+08                                  
    1PHID                         -1                                  
    1PSUBC                         0                                  
    1PMODE                         3                                  
  100CL  103 4406.900960         900                     2    3MODAL      1
 -4  DISP        4    1
 -5  D1          1    2    1    0
 -5  D2          1    2    2    0
 -5  D3          1    2    3    0
 -5  ALL         1    2    0    0    1ALL
 -1         1 0.00000E+00 0.00000E+00 0.00000E+00
 -1         2 4.17566E+00 2.92379E+00 1.57524E+00
 -1         3 7.24920E+00 7.75175E+00 1.15284E+00
 -1         4 9.54072E+00 1.46101E+01 5.35029E-01
 -1         5 1.09673E+01 2.26474E+01-1.65843E-01
 -1         6 1.15063E+01 3.12559E+01-8.53900E-01
 -1         7 1.12038E+01 3.98410E+01-1.50902E+00
 -1         8 1.01283E+01 4.78583E+01-2.10766E+00
 -1         9 8.36660E+00 5.48137E+01-2.62824E+00
 -1        10 6.02070E+00 6.02770E+01-3.05120E+00
 -1        11 3.20505E+00 6.38919E+01-3.36064E+00
 -1        12 4.33913E-02 6.53848E+01-3.54491E+00
 -1        13-3.33522E+00 6.45699E+01-3.59703E+00
 -1        14-6.80087E+00 6.13519E+01-3.51497E+00
 -1        15-1.02275E+01 5.57253E+01-3.30169E+00
 -1        16-1.34977E+01 4.77706E+01-2.96505E+00
 -1        17-1.65075E+01 3.76466E+01-2.51751E+00
 -1        18-1.91707E+01 2.55802E+01-1.97566E+00
 -1        19-2.14232E+01 1.18525E+01-1.35956E+00
 -1        20-2.32263E+01-3.21703E+00-6.92071E-01
 -1        21-2.45702E+01-1.92891E+01 2.05019E-03
 -1        22-2.54753E+01-3.60245E+01 6.96821E-01
 -1        23-2.59940E+01-5.31047E+01 1.36502E+00
 -1        24-2.62125E+01-7.02510E+01 1.97847E+00
 -1        25-2.62659E+01-8.72902E+01 2.53395E+00
 -1        26 0.00000E+00 0.00000E+00 0.00000E+00
 -1        27 2.06195E+00 2.26042E+00 8.69273E-01
 -1        28 3.87732E+00 7.36356E+00 5.99163E-01
 -1        29 5.21035E+00 1.43202E+01 1.37898E-01
 -1        30 6.06064E+00 2.24966E+01-3.67350E-01
 -1        31 6.40048E+00 3.12332E+01-8.74239E-01
 -1        32 6.25345E+00 3.99395E+01-1.36068E+00
 -1        33 5.65864E+00 4.80662E+01-1.80735E+00
 -1        34 4.66669E+00 5.51168E+01-2.19553E+00
 -1        35 3.33646E+00 6.06590E+01-2.50869E+00
 -1        36 1.73387E+00 6.43352E+01-2.73322E+00
 -1        37-7.00220E-02 6.58705E+01-2.85904E+00
 -1        38-2.00122E+00 6.50787E+01-2.87982E+00
 -1        39-3.98533E+00 6.18647E+01-2.79325E+00
 -1        40-5.95030E+00 5.62242E+01-2.60098E+00
 -1        41-7.82910E+00 4.82391E+01-2.30859E+00
 -1        42-9.56250E+00 3.80706E+01-1.92528E+00
 -1        43-1.11016E+01 2.59486E+01-1.46348E+00
 -1        44-1.24103E+01 1.21578E+01-9.38303E-01
 -1        45-1.34670E+01-2.97837E+00-3.66962E-01
 -1        46-1.42671E+01-1.91160E+01 2.31966E-01
 -1        47-1.48234E+01-3.59114E+01 8.39116E-01
 -1        48-1.51676E+01-5.30415E+01 1.43487E+00
 -1        49-1.53423E+01-7.02275E+01 2.00303E+00
 -1        50-1.54006E+01-8.72702E+01 2.54400E+00
 -1        51 0.00000E+00 0.00000E+00 0.00000E+00
 -1        52 5.63416E-01 2.02720E+00 2.19259E-01
 -1        53 1.07532E+00 7.14340E+00 3.32411E-02
 -1        54 1.48348E+00 1.41839E+01-2.46780E-01
 -1        55 1.73742E+00 2.24193E+01-5.68482E-01
 -1        56 1.84397E+00 3.12166E+01-8.98967E-01
 -1        57 1.80594E+00 3.99794E+01-1.22326E+00
 -1        58 1.63533E+00 4.81571E+01-1.52356E+00
 -1        59 1.34706E+00 5.52522E+01-1.78432E+00
 -1        60 9.58571E-01 6.08314E+01-1.99173E+00
 -1        61 4.89310E-01 6.45363E+01-2.13439E+00
 -1        62-3.97804E-02 6.60917E+01-2.20368E+00
 -1        63-6.06925E-01 6.53111E+01-2.19390E+00
 -1        64-1.19025E+00 6.20998E+01-2.10240E+00
 -1        65-1.76860E+00 5.64536E+01-1.92962E+00
 -1        66-2.32230E+00 4.84553E+01-1.67890E+00
 -1        67-2.83400E+00 3.82674E+01-1.35629E+00
 -1        68-3.28941E+00 2.61209E+01-9.70239E-01
 -1        69-3.67801E+00 1.23023E+01-5.31104E-01
 -1        70-3.99365E+00-2.86305E+00-5.06633E-02
 -1        71-4.23506E+00-1.90292E+01 4.58474E-01
 -1        72-4.40641E+00-3.58502E+01 9.83408E-01
 -1        73-4.51698E+00-5.30015E+01 1.51187E+00
 -1        74-4.57595E+00-7.02097E+01 2.03360E+00
 -1        75-4.59758E+00-8.72457E+01 2.54735E+00
 -1        76 0.00000E+00 0.00000E+00 0.00000E+00
 -1        77-8.05391E-01 2.04211E+00-4.30930E-01
 -1        78-1.51371E+00 7.15962E+00-5.26005E-01
 -1        79-2.06537E+00 1.41953E+01-6.33277E-01
 -1        80-2.40572E+00 2.24252E+01-7.66659E-01
 -1        81-2.54412E+00 3.12174E+01-9.25074E-01
 -1        82-2.48712E+00 3.99755E+01-1.08928E+00
 -1        83-2.25097E+00 4.81489E+01-1.24556E+00
 -1        84-1.85580E+00 5.52403E+01-1.38086E+00
 -1        85-1.32521E+00 6.08164E+01-1.48413E+00
 -1        86-6.85530E-01 6.45190E+01-1.54616E+00
 -1        87 3.48104E-02 6.60727E+01-1.55972E+00
 -1        88 8.06241E-01 6.52913E+01-1.51973E+00
 -1        89 1.59904E+00 6.20798E+01-1.42325E+00
 -1        90 2.38442E+00 5.64341E+01-1.26945E+00
 -1        91 3.13561E+00 4.84371E+01-1.05950E+00
 -1        92 3.82897E+00 3.82509E+01-7.96376E-01
 -1        93 4.44500E+00 2.61066E+01-4.84567E-01
 -1        94 4.96927E+00 1.22905E+01-1.29752E-01
 -1        95 5.39329E+00-2.87220E+00 2.61626E-01
 -1        96 5.71516E+00-1.90358E+01 6.82836E-01
 -1        97 5.94026E+00-3.58544E+01 1.12749E+00
 -1        98 6.08108E+00-5.30038E+01 1.58981E+00
 -1        99 6.15242E+00-7.02107E+01 2.06450E+00
 -1       100 6.17705E+00-8.72459E+01 2.54326E+00
 -1       101 0.00000E+00 0.00000E+00 0.00000E+00
 -1       102-2.30183E+00 2.30963E+00-1.07013E+00
 -1       103-4.31752E+00 7.41321E+00-1.07991E+00
 -1       104-5.79138E+00 1.43539E+01-1.00904E+00
 -1       105-6.72755E+00 2.25140E+01-9.63144E-01
 -1       106-7.09926E+00 3.12353E+01-9.49155E-01
 -1       107-6.93338E+00 3.99275E+01-9.54957E-01
 -1       108-6.27318E+00 4.80414E+01-9.68235E-01
 -1       109-5.17449E+00 5.50809E+01-9.79050E-01
 -1       110-3.70234E+00 6.06140E+01-9.79011E-01
 -1       111-1.92953E+00 6.42830E+01-9.61053E-01
 -1       112 6.54092E-02 6.58134E+01-9.19394E-01
 -1       113 2.20069E+00 6.50189E+01-8.49544E-01
 -1       114 4.39408E+00 6.18046E+01-7.48267E-01
 -1       115 6.56589E+00 5.61657E+01-6.13509E-01
 -1       116 8.64203E+00 4.81842E+01-4.44275E-01
 -1       117 1.05570E+01 3.80211E+01-2.40473E-01
 -1       118 1.22566E+01 2.59057E+01-2.69137E-03
 -1       119 1.37009E+01 1.21224E+01 2.68048E-01
 -1       120 1.48660E+01-3.00584E+00 5.70598E-01
 -1       121 1.57465E+01-1.91357E+01 9.04060E-01
 -1       122 1.63567E+01-3.59239E+01 1.26836E+00
 -1       123 1.67312E+01-5.30481E+01 1.66491E+00
 -1       124 1.69182E+01-7.02302E+01 2.09418E+00
 -1       125 1.69794E+01-8.72707E+01 2.54596E+00
 -1       126 0.00000E+00 0.00000E+00 0.00000E+00
 -1       127-4.42642E+00 3.02068E+00-1.74853E+00
 -1       128-7.68453E+00 7.83220E+00-1.60713E+00
 -1       129-1.01137E+01 1.46662E+01-1.38846E+00
 -1       130-1.16259E+01 2.26763E+01-1.15539E+00
 -1       131-1.21973E+01 3.12592E+01-9.68478E-01
 -1       132-1.18766E+01 3.98207E+01-8.13194E-01
 -1       133-1.07365E+01 4.78167E+01-6.81363E-01
 -1       134-8.86904E+00 5.47536E+01-5.65755E-01
 -1       135-6.38226E+00 6.02015E+01-4.60866E-01
 -1       136-3.39752E+00 6.38045E+01-3.61834E-01
 -1       137-4.59971E-02 6.52892E+01-2.64365E-01
 -1       138 3.53551E+00 6.44698E+01-1.64602E-01
 -1       139 7.20928E+00 6.12511E+01-5.90279E-02
 -1       140 1.08417E+01 5.56274E+01 5.56480E-02
 -1       141 1.43083E+01 4.76788E+01 1.82608E-01
 -1       142 1.74988E+01 3.75638E+01 3.25057E-01
 -1       143 2.03219E+01 2.55084E+01 4.86373E-01
 -1       144 2.27097E+01 1.17933E+01 6.70264E-01
 -1       145 2.46211E+01-3.26288E+00 8.80967E-01
 -1       146 2.60457E+01-1.93217E+01 1.12349E+00
 -1       147 2.70052E+01-3.60451E+01 1.40408E+00
 -1       148 2.75550E+01-5.31154E+01 1.73140E+00
 -1       149 2.77866E+01-7.02551E+01 2.11743E+00
 -1       150 2.78433E+01-8.72908E+01 2.55526E+00
 -1       151 0.00000E+00 0.00000E+00 0.00000E+00
 -1       152 4.05085E+00 3.41688E+00 7.77372E-01
 -1       153 7.43090E+00 8.22136E+00 6.36088E-01
 -1       154 9.80541E+00 1.49252E+01 1.60182E-01
 -1       155 1.12525E+01 2.28121E+01-3.56748E-01
 -1       156 1.17888E+01 3.12739E+01-8.74696E-01
 -1       157 1.14700E+01 3.97239E+01-1.37044E+00
 -1       158 1.03667E+01 4.76192E+01-1.82553E+00
 -1       159 8.56652E+00 5.44684E+01-2.22104E+00
 -1       160 6.17303E+00 5.98435E+01-2.54026E+00
 -1       161 3.30258E+00 6.33903E+01-2.76946E+00
 -1       162 8.10920E-02 6.48362E+01-2.89845E+00
 -1       163-3.36009E+00 6.39960E+01-2.92085E+00
 -1       164-6.88869E+00 6.07741E+01-2.83436E+00
 -1       165-1.03763E+01 5.51642E+01-2.64072E+00
 -1       166-1.37033E+01 4.72446E+01-2.34561E+00
 -1       167-1.67638E+01 3.71718E+01-1.95842E+00
 -1       168-1.94698E+01 2.51691E+01-1.49181E+00
 -1       169-2.17557E+01 1.15138E+01-9.61168E-01
 -1       170-2.35821E+01-3.47911E+00-3.84020E-01
 -1       171-2.49383E+01-1.94754E+01 2.20718E-01
 -1       172-2.58449E+01-3.61413E+01 8.33268E-01
 -1       173-2.63547E+01-5.31644E+01 1.43304E+00
 -1       174-2.65601E+01-7.02744E+01 2.00127E+00
 -1       175-2.66076E+01-8.73034E+01 2.53441E+00
 -1       176 0.00000E+00 0.00000E+00 0.00000E+00
 -1       177 1.95732E+00 2.69708E+00 4.29951E-01
 -1       178 4.04412E+00 7.79518E+00 2.94034E-01
 -1       179 5.45959E+00 1.46307E+01-7.82377E-02
 -1       180 6.32776E+00 2.26598E+01-4.81096E-01
 -1       181 6.66632E+00 3.12542E+01-8.89158E-01
 -1       182 6.50444E+00 3.98285E+01-1.28365E+00
 -1       183 5.88355E+00 4.78360E+01-1.64736E+00
 -1       184 4.85512E+00 5.47830E+01-1.96333E+00
 -1       185 3.47955E+00 6.02393E+01-2.21654E+00
 -1       186 1.82459E+00 6.38488E+01-2.39466E+00
 -1       187-3.65971E-02 6.53382E+01-2.48840E+00
 -1       188-2.02781E+00 6.45214E+01-2.49180E+00
 -1       189-4.07240E+00 6.13034E+01-2.40235E+00
 -1       190-6.09606E+00 5.56786E+01-2.22101E+00
 -1       191-8.02966E+00 4.77273E+01-1.95209E+00
 -1       192-9.81204E+00 3.76081E+01-1.60301E+00
 -1       193-1.13927E+01 2.55475E+01-1.18393E+00
 -1       194-1.27341E+01 1.18265E+01-7.07280E-01
 -1       195-1.38139E+01-3.23596E+00-1.87189E-01
 -1       196-1.46267E+01-1.93009E+01 3.61148E-01
 -1       197-1.51855E+01-3.60297E+01 9.21995E-01
 -1       198-1.55226E+01-5.31052E+01 1.47954E+00
 -1       199-1.56858E+01-7.02540E+01 2.02051E+00
 -1       200-1.57385E+01-8.72844E+01 2.54308E+00
 -1       201 0.00000E+00 0.00000E+00 0.00000E+00
 -1       202 5.72833E-01 2.44133E+00 8.63905E-02
 -1       203 1.19390E+00 7.55648E+00-5.78758E-02
 -1       204 1.65154E+00 1.44886E+01-3.14214E-01
 -1       205 1.92325E+00 2.25810E+01-6.03191E-01
 -1       206 2.03290E+00 3.12393E+01-9.03900E-01
 -1       207 1.98688E+00 3.98731E+01-1.19986E+00
 -1       208 1.79809E+00 4.79344E+01-1.47475E+00
 -1       209 1.48257E+00 5.49282E+01-1.71337E+00
 -1       210 1.05907E+00 6.04234E+01-1.90240E+00
 -1       211 5.48621E-01 6.40632E+01-2.03083E+00
 -1       212-2.61235E-02 6.55736E+01-2.09027E+00
 -1       213-6.41571E-01 6.47686E+01-2.07513E+00
 -1       214-1.27401E+00 6.15530E+01-1.98274E+00
 -1       215-1.90047E+00 5.59219E+01-1.81327E+00
 -1       216-2.49961E+00 4.79562E+01-1.56970E+00
 -1       217-3.05255E+00 3.78159E+01-1.25754E+00
 -1       218-3.54372E+00 2.57290E+01-8.84526E-01
 -1       219-3.96162E+00 1.19780E+01-4.60202E-01
 -1       220-4.29945E+00-3.11601E+00 4.60113E-03
 -1       221-4.55566E+00-1.92119E+01 4.98308E-01
 -1       222-4.73452E+00-3.59686E+01 1.00917E+00
 -1       223-4.84608E+00-5.30674E+01 1.52590E+00
 -1       224-4.90246E+00-7.02375E+01 2.03919E+00
 -1       225-4.92271E+00-8.72592E+01 2.54525E+00
 -1       226 0.00000E+00 0.00000E+00 0.00000E+00
 -1       227-6.89911E-01 2.45050E+00-2.52809E-01
 -1       228-1.43608E+00 7.56652E+00-4.09102E-01
 -1       229-1.98141E+00 1.44955E+01-5.47975E-01
 -1       230-2.30577E+00 2.25845E+01-7.22933E-01
 -1       231-2.43564E+00 3.12398E+01-9.19027E-01
 -1       232-2.37969E+00 3.98707E+01-1.11899E+00
 -1       233-2.15336E+00 4.79295E+01-1.30737E+00
 -1       234-1.77579E+00 5.49211E+01-1.47066E+00
 -1       235-1.26936E+00 6.04144E+01-1.59716E+00
 -1       236-6.59179E-01 6.40528E+01-1.67717E+00
 -1       237 2.76973E-02 6.55622E+01-1.70316E+00
 -1       238 7.63086E-01 6.47567E+01-1.66992E+00
 -1       239 1.51866E+00 6.15410E+01-1.57457E+00
 -1       240 2.26698E+00 5.59102E+01-1.41656E+00
 -1       241 2.98252E+00 4.79453E+01-1.19755E+00
 -1       242 3.64274E+00 3.78061E+01-9.21195E-01
 -1       243 4.22901E+00 2.57204E+01-5.92872E-01
 -1       244 4.72757E+00 1.19709E+01-2.19301E-01
 -1       245 5.13026E+00-3.12149E+00 1.91882E-01
 -1       246 5.43521E+00-1.92158E+01 6.32640E-01
 -1       247 5.64747E+00-3.59711E+01 1.09514E+00
 -1       248 5.77906E+00-5.30687E+01 1.57235E+00
 -1       249 5.84508E+00-7.02380E+01 2.05777E+00
 -1       250 5.86844E+00-8.72593E+01 2.54436E+00
 -1       251 0.00000E+00 0.00000E+00 0.00000E+00
 -1       252-2.07486E+00 2.72676E+00-5.88061E-01
 -1       253-4.28698E+00 7.82560E+00-7.49395E-01
 -1       254-5.78746E+00 1.46510E+01-7.75351E-01
 -1       255-6.70776E+00 2.26702E+01-8.40318E-01
 -1       256-7.06665E+00 3.12555E+01-9.33062E-01
 -1       257-6.89505E+00 3.98213E+01-1.03822E+00
 -1       258-6.23688E+00 4.78213E+01-1.14114E+00
 -1       259-5.14668E+00 5.47616E+01-1.23001E+00
 -1       260-3.68851E+00 6.02124E+01-1.29474E+00
 -1       261-1.93416E+00 6.38177E+01-1.32694E+00
 -1       262 3.87949E-02 6.53041E+01-1.31995E+00
 -1       263 2.14959E+00 6.44858E+01-1.26889E+00
 -1       264 4.31696E+00 6.12675E+01-1.17071E+00
 -1       265 6.46214E+00 5.56438E+01-1.02415E+00
 -1       266 8.51186E+00 4.76946E+01-8.29552E-01
 -1       267 1.04013E+01 3.75785E+01-5.88755E-01
 -1       268 1.20768E+01 2.55219E+01-3.04794E-01
 -1       269 1.34988E+01 1.18053E+01 1.83916E-02
 -1       270 1.46434E+01-3.25239E+00 3.76331E-01
 -1       271 1.55051E+01-1.93126E+01 7.64472E-01
 -1       272 1.60975E+01-3.60371E+01 1.17882E+00
 -1       273 1.64547E+01-5.31092E+01 1.61671E+00
 -1       274 1.66278E+01-7.02556E+01 2.07549E+00
 -1       275 1.66836E+01-8.72845E+01 2.54578E+00
 -1       276 0.00000E+00 0.00000E+00 0.00000E+00
 -1       277-4.17806E+00 3.47342E+00-9.10593E-01
 -1       278-7.66979E+00 8.27030E+00-1.06685E+00
 -1       279-1.01261E+01 1.49587E+01-9.96062E-01
 -1       280-1.16253E+01 2.28294E+01-9.55354E-01
 -1       281-1.21823E+01 3.12761E+01-9.46323E-01
 -1       282-1.18544E+01 3.97120E+01-9.57767E-01
 -1       283-1.07145E+01 4.75948E+01-9.76105E-01
 -1       284-8.85340E+00 5.44330E+01-9.91333E-01
 -1       285-6.37822E+00 5.97990E+01-9.94964E-01
 -1       286-3.40937E+00 6.33386E+01-9.79881E-01
 -1       287-7.71441E-02 6.47797E+01-9.40268E-01
 -1       288 3.48258E+00 6.39368E+01-8.71620E-01
 -1       289 7.13295E+00 6.07145E+01-7.70719E-01
 -1       290 1.07412E+01 5.51062E+01-6.35557E-01
 -1       291 1.41835E+01 4.71903E+01-4.65221E-01
 -1       292 1.73503E+01 3.71227E+01-2.59725E-01
 -1       293 2.01507E+01 2.51265E+01-1.97964E-02
 -1       294 2.25169E+01 1.14787E+01 2.53379E-01
 -1       295 2.44081E+01-3.50644E+00 5.58466E-01
 -1       296 2.58133E+01-1.94950E+01 8.94357E-01
 -1       297 2.67538E+01-3.61538E+01 1.26080E+00
 -1       298 2.72846E+01-5.31711E+01 1.65958E+00
 -1       299 2.75005E+01-7.02771E+01 2.09320E+00
 -1       300 2.75515E+01-8.73035E+01 2.55363E+00
 -1       301 0.00000E+00 0.00000E+00 0.00000E+00
 -1       302 4.13043E+00 3.62112E+00 1.96437E-01
 -1       303 7.48168E+00 8.44378E+00 6.97523E-02
 -1       304 9.92887E+00 1.50892E+01-2.17960E-01
 -1       305 1.14024E+01 2.28976E+01-5.53812E-01
 -1       306 1.19451E+01 3.12857E+01-8.97473E-01
 -1       307 1.16210E+01 3.96668E+01-1.23357E+00
 -1       308 1.05028E+01 4.75001E+01-1.54449E+00
 -1       309 8.67932E+00 5.42953E+01-1.81450E+00
 -1       310 6.25527E+00 5.96256E+01-2.02958E+00
 -1       311 3.34845E+00 6.31377E+01-2.17818E+00
 -1       312 8.63329E-02 6.45595E+01-2.25156E+00
 -1       313-3.39809E+00 6.37063E+01-2.24397E+00
 -1       314-6.97089E+00 6.04822E+01-2.15280E+00
 -1       315-1.05021E+01 5.48803E+01-1.97856E+00
 -1       316-1.38705E+01 4.69783E+01-1.72475E+00
 -1       317-1.69688E+01 3.69309E+01-1.39767E+00
 -1       318-1.97080E+01 2.49600E+01-1.00604E+00
 -1       319-2.20218E+01 1.13409E+01-5.60567E-01
 -1       320-2.38699E+01-3.61390E+00-7.34251E-02
 -1       321-2.52417E+01-1.95726E+01 4.42344E-01
 -1       322-2.61579E+01-3.62041E+01 9.73355E-01
 -1       323-2.66732E+01-5.31991E+01 1.50638E+00
 -1       324-2.68833E+01-7.02905E+01 2.03028E+00
 -1       325-2.69343E+01-8.73146E+01 2.53899E+00
 -1       326 0.00000E+00 0.00000E+00 0.00000E+00
 -1       327 1.98974E+00 2.84948E+00 8.59720E-02
 -1       328 4.11555E+00 8.00452E+00-4.82281E-02
 -1       329 5.60497E+00 1.47849E+01-3.03876E-01
 -1       330 6.49952E+00 2.27440E+01-5.98408E-01
 -1       331 6.84264E+00 3.12668E+01-9.03309E-01
 -1       332 6.67382E+00 3.97743E+01-1.20332E+00
 -1       333 6.03598E+00 4.77217E+01-1.48179E+00
 -1       334 4.98182E+00 5.46163E+01-1.72354E+00
 -1       335 3.57297E+00 6.00290E+01-1.91516E+00
 -1       336 1.87869E+00 6.36049E+01-2.04559E+00
 -1       337-2.62092E-02 6.50709E+01-2.10642E+00
 -1       338-2.06376E+00 6.42414E+01-2.09203E+00
 -1       339-4.15556E+00 6.10212E+01-1.99974E+00
 -1       340-6.22557E+00 5.54041E+01-1.82978E+00
 -1       341-8.20303E+00 4.74694E+01-1.58518E+00
 -1       342-1.00254E+01 3.73747E+01-1.27151E+00
 -1       343-1.16408E+01 2.53447E+01-8.96624E-01
 -1       344-1.30109E+01 1.16584E+01-4.70167E-01
 -1       345-1.41127E+01-3.36737E+00-3.10999E-03
 -1       346-1.49406E+01-1.93962E+01 4.92828E-01
 -1       347-1.55078E+01-3.60921E+01 1.00573E+00
 -1       348-1.58477E+01-5.31407E+01 1.52404E+00
 -1       349-1.60112E+01-7.02710E+01 2.03816E+00
 -1       350-1.60638E+01-8.72974E+01 2.54289E+00
 -1       351 0.00000E+00 0.00000E+00 0.00000E+00
 -1       352 6.09078E-01 2.57720E+00-2.23261E-02
 -1       353 1.27261E+00 7.74681E+00-1.68069E-01
 -1       354 1.77816E+00 1.46360E+01-3.86806E-01
 -1       355 2.07062E+00 2.26632E+01-6.40726E-01
 -1       356 2.18617E+00 3.12522E+01-9.08533E-01
 -1       357 2.13514E+00 3.98209E+01-1.17439E+00
 -1       358 1.93186E+00 4.78237E+01-1.42212E+00
 -1       359 1.59337E+00 5.47666E+01-1.63709E+00
 -1       360 1.13969E+00 6.02195E+01-1.80649E+00
 -1       361 5.93252E-01 6.38265E+01-1.91972E+00
 -1       362-2.17278E-02 6.53141E+01-1.96867E+00
 -1       363-6.80028E-01 6.44967E+01-1.94786E+00
 -1       364-1.35630E+00 6.12789E+01-1.85454E+00
 -1       365-2.02597E+00 5.56552E+01-1.68868E+00
 -1       366-2.66619E+00 4.77057E+01-1.45284E+00
 -1       367-3.25677E+00 3.75891E+01-1.15194E+00
 -1       368-3.78105E+00 2.55318E+01-7.92978E-01
 -1       369-4.22666E+00 1.18144E+01-3.84611E-01
 -1       370-4.58629E+00-3.24412E+00 6.33313E-02
 -1       371-4.85823E+00-1.93050E+01 5.40386E-01
 -1       372-5.04696E+00-3.60300E+01 1.03603E+00
 -1       373-5.16339E+00-5.31026E+01 1.54030E+00
 -1       374-5.22147E+00-7.02544E+01 2.04489E+00
 -1       375-5.24214E+00-8.72741E+01 2.54409E+00
 -1       376 0.00000E+00 0.00000E+00 0.00000E+00
 -1       377-6.45655E-01 2.58028E+00-1.28019E-01
 -1       378-1.34903E+00 7.75019E+00-2.83684E-01
 -1       379-1.88494E+00 1.46384E+01-4.66571E-01
 -1       380-2.19497E+00 2.26644E+01-6.80619E-01
 -1       381-2.31746E+00 3.12523E+01-9.13533E-01
 -1       382-2.26336E+00 3.98201E+01-1.14722E+00
 -1       383-2.04788E+00 4.78221E+01-1.36605E+00
 -1       384-1.68906E+00 5.47642E+01-1.55584E+00
 -1       385-1.20813E+00 6.02165E+01-1.70434E+00
 -1       386-6.28878E-01 6.38230E+01-1.80139E+00
 -1       387 2.30326E-02 6.53104E+01-1.83916E+00
 -1       388 7.20865E-01 6.44927E+01-1.81231E+00
 -1       389 1.43775E+00 6.12749E+01-1.71802E+00
 -1       390 2.14763E+00 5.56513E+01-1.55601E+00
 -1       391 2.82630E+00 4.77021E+01-1.32839E+00
 -1       392 3.45235E+00 3.75858E+01-1.03949E+00
 -1       393 4.00811E+00 2.55289E+01-6.95491E-01
 -1       394 4.48048E+00 1.18120E+01-3.04122E-01
 -1       395 4.86171E+00-3.24594E+00 1.25860E-01
 -1       396 5.14998E+00-1.93064E+01 5.85175E-01
 -1       397 5.35004E+00-3.60308E+01 1.06462E+00
 -1       398 5.47346E+00-5.31031E+01 1.55570E+00
 -1       399 5.53503E+00-7.02546E+01 2.05108E+00
 -1       400 5.55694E+00-8.72741E+01 2.54416E+00
 -1       401 0.00000E+00 0.00000E+00 0.00000E+00
 -1       402-2.02655E+00 2.85937E+00-2.28574E-01
 -1       403-4.19222E+00 8.01476E+00-3.92622E-01
 -1       404-5.71088E+00 1.47917E+01-5.41037E-01
 -1       405-6.62280E+00 2.27475E+01-7.18211E-01
 -1       406-6.97290E+00 3.12672E+01-9.18018E-01
 -1       407-6.80111E+00 3.97719E+01-1.12129E+00
 -1       408-6.15117E+00 4.77168E+01-1.31274E+00
 -1       409-5.07680E+00 5.46092E+01-1.47868E+00
 -1       410-3.64084E+00 6.00201E+01-1.60739E+00
 -1       411-1.91390E+00 6.35946E+01-1.68912E+00
 -1       412 2.77782E-02 6.50596E+01-1.71632E+00
 -1       413 2.10471E+00 6.42296E+01-1.68376E+00
 -1       414 4.23697E+00 6.10093E+01-1.58857E+00
 -1       415 6.34705E+00 5.53925E+01-1.43023E+00
 -1       416 8.36284E+00 4.74586E+01-1.21045E+00
 -1       417 1.02205E+01 3.73649E+01-9.32943E-01
 -1       418 1.18674E+01 2.53362E+01-6.03176E-01
 -1       419 1.32642E+01 1.16514E+01-2.27966E-01
 -1       420 1.43876E+01-3.37283E+00 1.84939E-01
 -1       421 1.52319E+01-1.94001E+01 6.27376E-01
 -1       422 1.58104E+01-3.60946E+01 1.09139E+00
 -1       423 1.61574E+01-5.31420E+01 1.56994E+00
 -1       424 1.63245E+01-7.02715E+01 2.05684E+00
 -1       425 1.63784E+01-8.72973E+01 2.54449E+00
 -1       426 0.00000E+00 0.00000E+00 0.00000E+00
 -1       427-4.17033E+00 3.64008E+00-3.15061E-01
 -1       428-7.55715E+00 8.46008E+00-4.86700E-01
 -1       429-1.00323E+01 1.51004E+01-6.09324E-01
 -1       430-1.15232E+01 2.29033E+01-7.53449E-01
 -1       431-1.20730E+01 3.12865E+01-9.22540E-01
 -1       432-1.17462E+01 3.96629E+01-1.09719E+00
 -1       433-1.06161E+01 4.74920E+01-1.26293E+00
 -1       434-8.77268E+00 5.42836E+01-1.40646E+00
 -1       435-6.32184E+00 5.96108E+01-1.51657E+00
 -1       436-3.38270E+00 6.31205E+01-1.58390E+00
 -1       437-8.41585E-02 6.45408E+01-1.60116E+00
 -1       438 3.43928E+00 6.36866E+01-1.56322E+00
 -1       439 7.05220E+00 6.04624E+01-1.46716E+00
 -1       440 1.06231E+01 5.48611E+01-1.31223E+00
 -1       441 1.40296E+01 4.69602E+01-1.09976E+00
 -1       442 1.71630E+01 3.69146E+01-8.32911E-01
 -1       443 1.99335E+01 2.49459E+01-5.16442E-01
 -1       444 2.22738E+01 1.13292E+01-1.56336E-01
 -1       445 2.41436E+01-3.62300E+00 2.40613E-01
 -1       446 2.55318E+01-1.95791E+01 6.67290E-01
 -1       447 2.64595E+01-3.62083E+01 1.11690E+00
 -1       448 2.69821E+01-5.32014E+01 1.58379E+00
 -1       449 2.71961E+01-7.02914E+01 2.06311E+00
 -1       450 2.72484E+01-8.73145E+01 2.54762E+00
 -1       451 0.00000E+00 0.00000E+00 0.00000E+00
 -1       452 4.17033E+00 3.64008E+00-3.15061E-01
 -1       453 7.55715E+00 8.46008E+00-4.86700E-01
 -1       454 1.00323E+01 1.51004E+01-6.09324E-01
 -1       455 1.15232E+01 2.29033E+01-7.53449E-01
 -1       456 1.20730E+01 3.12865E+01-9.22540E-01
 -1       457 1.17462E+01 3.96629E+01-1.09719E+00
 -1       458 1.06161E+01 4.74920E+01-1.26293E+00
 -1       459 8.77268E+00 5.42836E+01-1.40646E+00
 -1       460 6.32184E+00 5.96108E+01-1.51657E+00
 -1       461 3.38270E+00 6.31205E+01-1.58390E+00
 -1       462 8.41585E-02 6.45408E+01-1.60116E+00
 -1       463-3.43928E+00 6.36866E+01-1.56322E+00
 -1       464-7.05220E+00 6.04624E+01-1.46716E+00
 -1       465-1.06231E+01 5.48611E+01-1.31223E+00
 -1       466-1.40296E+01 4.69602E+01-1.09976E+00
 -1       467-1.71630E+01 3.69146E+01-8.32911E-01
 -1       468-1.99335E+01 2.49459E+01-5.16442E-01
 -1       469-2.22738E+01 1.13292E+01-1.56336E-01
 -1       470-2.41436E+01-3.62300E+00 2.40613E-01
 -1       471-2.55318E+01-1.95791E+01 6.67290E-01
 -1       472-2.64595E+01-3.62083E+01 1.11690E+00
 -1       473-2.69821E+01-5.32014E+01 1.58379E+00
 -1       474-2.71961E+01-7.02914E+01 2.06311E+00
 -1       475-2.72484E+01-8.73145E+01 2.54762E+00
 -1       476 0.00000E+00 0.00000E+00 0.00000E+00
 -1       477 2.02655E+00 2.85937E+00-2.28574E-01
 -1       478 4.19222E+00 8.01476E+00-3.92622E-01
 -1       479 5.71088E+00 1.47917E+01-5.41037E-01
 -1       480 6.62280E+00 2.27475E+01-7.18211E-01
 -1       481 6.97290E+00 3.12672E+01-9.18018E-01
 -1       482 6.80111E+00 3.97719E+01-1.12129E+00
 -1       483 6.15117E+00 4.77168E+01-1.31274E+00
 -1       484 5.07680E+00 5.46092E+01-1.47868E+00
 -1       485 3.64084E+00 6.00201E+01-1.60739E+00
 -1       486 1.91390E+00 6.35946E+01-1.68912E+00
 -1       487-2.77782E-02 6.50596E+01-1.71632E+00
 -1       488-2.10471E+00 6.42296E+01-1.68376E+00
 -1       489-4.23697E+00 6.10093E+01-1.58857E+00
 -1       490-6.34705E+00 5.53925E+01-1.43023E+00
 -1       491-8.36284E+00 4.74586E+01-1.21045E+00
 -1       492-1.02205E+01 3.73649E+01-9.32943E-01
 -1       493-1.18674E+01 2.53362E+01-6.03176E-01
 -1       494-1.32642E+01 1.16514E+01-2.27966E-01
 -1       495-1.43876E+01-3.37283E+00 1.84939E-01
 -1       496-1.52319E+01-1.94001E+01 6.27376E-01
 -1       497-1.58104E+01-3.60946E+01 1.09139E+00
 -1       498-1.61574E+01-5.31420E+01 1.56994E+00
 -1       499-1.63245E+01-7.02715E+01 2.05684E+00
 -1       500-1.63784E+01-8.72973E+01 2.54449E+00
 -1       501 0.00000E+00 0.00000E+00 0.00000E+00
 -1       502 6.45655E-01 2.58028E+00-1.28019E-01
 -1       503 1.34903E+00 7.75019E+00-2.83684E-01
 -1       504 1.88494E+00 1.46384E+01-4.66571E-01
 -1       505 2.19497E+00 2.26644E+01-6.80619E-01
 -1       506 2.31746E+00 3.12523E+01-9.13533E-01
 -1       507 2.26336E+00 3.98201E+01-1.14722E+00
 -1       508 2.04788E+00 4.78221E+01-1.36605E+00
 -1       509 1.68906E+00 5.47642E+01-1.55584E+00
 -1       510 1.20813E+00 6.02165E+01-1.70434E+00
 -1       511 6.28878E-01 6.38230E+01-1.80139E+00
 -1       512-2.30326E-02 6.53104E+01-1.83916E+00
 -1       513-7.20865E-01 6.44927E+01-1.81231E+00
 -1       514-1.43775E+00 6.12749E+01-1.71802E+00
 -1       515-2.14763E+00 5.56513E+01-1.55601E+00
 -1       516-2.82630E+00 4.77021E+01-1.32839E+00
 -1       517-3.45235E+00 3.75858E+01-1.03949E+00
 -1       518-4.00811E+00 2.55289E+01-6.95491E-01
 -1       519-4.48048E+00 1.18120E+01-3.04122E-01
 -1       520-4.86171E+00-3.24594E+00 1.25860E-01
 -1       521-5.14998E+00-1.93064E+01 5.85175E-01
 -1       522-5.35004E+00-3.60308E+01 1.06462E+00
 -1       523-5.47346E+00-5.31031E+01 1.55570E+00
 -1       524-5.53503E+00-7.02546E+01 2.05108E+00
 -1       525-5.55694E+00-8.72741E+01 2.54416E+00
 -1       526 0.00000E+00 0.00000E+00 0.00000E+00
 -1       527-6.09078E-01 2.57720E+00-2.23261E-02
 -1       528-1.27261E+00 7.74681E+00-1.68069E-01
 -1       529-1.77816E+00 1.46360E+01-3.86806E-01
 -1       530-2.07062E+00 2.26632E+01-6.40726E-01
 -1       531-2.18617E+00 3.12522E+01-9.08533E-01
 -1       532-2.13514E+00 3.98209E+01-1.17439E+00
 -1       533-1.93186E+00 4.78237E+01-1.42212E+00
 -1       534-1.59337E+00 5.47666E+01-1.63709E+00
 -1       535-1.13969E+00 6.02195E+01-1.80649E+00
 -1       536-5.93252E-01 6.38265E+01-1.91972E+00
 -1       537 2.17278E-02 6.53141E+01-1.96867E+00
 -1       538 6.80028E-01 6.44967E+01-1.94786E+00
 -1       539 1.35630E+00 6.12789E+01-1.85454E+00
 -1       540 2.02597E+00 5.56552E+01-1.68868E+00
 -1       541 2.66619E+00 4.77057E+01-1.45284E+00
 -1       542 3.25677E+00 3.75891E+01-1.15194E+00
 -1       543 3.78105E+00 2.55318E+01-7.92978E-01
 -1       544 4.22666E+00 1.18144E+01-3.84611E-01
 -1       545 4.58629E+00-3.24412E+00 6.33313E-02
 -1       546 4.85823E+00-1.93050E+01 5.40386E-01
 -1       547 5.04696E+00-3.60300E+01 1.03603E+00
 -1       548 5.16339E+00-5.31026E+01 1.54030E+00
 -1       549 5.22147E+00-7.02544E+01 2.04489E+00
 -1       550 5.24214E+00-8.72741E+01 2.54409E+00
 -1       551 0.00000E+00 0.00000E+00 0.00000E+00
 -1       552-1.98974E+00 2.84948E+00 8.59720E-02
 -1       553-4.11555E+00 8.00452E+00-4.82281E-02
 -1       554-5.60497E+00 1.47849E+01-3.03876E-01
 -1       555-6.49952E+00 2.27440E+01-5.98408E-01
 -1       556-6.84264E+00 3.12668E+01-9.03309E-01
 -1       557-6.67382E+00 3.97743E+01-1.20332E+00
 -1       558-6.03598E+00 4.77217E+01-1.48179E+00
 -1       559-4.98182E+00 5.46163E+01-1.72354E+00
 -1       560-3.57297E+00 6.00290E+01-1.91516E+00
 -1       561-1.87869E+00 6.36049E+01-2.04559E+00
 -1       562 2.62092E-02 6.50709E+01-2.10642E+00
 -1       563 2.06376E+00 6.42414E+01-2.09203E+00
 -1       564 4.15556E+00 6.10212E+01-1.99974E+00
 -1       565 6.22557E+00 5.54041E+01-1.82978E+00
 -1       566 8.20303E+00 4.74694E+01-1.58518E+00
 -1       567 1.00254E+01 3.73747E+01-1.27151E+00
 -1       568 1.16408E+01 2.53447E+01-8.96624E-01
 -1       569 1.30109E+01 1.16584E+01-4.70167E-01
 -1       570 1.41127E+01-3.36737E+00-3.10999E-03
 -1       571 1.49406E+01-1.93962E+01 4.92828E-01
 -1       572 1.55078E+01-3.60921E+01 1.00573E+00
 -1       573 1.58477E+01-5.31407E+01 1.52404E+00
 -1       574 1.60112E+01-7.02710E+01 2.03816E+00
 -1       575 1.60638E+01-8.72974E+01 2.54289E+00
 -1       576 0.00000E+00 0.00000E+00 0.00000E+00
 -1       577-4.13043E+00 3.62112E+00 1.96437E-01
 -1       578-7.48168E+00 8.44378E+00 6.97523E-02
 -1       579-9.92887E+00 1.50892E+01-2.17960E-01
 -1       580-1.14024E+01 2.28976E+01-5.53812E-01
 -1       581-1.19451E+01 3.12857E+01-8.97473E-01
 -1       582-1.16210E+01 3.96668E+01-1.23357E+00
 -1       583-1.05028E+01 4.75001E+01-1.54449E+00
 -1       584-8.67932E+00 5.42953E+01-1.81450E+00
 -1       585-6.25527E+00 5.96256E+01-2.02958E+00
 -1       586-3.34845E+00 6.31377E+01-2.17818E+00
 -1       587-8.63329E-02 6.45595E+01-2.25156E+00
 -1       588 3.39809E+00 6.37063E+01-2.24397E+00
 -1       589 6.97089E+00 6.04822E+01-2.15280E+00
 -1       590 1.05021E+01 5.48803E+01-1.97856E+00
 -1       591 1.38705E+01 4.69783E+01-1.72475E+00
 -1       592 1.69688E+01 3.69309E+01-1.39767E+00
 -1       593 1.97080E+01 2.49600E+01-1.00604E+00
 -1       594 2.20218E+01 1.13409E+01-5.60567E-01
 -1       595 2.38699E+01-3.61390E+00-7.34251E-02
 -1       596 2.52417E+01-1.95726E+01 4.42344E-01
 -1       597 2.61579E+01-3.62041E+01 9.73355E-01
 -1       598 2.66732E+01-5.31991E+01 1.50638E+00
 -1       599 2.68833E+01-7.02905E+01 2.03028E+00
 -1       600 2.69343E+01-8.73146E+01 2.53899E+00
 -1       601 0.00000E+00 0.00000E+00 0.00000E+00
 -1       602 4.17806E+00 3.47342E+00-9.10593E-01
 -1       603 7.66979E+00 8.27030E+00-1.06685E+00
 -1       604 1.01261E+01 1.49587E+01-9.96062E-01
 -1       605 1.16253E+01 2.28294E+01-9.55354E-01
 -1       606 1.21823E+01 3.12761E+01-9.46323E-01
 -1       607 1.18544E+01 3.97120E+01-9.57767E-01
 -1       608 1.07145E+01 4.75948E+01-9.76105E-01
 -1       609 8.85340E+00 5.44330E+01-9.91333E-01
 -1       610 6.37822E+00 5.97990E+01-9.94964E-01
 -1       611 3.40937E+00 6.33386E+01-9.79881E-01
 -1       612 7.71441E-02 6.47797E+01-9.40268E-01
 -1       613-3.48258E+00 6.39368E+01-8.71620E-01
 -1       614-7.13295E+00 6.07145E+01-7.70719E-01
 -1       615-1.07412E+01 5.51062E+01-6.35557E-01
 -1       616-1.41835E+01 4.71903E+01-4.65221E-01
 -1       617-1.73503E+01 3.71227E+01-2.59725E-01
 -1       618-2.01507E+01 2.51265E+01-1.97964E-02
 -1       619-2.25169E+01 1.14787E+01 2.53379E-01
 -1       620-2.44081E+01-3.50644E+00 5.58466E-01
 -1       621-2.58133E+01-1.94950E+01 8.94357E-01
 -1       622-2.67538E+01-3.61538E+01 1.26080E+00
 -1       623-2.72846E+01-5.31711E+01 1.65958E+00
 -1       624-2.75005E+01-7.02771E+01 2.09320E+00
 -1       625-2.75515E+01-8.73035E+01 2.55363E+00
 -1       626 0.00000E+00 0.00000E+00 0.00000E+00
 -1       627 2.07486E+00 2.72676E+00-5.88061E-01
 -1       628 4.28698E+00 7.82560E+00-7.49395E-01
 -1       629 5.78746E+00 1.46510E+01-7.75351E-01
 -1       630 6.70776E+00 2.26702E+01-8.40318E-01
 -1       631 7.06665E+00 3.12555E+01-9.33062E-01
 -1       632 6.89505E+00 3.98213E+01-1.03822E+00
 -1       633 6.23688E+00 4.78213E+01-1.14114E+00
 -1       634 5.14668E+00 5.47616E+01-1.23001E+00
 -1       635 3.68851E+00 6.02124E+01-1.29474E+00
 -1       636 1.93416E+00 6.38177E+01-1.32694E+00
 -1       637-3.87949E-02 6.53041E+01-1.31995E+00
 -1       638-2.14959E+00 6.44858E+01-1.26889E+00
 -1       639-4.31696E+00 6.12675E+01-1.17071E+00
 -1       640-6.46214E+00 5.56438E+01-1.02415E+00
 -1       641-8.51186E+00 4.76946E+01-8.29552E-01
 -1       642-1.04013E+01 3.75785E+01-5.88755E-01
 -1       643-1.20768E+01 2.55219E+01-3.04794E-01
 -1       644-1.34988E+01 1.18053E+01 1.83916E-02
 -1       645-1.46434E+01-3.25239E+00 3.76331E-01
 -1       646-1.55051E+01-1.93126E+01 7.64472E-01
 -1       647-1.60975E+01-3.60371E+01 1.17882E+00
 -1       648-1.64547E+01-5.31092E+01 1.61671E+00
 -1       649-1.66278E+01-7.02556E+01 2.07549E+00
 -1       650-1.66836E+01-8.72845E+01 2.54578E+00
 -1       651 0.00000E+00 0.00000E+00 0.00000E+00
 -1       652 6.89911E-01 2.45050E+00-2.52809E-01
 -1       653 1.43608E+00 7.56652E+00-4.09102E-01
 -1       654 1.98141E+00 1.44955E+01-5.47975E-01
 -1       655 2.30577E+00 2.25845E+01-7.22933E-01
 -1       656 2.43564E+00 3.12398E+01-9.19027E-01
 -1       657 2.37969E+00 3.98707E+01-1.11899E+00
 -1       658 2.15336E+00 4.79295E+01-1.30737E+00
 -1       659 1.77579E+00 5.49211E+01-1.47066E+00
 -1       660 1.26936E+00 6.04144E+01-1.59716E+00
 -1       661 6.59179E-01 6.40528E+01-1.67717E+00
 -1       662-2.76973E-02 6.55622E+01-1.70316E+00
 -1       663-7.63086E-01 6.47567E+01-1.66992E+00
 -1       664-1.51866E+00 6.15410E+01-1.57457E+00
 -1       665-2.26698E+00 5.59102E+01-1.41656E+00
 -1       666-2.98252E+00 4.79453E+01-1.19755E+00
 -1       667-3.64274E+00 3.78061E+01-9.21195E-01
 -1       668-4.22901E+00 2.57204E+01-5.92872E-01
 -1       669-4.72757E+00 1.19709E+01-2.19301E-01
 -1       670-5.13026E+00-3.12149E+00 1.91882E-01
 -1       671-5.43521E+00-1.92158E+01 6.32640E-01
 -1       672-5.64747E+00-3.59711E+01 1.09514E+00
 -1       673-5.77906E+00-5.30687E+01 1.57235E+00
 -1       674-5.84508E+00-7.02380E+01 2.05777E+00
 -1       675-5.86844E+00-8.72593E+01 2.54436E+00
 -1       676 0.00000E+00 0.00000E+00 0.00000E+00
 -1       677-5.72833E-01 2.44133E+00 8.63905E-02
 -1       678-1.19390E+00 7.55648E+00-5.78758E-02
 -1       679-1.65154E+00 1.44886E+01-3.14214E-01
 -1       680-1.92325E+00 2.25810E+01-6.03191E-01
 -1       681-2.03290E+00 3.12393E+01-9.03900E-01
 -1       682-1.98688E+00 3.98731E+01-1.19986E+00
 -1       683-1.79809E+00 4.79344E+01-1.47475E+00
 -1       684-1.48257E+00 5.49282E+01-1.71337E+00
 -1       685-1.05907E+00 6.04234E+01-1.90240E+00
 -1       686-5.48621E-01 6.40632E+01-2.03083E+00
 -1       687 2.61235E-02 6.55736E+01-2.09027E+00
 -1       688 6.41571E-01 6.47686E+01-2.07513E+00
 -1       689 1.27401E+00 6.15530E+01-1.98274E+00
 -1       690 1.90047E+00 5.59219E+01-1.81327E+00
 -1       691 2.49961E+00 4.79562E+01-1.56970E+00
 -1       692 3.05255E+00 3.78159E+01-1.25754E+00
 -1       693 3.54372E+00 2.57290E+01-8.84526E-01
 -1       694 3.96162E+00 1.19780E+01-4.60202E-01
 -1       695 4.29945E+00-3.11601E+00 4.60113E-03
 -1       696 4.55566E+00-1.92119E+01 4.98308E-01
 -1       697 4.73452E+00-3.59686E+01 1.00917E+00
 -1       698 4.84608E+00-5.30674E+01 1.52590E+00
 -1       699 4.90246E+00-7.02375E+01 2.03919E+00
 -1       700 4.92271E+00-8.72592E+01 2.54525E+00
 -1       701 0.00000E+00 0.00000E+00 0.00000E+00
 -1       702-1.95732E+00 2.69708E+00 4.29951E-01
 -1       703-4.04412E+00 7.79518E+00 2.94034E-01
 -1       704-5.45959E+00 1.46307E+01-7.82377E-02
 -1       705-6.32776E+00 2.26598E+01-4.81096E-01
 -1       706-6.66632E+00 3.12542E+01-8.89158E-01
 -1       707-6.50444E+00 3.98285E+01-1.28365E+00
 -1       708-5.88355E+00 4.78360E+01-1.64736E+00
 -1       709-4.85512E+00 5.47830E+01-1.96333E+00
 -1       710-3.47955E+00 6.02393E+01-2.21654E+00
 -1       711-1.82459E+00 6.38488E+01-2.39466E+00
 -1       712 3.65971E-02 6.53382E+01-2.48840E+00
 -1       713 2.02781E+00 6.45214E+01-2.49180E+00
 -1       714 4.07240E+00 6.13034E+01-2.40235E+00
 -1       715 6.09606E+00 5.56786E+01-2.22101E+00
 -1       716 8.02966E+00 4.77273E+01-1.95209E+00
 -1       717 9.81204E+00 3.76081E+01-1.60301E+00
 -1       718 1.13927E+01 2.55475E+01-1.18393E+00
 -1       719 1.27341E+01 1.18265E+01-7.07280E-01
 -1       720 1.38139E+01-3.23596E+00-1.87189E-01
 -1       721 1.46267E+01-1.93009E+01 3.61148E-01
 -1       722 1.51855E+01-3.60297E+01 9.21995E-01
 -1       723 1.55226E+01-5.31052E+01 1.47954E+00
 -1       724 1.56858E+01-7.02540E+01 2.02051E+00
 -1       725 1.57385E+01-8.72844E+01 2.54308E+00
 -1       726 0.00000E+00 0.00000E+00 0.00000E+00
 -1       727-4.05085E+00 3.41688E+00 7.77372E-01
 -1       728-7.43090E+00 8.22136E+00 6.36088E-01
 -1       729-9.80541E+00 1.49252E+01 1.60182E-01
 -1       730-1.12525E+01 2.28121E+01-3.56748E-01
 -1       731-1.17888E+01 3.12739E+01-8.74696E-01
 -1       732-1.14700E+01 3.97239E+01-1.37044E+00
 -1       733-1.03667E+01 4.76192E+01-1.82553E+00
 -1       734-8.56652E+00 5.44684E+01-2.22104E+00
 -1       735-6.17303E+00 5.98435E+01-2.54026E+00
 -1       736-3.30258E+00 6.33903E+01-2.76946E+00
 -1       737-8.10920E-02 6.48362E+01-2.89845E+00
 -1       738 3.36009E+00 6.39960E+01-2.92085E+00
 -1       739 6.88869E+00 6.07741E+01-2.83436E+00
 -1       740 1.03763E+01 5.51642E+01-2.64072E+00
 -1       741 1.37033E+01 4.72446E+01-2.34561E+00
 -1       742 1.67638E+01 3.71718E+01-1.95842E+00
 -1       743 1.94698E+01 2.51691E+01-1.49181E+00
 -1       744 2.17557E+01 1.15138E+01-9.61168E-01
 -1       745 2.35821E+01-3.47911E+00-3.84020E-01
 -1       746 2.49383E+01-1.94754E+01 2.20718E-01
 -1       747 2.58449E+01-3.61413E+01 8.33268E-01
 -1       748 2.63547E+01-5.31644E+01 1.43304E+00
 -1       749 2.65601E+01-7.02744E+01 2.00127E+00
 -1       750 2.66076E+01-8.73034E+01 2.53441E+00
 -1       751 0.00000E+00 0.00000E+00 0.00000E+00
 -1       752 4.42642E+00 3.02068E+00-1.74853E+00
 -1       753 7.68453E+00 7.83220E+00-1.60713E+00
 -1       754 1.01137E+01 1.46662E+01-1.38846E+00
 -1       755 1.16259E+01 2.26763E+01-1.15539E+00
 -1       756 1.21973E+01 3.12592E+01-9.68478E-01
 -1       757 1.18766E+01 3.98207E+01-8.13194E-01
 -1       758 1.07365E+01 4.78167E+01-6.81363E-01
 -1       759 8.86904E+00 5.47536E+01-5.65755E-01
 -1       760 6.38226E+00 6.02015E+01-4.60866E-01
 -1       761 3.39752E+00 6.38045E+01-3.61834E-01
 -1       762 4.59971E-02 6.52892E+01-2.64365E-01
 -1       763-3.53551E+00 6.44698E+01-1.64602E-01
 -1       764-7.20928E+00 6.12511E+01-5.90279E-02
 -1       765-1.08417E+01 5.56274E+01 5.56480E-02
 -1       766-1.43083E+01 4.76788E+01 1.82608E-01
 -1       767-1.74988E+01 3.75638E+01 3.25057E-01
 -1       768-2.03219E+01 2.55084E+01 4.86373E-01
 -1       769-2.27097E+01 1.17933E+01 6.70264E-01
 -1       770-2.46211E+01-3.26288E+00 8.80967E-01
 -1       771-2.60457E+01-1.93217E+01 1.12349E+00
 -1       772-2.70052E+01-3.60451E+01 1.40408E+00
 -1       773-2.75550E+01-5.31154E+01 1.73140E+00
 -1       774-2.77866E+01-7.02551E+01 2.11743E+00
 -1       775-2.78433E+01-8.72908E+01 2.55526E+00
 -1       776 0.00000E+00 0.00000E+00 0.00000E+00
 -1       777 2.30183E+00 2.30963E+00-1.07013E+00
 -1       778 4.31752E+00 7.41321E+00-1.07991E+00
 -1       779 5.79138E+00 1.43539E+01-1.00904E+00
 -1       780 6.72755E+00 2.25140E+01-9.63144E-01
 -1       781 7.09926E+00 3.12353E+01-9.49155E-01
 -1       782 6.93338E+00 3.99275E+01-9.54957E-01
 -1       783 6.27318E+00 4.80414E+01-9.68235E-01
 -1       784 5.17449E+00 5.50809E+01-9.79050E-01
 -1       785 3.70234E+00 6.06140E+01-9.79011E-01
 -1       786 1.92953E+00 6.42830E+01-9.61053E-01
 -1       787-6.54092E-02 6.58134E+01-9.19394E-01
 -1       788-2.20069E+00 6.50189E+01-8.49544E-01
 -1       789-4.39408E+00 6.18046E+01-7.48267E-01
 -1       790-6.56589E+00 5.61657E+01-6.13509E-01
 -1       791-8.64203E+00 4.81842E+01-4.44275E-01
 -1       792-1.05570E+01 3.80211E+01-2.40473E-01
 -1       793-1.22566E+01 2.59057E+01-2.69137E-03
 -1       794-1.37009E+01 1.21224E+01 2.68048E-01
 -1       795-1.48660E+01-3.00584E+00 5.70598E-01
 -1       796-1.57465E+01-1.91357E+01 9.04060E-01
 -1       797-1.63567E+01-3.59239E+01 1.26836E+00
 -1       798-1.67312E+01-5.30481E+01 1.66491E+00
 -1       799-1.69182E+01-7.02302E+01 2.09418E+00
 -1       800-1.69794E+01-8.72707E+01 2.54596E+00
 -1       801 0.00000E+00 0.00000E+00 0.00000E+00
 -1       802 8.05391E-01 2.04211E+00-4.30930E-01
 -1       803 1.51371E+00 7.15962E+00-5.26005E-01
 -1       804 2.06537E+00 1.41953E+01-6.33277E-01
 -1       805 2.40572E+00 2.24252E+01-7.66659E-01
 -1       806 2.54412E+00 3.12174E+01-9.25074E-01
 -1       807 2.48712E+00 3.99755E+01-1.08928E+00
 -1       808 2.25097E+00 4.81489E+01-1.24556E+00
 -1       809 1.85580E+00 5.52403E+01-1.38086E+00
 -1       810 1.32521E+00 6.08164E+01-1.48413E+00
 -1       811 6.85530E-01 6.45190E+01-1.54616E+00
 -1       812-3.48104E-02 6.60727E+01-1.55972E+00
 -1       813-8.06241E-01 6.52913E+01-1.51973E+00
 -1       814-1.59904E+00 6.20798E+01-1.42325E+00
 -1       815-2.38442E+00 5.64341E+01-1.26945E+00
 -1       816-3.13561E+00 4.84371E+01-1.05950E+00
 -1       817-3.82897E+00 3.82509E+01-7.96376E-01
 -1       818-4.44500E+00 2.61066E+01-4.84567E-01
 -1       819-4.96927E+00 1.22905E+01-1.29752E-01
 -1       820-5.39329E+00-2.87220E+00 2.61626E-01
 -1       821-5.71516E+00-1.90358E+01 6.82836E-01
 -1       822-5.94026E+00-3.58544E+01 1.12749E+00
 -1       823-6.08108E+00-5.30038E+01 1.58981E+00
 -1       824-6.15242E+00-7.02107E+01 2.06450E+00
 -1       825-6.17705E+00-8.72459E+01 2.54326E+00
 -1       826 0.00000E+00 0.00000E+00 0.00000E+00
 -1       827-5.63416E-01 2.02720E+00 2.19259E-01
 -1       828-1.07532E+00 7.14340E+00 3.32411E-02
 -1       829-1.48348E+00 1.41839E+01-2.46780E-01
 -1       830-1.73742E+00 2.24193E+01-5.68482E-01
 -1       831-1.84397E+00 3.12166E+01-8.98967E-01
 -1       832-1.80594E+00 3.99794E+01-1.22326E+00
 -1       833-1.63533E+00 4.81571E+01-1.52356E+00
 -1       834-1.34706E+00 5.52522E+01-1.78432E+00
 -1       835-9.58571E-01 6.08314E+01-1.99173E+00
 -1       836-4.89310E-01 6.45363E+01-2.13439E+00
 -1       837 3.97804E-02 6.60917E+01-2.20368E+00
 -1       838 6.06925E-01 6.53111E+01-2.19390E+00
 -1       839 1.19025E+00 6.20998E+01-2.10240E+00
 -1       840 1.76860E+00 5.64536E+01-1.92962E+00
 -1       841 2.32230E+00 4.84553E+01-1.67890E+00
 -1       842 2.83400E+00 3.82674E+01-1.35629E+00
 -1       843 3.28941E+00 2.61209E+01-9.70239E-01
 -1       844 3.67801E+00 1.23023E+01-5.31104E-01
 -1       845 3.99365E+00-2.86305E+00-5.06633E-02
 -1       846 4.23506E+00-1.90292E+01 4.58474E-01
 -1       847 4.40641E+00-3.58502E+01 9.83408E-01
 -1       848 4.51698E+00-5.30015E+01 1.51187E+00
 -1       849 4.57595E+00-7.02097E+01 2.03360E+00
 -1       850 4.59758E+00-8.72457E+01 2.54735E+00
 -1       851 0.00000E+00 0.00000E+00 0.00000E+00
 -1       852-2.06195E+00 2.26042E+00 8.69273E-01
 -1       853-3.87732E+00 7.36356E+00 5.99163E-01
 -1       854-5.21035E+00 1.43202E+01 1.37898E-01
 -1       855-6.06064E+00 2.24966E+01-3.67350E-01
 -1       856-6.40048E+00 3.12332E+01-8.74239E-01
 -1       857-6.25345E+00 3.99395E+01-1.36068E+00
 -1       858-5.65864E+00 4.80662E+01-1.80735E+00
 -1       859-4.66669E+00 5.51168E+01-2.19553E+00
 -1       860-3.33646E+00 6.06590E+01-2.50869E+00
 -1       861-1.73387E+00 6.43352E+01-2.73322E+00
 -1       862 7.00220E-02 6.58705E+01-2.85904E+00
 -1       863 2.00122E+00 6.50787E+01-2.87982E+00
 -1       864 3.98533E+00 6.18647E+01-2.79325E+00
 -1       865 5.95030E+00 5.62242E+01-2.60098E+00
 -1       866 7.82910E+00 4.82391E+01-2.30859E+00
 -1       867 9.56250E+00 3.80706E+01-1.92528E+00
 -1       868 1.11016E+01 2.59486E+01-1.46348E+00
 -1       869 1.24103E+01 1.21578E+01-9.38303E-01
 -1       870 1.34670E+01-2.97837E+00-3.66962E-01
 -1       871 1.42671E+01-1.91160E+01 2.31966E-01
 -1       872 1.48234E+01-3.59114E+01 8.39116E-01
 -1       873 1.51676E+01-5.30415E+01 1.43487E+00
 -1       874 1.53423E+01-7.02275E+01 2.00303E+00
 -1       875 1.54006E+01-8.72702E+01 2.54400E+00
 -1       876 0.00000E+00 0.00000E+00 0.00000E+00
 -1       877-4.17566E+00 2.92379E+00 1.57524E+00
 -1       878-7.24920E+00 7.75175E+00 1.15284E+00
 -1       879-9.54072E+00 1.46101E+01 5.35029E-01
 -1       880-1.09673E+01 2.26474E+01-1.65843E-01
 -1       881-1.15063E+01 3.12559E+01-8.53900E-01
 -1       882-1.12038E+01 3.98410E+01-1.50902E+00
 -1       883-1.01283E+01 4.78583E+01-2.10766E+00
 -1       884-8.36660E+00 5.48137E+01-2.62824E+00
 -1       885-6.02070E+00 6.02770E+01-3.05120E+00
 -1       886-3.20505E+00 6.38919E+01-3.36064E+00
 -1       887-4.33913E-02 6.53848E+01-3.54491E+00
 -1       888 3.33522E+00 6.45699E+01-3.59703E+00
 -1       889 6.80087E+00 6.13519E+01-3.51497E+00
 -1       890 1.02275E+01 5.57253E+01-3.30169E+00
 -1       891 1.34977E+01 4.77706E+01-2.96505E+00
 -1       892 1.65075E+01 3.76466E+01-2.51751E+00
 -1       893 1.91707E+01 2.55802E+01-1.97566E+00
 -1       894 2.14232E+01 1.18525E+01-1.35956E+00
 -1       895 2.32263E+01-3.21703E+00-6.92071E-01
 -1       896 2.45702E+01-1.92891E+01 2.05019E-03
 -1       897 2.54753E+01-3.60245E+01 6.96821E-01
 -1       898 2.59940E+01-5.31047E+01 1.36502E+00
 -1       899 2.62125E+01-7.02510E+01 1.97847E+00
 -1       900 2.62659E+01-8.72902E+01 2.53395E+00
 -3
    1PSTEP                         4           1           1          
    1PGM                1.000000E+00                                  
    1PGK                7.667015E+08                                  
    1PHID                         -1                                  
    1PSUBC                         0                                  
    1PMODE                         4                                  
  100CL  104 4406.900960         900                     2    4MODAL      1
 -4  DISP        4    1
 -5  D1          1    2    1    0
 -5  D2          1    2    2    0
 -5  D3          1    2    3    0
 -5  ALL         1    2    0    0    1ALL
 -1         1 0.00000E+00 0.00000E+00 0.00000E+00
 -1         2 4.42642E+00 1.74853E+00 3.02068E+00
 -1         3 7.68453E+00 1.60713E+00 7.83220E+00
 -1         4 1.01137E+01 1.38846E+00 1.46662E+01
 -1         5 1.16259E+01 1.15539E+00 2.26763E+01
 -1         6 1.21973E+01 9.68478E-01 3.12592E+01
 -1         7 1.18766E+01 8.13194E-01 3.98207E+01
 -1         8 1.07365E+01 6.81363E-01 4.78167E+01
 -1         9 8.86904E+00 5.65755E-01 5.47536E+01
 -1        10 6.38226E+00 4.60866E-01 6.02015E+01
 -1        11 3.39752E+00 3.61834E-01 6.38045E+01
 -1        12 4.59971E-02 2.64365E-01 6.52892E+01
 -1        13-3.53551E+00 1.64602E-01 6.44698E+01
 -1        14-7.20928E+00 5.90279E-02 6.12511E+01
 -1        15-1.08417E+01-5.56480E-02 5.56274E+01
 -1        16-1.43083E+01-1.82608E-01 4.76788E+01
 -1        17-1.74988E+01-3.25057E-01 3.75638E+01
 -1        18-2.03219E+01-4.86373E-01 2.55084E+01
 -1        19-2.27097E+01-6.70264E-01 1.17933E+01
 -1        20-2.46211E+01-8.80967E-01-3.26288E+00
 -1        21-2.60457E+01-1.12349E+00-1.93217E+01
 -1        22-2.70052E+01-1.40408E+00-3.60451E+01
 -1        23-2.75550E+01-1.73140E+00-5.31154E+01
 -1        24-2.77866E+01-2.11743E+00-7.02551E+01
 -1        25-2.78433E+01-2.55526E+00-8.72908E+01
 -1        26 0.00000E+00 0.00000E+00 0.00000E+00
 -1        27 4.17806E+00 9.10593E-01 3.47342E+00
 -1        28 7.66979E+00 1.06685E+00 8.27030E+00
 -1        29 1.01261E+01 9.96062E-01 1.49587E+01
 -1        30 1.16253E+01 9.55354E-01 2.28294E+01
 -1        31 1.21823E+01 9.46323E-01 3.12761E+01
 -1        32 1.18544E+01 9.57767E-01 3.97120E+01
 -1        33 1.07145E+01 9.76105E-01 4.75948E+01
 -1        34 8.85340E+00 9.91333E-01 5.44330E+01
 -1        35 6.37822E+00 9.94964E-01 5.97990E+01
 -1        36 3.40937E+00 9.79881E-01 6.33386E+01
 -1        37 7.71441E-02 9.40268E-01 6.47797E+01
 -1        38-3.48258E+00 8.71620E-01 6.39368E+01
 -1        39-7.13295E+00 7.70719E-01 6.07145E+01
 -1        40-1.07412E+01 6.35557E-01 5.51062E+01
 -1        41-1.41835E+01 4.65221E-01 4.71903E+01
 -1        42-1.73503E+01 2.59725E-01 3.71227E+01
 -1        43-2.01507E+01 1.97964E-02 2.51265E+01
 -1        44-2.25169E+01-2.53379E-01 1.14787E+01
 -1        45-2.44081E+01-5.58466E-01-3.50644E+00
 -1        46-2.58133E+01-8.94357E-01-1.94950E+01
 -1        47-2.67538E+01-1.26080E+00-3.61538E+01
 -1        48-2.72846E+01-1.65958E+00-5.31711E+01
 -1        49-2.75005E+01-2.09320E+00-7.02771E+01
 -1        50-2.75515E+01-2.55363E+00-8.73035E+01
 -1        51 0.00000E+00 0.00000E+00 0.00000E+00
 -1        52 4.17033E+00 3.15061E-01 3.64008E+00
 -1        53 7.55715E+00 4.86700E-01 8.46008E+00
 -1        54 1.00323E+01 6.09324E-01 1.51004E+01
 -1        55 1.15232E+01 7.53449E-01 2.29033E+01
 -1        56 1.20730E+01 9.22540E-01 3.12865E+01
 -1        57 1.17462E+01 1.09719E+00 3.96629E+01
 -1        58 1.06161E+01 1.26293E+00 4.74920E+01
 -1        59 8.77268E+00 1.40646E+00 5.42836E+01
 -1        60 6.32184E+00 1.51657E+00 5.96108E+01
 -1        61 3.38270E+00 1.58390E+00 6.31205E+01
 -1        62 8.41585E-02 1.60116E+00 6.45408E+01
 -1        63-3.43928E+00 1.56322E+00 6.36866E+01
 -1        64-7.05220E+00 1.46716E+00 6.04624E+01
 -1        65-1.06231E+01 1.31223E+00 5.48611E+01
 -1        66-1.40296E+01 1.09976E+00 4.69602E+01
 -1        67-1.71630E+01 8.32911E-01 3.69146E+01
 -1        68-1.99335E+01 5.16442E-01 2.49459E+01
 -1        69-2.22738E+01 1.56336E-01 1.13292E+01
 -1        70-2.41436E+01-2.40613E-01-3.62300E+00
 -1        71-2.55318E+01-6.67290E-01-1.95791E+01
 -1        72-2.64595E+01-1.11690E+00-3.62083E+01
 -1        73-2.69821E+01-1.58379E+00-5.32014E+01
 -1        74-2.71961E+01-2.06311E+00-7.02914E+01
 -1        75-2.72484E+01-2.54762E+00-8.73145E+01
 -1        76 0.00000E+00 0.00000E+00 0.00000E+00
 -1        77 4.13043E+00-1.96437E-01 3.62112E+00
 -1        78 7.48168E+00-6.97523E-02 8.44378E+00
 -1        79 9.92887E+00 2.17960E-01 1.50892E+01
 -1        80 1.14024E+01 5.53812E-01 2.28976E+01
 -1        81 1.19451E+01 8.97473E-01 3.12857E+01
 -1        82 1.16210E+01 1.23357E+00 3.96668E+01
 -1        83 1.05028E+01 1.54449E+00 4.75001E+01
 -1        84 8.67932E+00 1.81450E+00 5.42953E+01
 -1        85 6.25527E+00 2.02958E+00 5.96256E+01
 -1        86 3.34845E+00 2.17818E+00 6.31377E+01
 -1        87 8.63329E-02 2.25156E+00 6.45595E+01
 -1        88-3.39809E+00 2.24397E+00 6.37063E+01
 -1        89-6.97089E+00 2.15280E+00 6.04822E+01
 -1        90-1.05021E+01 1.97856E+00 5.48803E+01
 -1        91-1.38705E+01 1.72475E+00 4.69783E+01
 -1        92-1.69688E+01 1.39767E+00 3.69309E+01
 -1        93-1.97080E+01 1.00604E+00 2.49600E+01
 -1        94-2.20218E+01 5.60567E-01 1.13409E+01
 -1        95-2.38699E+01 7.34251E-02-3.61390E+00
 -1        96-2.52417E+01-4.42344E-01-1.95726E+01
 -1        97-2.61579E+01-9.73355E-01-3.62041E+01
 -1        98-2.66732E+01-1.50638E+00-5.31991E+01
 -1        99-2.68833E+01-2.03028E+00-7.02905E+01
 -1       100-2.69343E+01-2.53899E+00-8.73146E+01
 -1       101 0.00000E+00 0.00000E+00 0.00000E+00
 -1       102 4.05085E+00-7.77372E-01 3.41688E+00
 -1       103 7.43090E+00-6.36088E-01 8.22136E+00
 -1       104 9.80541E+00-1.60182E-01 1.49252E+01
 -1       105 1.12525E+01 3.56748E-01 2.28121E+01
 -1       106 1.17888E+01 8.74696E-01 3.12739E+01
 -1       107 1.14700E+01 1.37044E+00 3.97239E+01
 -1       108 1.03667E+01 1.82553E+00 4.76192E+01
 -1       109 8.56652E+00 2.22104E+00 5.44684E+01
 -1       110 6.17303E+00 2.54026E+00 5.98435E+01
 -1       111 3.30258E+00 2.76946E+00 6.33903E+01
 -1       112 8.10920E-02 2.89845E+00 6.48362E+01
 -1       113-3.36009E+00 2.92085E+00 6.39960E+01
 -1       114-6.88869E+00 2.83436E+00 6.07741E+01
 -1       115-1.03763E+01 2.64072E+00 5.51642E+01
 -1       116-1.37033E+01 2.34561E+00 4.72446E+01
 -1       117-1.67638E+01 1.95842E+00 3.71718E+01
 -1       118-1.94698E+01 1.49181E+00 2.51691E+01
 -1       119-2.17557E+01 9.61168E-01 1.15138E+01
 -1       120-2.35821E+01 3.84020E-01-3.47911E+00
 -1       121-2.49383E+01-2.20718E-01-1.94754E+01
 -1       122-2.58449E+01-8.33268E-01-3.61413E+01
 -1       123-2.63547E+01-1.43304E+00-5.31644E+01
 -1       124-2.65601E+01-2.00127E+00-7.02744E+01
 -1       125-2.66076E+01-2.53441E+00-8.73034E+01
 -1       126 0.00000E+00 0.00000E+00 0.00000E+00
 -1       127 4.17566E+00-1.57524E+00 2.92379E+00
 -1       128 7.24920E+00-1.15284E+00 7.75175E+00
 -1       129 9.54072E+00-5.35029E-01 1.46101E+01
 -1       130 1.09673E+01 1.65843E-01 2.26474E+01
 -1       131 1.15063E+01 8.53900E-01 3.12559E+01
 -1       132 1.12038E+01 1.50902E+00 3.98410E+01
 -1       133 1.01283E+01 2.10766E+00 4.78583E+01
 -1       134 8.36660E+00 2.62824E+00 5.48137E+01
 -1       135 6.02070E+00 3.05120E+00 6.02770E+01
 -1       136 3.20505E+00 3.36064E+00 6.38919E+01
 -1       137 4.33913E-02 3.54491E+00 6.53848E+01
 -1       138-3.33522E+00 3.59703E+00 6.45699E+01
 -1       139-6.80087E+00 3.51497E+00 6.13519E+01
 -1       140-1.02275E+01 3.30169E+00 5.57253E+01
 -1       141-1.34977E+01 2.96505E+00 4.77706E+01
 -1       142-1.65075E+01 2.51751E+00 3.76466E+01
 -1       143-1.91707E+01 1.97566E+00 2.55802E+01
 -1       144-2.14232E+01 1.35956E+00 1.18525E+01
 -1       145-2.32263E+01 6.92071E-01-3.21703E+00
 -1       146-2.45702E+01-2.05019E-03-1.92891E+01
 -1       147-2.54753E+01-6.96821E-01-3.60245E+01
 -1       148-2.59940E+01-1.36502E+00-5.31047E+01
 -1       149-2.62125E+01-1.97847E+00-7.02510E+01
 -1       150-2.62659E+01-2.53395E+00-8.72902E+01
 -1       151 0.00000E+00 0.00000E+00 0.00000E+00
 -1       152 2.30183E+00 1.07013E+00 2.30963E+00
 -1       153 4.31752E+00 1.07991E+00 7.41321E+00
 -1       154 5.79138E+00 1.00904E+00 1.43539E+01
 -1       155 6.72755E+00 9.63144E-01 2.25140E+01
 -1       156 7.09926E+00 9.49155E-01 3.12353E+01
 -1       157 6.93338E+00 9.54957E-01 3.99275E+01
 -1       158 6.27318E+00 9.68235E-01 4.80414E+01
 -1       159 5.17449E+00 9.79050E-01 5.50809E+01
 -1       160 3.70234E+00 9.79011E-01 6.06140E+01
 -1       161 1.92953E+00 9.61053E-01 6.42830E+01
 -1       162-6.54092E-02 9.19394E-01 6.58134E+01
 -1       163-2.20069E+00 8.49544E-01 6.50189E+01
 -1       164-4.39408E+00 7.48267E-01 6.18046E+01
 -1       165-6.56589E+00 6.13509E-01 5.61657E+01
 -1       166-8.64203E+00 4.44275E-01 4.81842E+01
 -1       167-1.05570E+01 2.40473E-01 3.80211E+01
 -1       168-1.22566E+01 2.69137E-03 2.59057E+01
 -1       169-1.37009E+01-2.68048E-01 1.21224E+01
 -1       170-1.48660E+01-5.70598E-01-3.00584E+00
 -1       171-1.57465E+01-9.04060E-01-1.91357E+01
 -1       172-1.63567E+01-1.26836E+00-3.59239E+01
 -1       173-1.67312E+01-1.66491E+00-5.30481E+01
 -1       174-1.69182E+01-2.09418E+00-7.02302E+01
 -1       175-1.69794E+01-2.54596E+00-8.72707E+01
 -1       176 0.00000E+00 0.00000E+00 0.00000E+00
 -1       177 2.07486E+00 5.88061E-01 2.72676E+00
 -1       178 4.28698E+00 7.49395E-01 7.82560E+00
 -1       179 5.78746E+00 7.75351E-01 1.46510E+01
 -1       180 6.70776E+00 8.40318E-01 2.26702E+01
 -1       181 7.06665E+00 9.33062E-01 3.12555E+01
 -1       182 6.89505E+00 1.03822E+00 3.98213E+01
 -1       183 6.23688E+00 1.14114E+00 4.78213E+01
 -1       184 5.14668E+00 1.23001E+00 5.47616E+01
 -1       185 3.68851E+00 1.29474E+00 6.02124E+01
 -1       186 1.93416E+00 1.32694E+00 6.38177E+01
 -1       187-3.87949E-02 1.31995E+00 6.53041E+01
 -1       188-2.14959E+00 1.26889E+00 6.44858E+01
 -1       189-4.31696E+00 1.17071E+00 6.12675E+01
 -1       190-6.46214E+00 1.02415E+00 5.56438E+01
 -1       191-8.51186E+00 8.29552E-01 4.76946E+01
 -1       192-1.04013E+01 5.88755E-01 3.75785E+01
 -1       193-1.20768E+01 3.04794E-01 2.55219E+01
 -1       194-1.34988E+01-1.83916E-02 1.18053E+01
 -1       195-1.46434E+01-3.76331E-01-3.25239E+00
 -1       196-1.55051E+01-7.64472E-01-1.93126E+01
 -1       197-1.60975E+01-1.17882E+00-3.60371E+01
 -1       198-1.64547E+01-1.61671E+00-5.31092E+01
 -1       199-1.66278E+01-2.07549E+00-7.02556E+01
 -1       200-1.66836E+01-2.54578E+00-8.72845E+01
 -1       201 0.00000E+00 0.00000E+00 0.00000E+00
 -1       202 2.02655E+00 2.28574E-01 2.85937E+00
 -1       203 4.19222E+00 3.92622E-01 8.01476E+00
 -1       204 5.71088E+00 5.41037E-01 1.47917E+01
 -1       205 6.62280E+00 7.18211E-01 2.27475E+01
 -1       206 6.97290E+00 9.18018E-01 3.12672E+01
 -1       207 6.80111E+00 1.12129E+00 3.97719E+01
 -1       208 6.15117E+00 1.31274E+00 4.77168E+01
 -1       209 5.07680E+00 1.47868E+00 5.46092E+01
 -1       210 3.64084E+00 1.60739E+00 6.00201E+01
 -1       211 1.91390E+00 1.68912E+00 6.35946E+01
 -1       212-2.77782E-02 1.71632E+00 6.50596E+01
 -1       213-2.10471E+00 1.68376E+00 6.42296E+01
 -1       214-4.23697E+00 1.58857E+00 6.10093E+01
 -1       215-6.34705E+00 1.43023E+00 5.53925E+01
 -1       216-8.36284E+00 1.21045E+00 4.74586E+01
 -1       217-1.02205E+01 9.32943E-01 3.73649E+01
 -1       218-1.18674E+01 6.03176E-01 2.53362E+01
 -1       219-1.32642E+01 2.27966E-01 1.16514E+01
 -1       220-1.43876E+01-1.84939E-01-3.37283E+00
 -1       221-1.52319E+01-6.27376E-01-1.94001E+01
 -1       222-1.58104E+01-1.09139E+00-3.60946E+01
 -1       223-1.61574E+01-1.56994E+00-5.31420E+01
 -1       224-1.63245E+01-2.05684E+00-7.02715E+01
 -1       225-1.63784E+01-2.54449E+00-8.72973E+01
 -1       226 0.00000E+00 0.00000E+00 0.00000E+00
 -1       227 1.98974E+00-8.59720E-02 2.84948E+00
 -1       228 4.11555E+00 4.82281E-02 8.00452E+00
 -1       229 5.60497E+00 3.03876E-01 1.47849E+01
 -1       230 6.49952E+00 5.98408E-01 2.27440E+01
 -1       231 6.84264E+00 9.03309E-01 3.12668E+01
 -1       232 6.67382E+00 1.20332E+00 3.97743E+01
 -1       233 6.03598E+00 1.48179E+00 4.77217E+01
 -1       234 4.98182E+00 1.72354E+00 5.46163E+01
 -1       235 3.57297E+00 1.91516E+00 6.00290E+01
 -1       236 1.87869E+00 2.04559E+00 6.36049E+01
 -1       237-2.62092E-02 2.10642E+00 6.50709E+01
 -1       238-2.06376E+00 2.09203E+00 6.42414E+01
 -1       239-4.15556E+00 1.99974E+00 6.10212E+01
 -1       240-6.22557E+00 1.82978E+00 5.54041E+01
 -1       241-8.20303E+00 1.58518E+00 4.74694E+01
 -1       242-1.00254E+01 1.27151E+00 3.73747E+01
 -1       243-1.16408E+01 8.96624E-01 2.53447E+01
 -1       244-1.30109E+01 4.70167E-01 1.16584E+01
 -1       245-1.41127E+01 3.10999E-03-3.36737E+00
 -1       246-1.49406E+01-4.92828E-01-1.93962E+01
 -1       247-1.55078E+01-1.00573E+00-3.60921E+01
 -1       248-1.58477E+01-1.52404E+00-5.31407E+01
 -1       249-1.60112E+01-2.03816E+00-7.02710E+01
 -1       250-1.60638E+01-2.54289E+00-8.72974E+01
 -1       251 0.00000E+00 0.00000E+00 0.00000E+00
 -1       252 1.95732E+00-4.29951E-01 2.69708E+00
 -1       253 4.04412E+00-2.94034E-01 7.79518E+00
 -1       254 5.45959E+00 7.82377E-02 1.46307E+01
 -1       255 6.32776E+00 4.81096E-01 2.26598E+01
 -1       256 6.66632E+00 8.89158E-01 3.12542E+01
 -1       257 6.50444E+00 1.28365E+00 3.98285E+01
 -1       258 5.88355E+00 1.64736E+00 4.78360E+01
 -1       259 4.85512E+00 1.96333E+00 5.47830E+01
 -1       260 3.47955E+00 2.21654E+00 6.02393E+01
 -1       261 1.82459E+00 2.39466E+00 6.38488E+01
 -1       262-3.65971E-02 2.48840E+00 6.53382E+01
 -1       263-2.02781E+00 2.49180E+00 6.45214E+01
 -1       264-4.07240E+00 2.40235E+00 6.13034E+01
 -1       265-6.09606E+00 2.22101E+00 5.56786E+01
 -1       266-8.02966E+00 1.95209E+00 4.77273E+01
 -1       267-9.81204E+00 1.60301E+00 3.76081E+01
 -1       268-1.13927E+01 1.18393E+00 2.55475E+01
 -1       269-1.27341E+01 7.07280E-01 1.18265E+01
 -1       270-1.38139E+01 1.87189E-01-3.23596E+00
 -1       271-1.46267E+01-3.61148E-01-1.93009E+01
 -1       272-1.51855E+01-9.21995E-01-3.60297E+01
 -1       273-1.55226E+01-1.47954E+00-5.31052E+01
 -1       274-1.56858E+01-2.02051E+00-7.02540E+01
 -1       275-1.57385E+01-2.54308E+00-8.72844E+01
 -1       276 0.00000E+00 0.00000E+00 0.00000E+00
 -1       277 2.06195E+00-8.69273E-01 2.26042E+00
 -1       278 3.87732E+00-5.99163E-01 7.36356E+00
 -1       279 5.21035E+00-1.37898E-01 1.43202E+01
 -1       280 6.06064E+00 3.67350E-01 2.24966E+01
 -1       281 6.40048E+00 8.74239E-01 3.12332E+01
 -1       282 6.25345E+00 1.36068E+00 3.99395E+01
 -1       283 5.65864E+00 1.80735E+00 4.80662E+01
 -1       284 4.66669E+00 2.19553E+00 5.51168E+01
 -1       285 3.33646E+00 2.50869E+00 6.06590E+01
 -1       286 1.73387E+00 2.73322E+00 6.43352E+01
 -1       287-7.00220E-02 2.85904E+00 6.58705E+01
 -1       288-2.00122E+00 2.87982E+00 6.50787E+01
 -1       289-3.98533E+00 2.79325E+00 6.18647E+01
 -1       290-5.95030E+00 2.60098E+00 5.62242E+01
 -1       291-7.82910E+00 2.30859E+00 4.82391E+01
 -1       292-9.56250E+00 1.92528E+00 3.80706E+01
 -1       293-1.11016E+01 1.46348E+00 2.59486E+01
 -1       294-1.24103E+01 9.38303E-01 1.21578E+01
 -1       295-1.34670E+01 3.66962E-01-2.97837E+00
 -1       296-1.42671E+01-2.31966E-01-1.91160E+01
 -1       297-1.48234E+01-8.39116E-01-3.59114E+01
 -1       298-1.51676E+01-1.43487E+00-5.30415E+01
 -1       299-1.53423E+01-2.00303E+00-7.02275E+01
 -1       300-1.54006E+01-2.54400E+00-8.72702E+01
 -1       301 0.00000E+00 0.00000E+00 0.00000E+00
 -1       302 8.05391E-01 4.30930E-01 2.04211E+00
 -1       303 1.51371E+00 5.26005E-01 7.15962E+00
 -1       304 2.06537E+00 6.33277E-01 1.41953E+01
 -1       305 2.40572E+00 7.66659E-01 2.24252E+01
 -1       306 2.54412E+00 9.25074E-01 3.12174E+01
 -1       307 2.48712E+00 1.08928E+00 3.99755E+01
 -1       308 2.25097E+00 1.24556E+00 4.81489E+01
 -1       309 1.85580E+00 1.38086E+00 5.52403E+01
 -1       310 1.32521E+00 1.48413E+00 6.08164E+01
 -1       311 6.85530E-01 1.54616E+00 6.45190E+01
 -1       312-3.48104E-02 1.55972E+00 6.60727E+01
 -1       313-8.06241E-01 1.51973E+00 6.52913E+01
 -1       314-1.59904E+00 1.42325E+00 6.20798E+01
 -1       315-2.38442E+00 1.26945E+00 5.64341E+01
 -1       316-3.13561E+00 1.05950E+00 4.84371E+01
 -1       317-3.82897E+00 7.96376E-01 3.82509E+01
 -1       318-4.44500E+00 4.84567E-01 2.61066E+01
 -1       319-4.96927E+00 1.29752E-01 1.22905E+01
 -1       320-5.39329E+00-2.61626E-01-2.87220E+00
 -1       321-5.71516E+00-6.82836E-01-1.90358E+01
 -1       322-5.94026E+00-1.12749E+00-3.58544E+01
 -1       323-6.08108E+00-1.58981E+00-5.30038E+01
 -1       324-6.15242E+00-2.06450E+00-7.02107E+01
 -1       325-6.17705E+00-2.54326E+00-8.72459E+01
 -1       326 0.00000E+00 0.00000E+00 0.00000E+00
 -1       327 6.89911E-01 2.52809E-01 2.45050E+00
 -1       328 1.43608E+00 4.09102E-01 7.56652E+00
 -1       329 1.98141E+00 5.47975E-01 1.44955E+01
 -1       330 2.30577E+00 7.22933E-01 2.25845E+01
 -1       331 2.43564E+00 9.19027E-01 3.12398E+01
 -1       332 2.37969E+00 1.11899E+00 3.98707E+01
 -1       333 2.15336E+00 1.30737E+00 4.79295E+01
 -1       334 1.77579E+00 1.47066E+00 5.49211E+01
 -1       335 1.26936E+00 1.59716E+00 6.04144E+01
 -1       336 6.59179E-01 1.67717E+00 6.40528E+01
 -1       337-2.76973E-02 1.70316E+00 6.55622E+01
 -1       338-7.63086E-01 1.66992E+00 6.47567E+01
 -1       339-1.51866E+00 1.57457E+00 6.15410E+01
 -1       340-2.26698E+00 1.41656E+00 5.59102E+01
 -1       341-2.98252E+00 1.19755E+00 4.79453E+01
 -1       342-3.64274E+00 9.21195E-01 3.78061E+01
 -1       343-4.22901E+00 5.92872E-01 2.57204E+01
 -1       344-4.72757E+00 2.19301E-01 1.19709E+01
 -1       345-5.13026E+00-1.91882E-01-3.12149E+00
 -1       346-5.43521E+00-6.32640E-01-1.92158E+01
 -1       347-5.64747E+00-1.09514E+00-3.59711E+01
 -1       348-5.77906E+00-1.57235E+00-5.30687E+01
 -1       349-5.84508E+00-2.05777E+00-7.02380E+01
 -1       350-5.86844E+00-2.54436E+00-8.72593E+01
 -1       351 0.00000E+00 0.00000E+00 0.00000E+00
 -1       352 6.45655E-01 1.28019E-01 2.58028E+00
 -1       353 1.34903E+00 2.83684E-01 7.75019E+00
 -1       354 1.88494E+00 4.66571E-01 1.46384E+01
 -1       355 2.19497E+00 6.80619E-01 2.26644E+01
 -1       356 2.31746E+00 9.13533E-01 3.12523E+01
 -1       357 2.26336E+00 1.14722E+00 3.98201E+01
 -1       358 2.04788E+00 1.36605E+00 4.78221E+01
 -1       359 1.68906E+00 1.55584E+00 5.47642E+01
 -1       360 1.20813E+00 1.70434E+00 6.02165E+01
 -1       361 6.28878E-01 1.80139E+00 6.38230E+01
 -1       362-2.30326E-02 1.83916E+00 6.53104E+01
 -1       363-7.20865E-01 1.81231E+00 6.44927E+01
 -1       364-1.43775E+00 1.71802E+00 6.12749E+01
 -1       365-2.14763E+00 1.55601E+00 5.56513E+01
 -1       366-2.82630E+00 1.32839E+00 4.77021E+01
 -1       367-3.45235E+00 1.03949E+00 3.75858E+01
 -1       368-4.00811E+00 6.95491E-01 2.55289E+01
 -1       369-4.48048E+00 3.04122E-01 1.18120E+01
 -1       370-4.86171E+00-1.25860E-01-3.24594E+00
 -1       371-5.14998E+00-5.85175E-01-1.93064E+01
 -1       372-5.35004E+00-1.06462E+00-3.60308E+01
 -1       373-5.47346E+00-1.55570E+00-5.31031E+01
 -1       374-5.53503E+00-2.05108E+00-7.02546E+01
 -1       375-5.55694E+00-2.54416E+00-8.72741E+01
 -1       376 0.00000E+00 0.00000E+00 0.00000E+00
 -1       377 6.09078E-01 2.23261E-02 2.57720E+00
 -1       378 1.27261E+00 1.68069E-01 7.74681E+00
 -1       379 1.77816E+00 3.86806E-01 1.46360E+01
 -1       380 2.07062E+00 6.40726E-01 2.26632E+01
 -1       381 2.18617E+00 9.08533E-01 3.12522E+01
 -1       382 2.13514E+00 1.17439E+00 3.98209E+01
 -1       383 1.93186E+00 1.42212E+00 4.78237E+01
 -1       384 1.59337E+00 1.63709E+00 5.47666E+01
 -1       385 1.13969E+00 1.80649E+00 6.02195E+01
 -1       386 5.93252E-01 1.91972E+00 6.38265E+01
 -1       387-2.17278E-02 1.96867E+00 6.53141E+01
 -1       388-6.80028E-01 1.94786E+00 6.44967E+01
 -1       389-1.35630E+00 1.85454E+00 6.12789E+01
 -1       390-2.02597E+00 1.68868E+00 5.56552E+01
 -1       391-2.66619E+00 1.45284E+00 4.77057E+01
 -1       392-3.25677E+00 1.15194E+00 3.75891E+01
 -1       393-3.78105E+00 7.92978E-01 2.55318E+01
 -1       394-4.22666E+00 3.84611E-01 1.18144E+01
 -1       395-4.58629E+00-6.33313E-02-3.24412E+00
 -1       396-4.85823E+00-5.40386E-01-1.93050E+01
 -1       397-5.04696E+00-1.03603E+00-3.60300E+01
 -1       398-5.16339E+00-1.54030E+00-5.31026E+01
 -1       399-5.22147E+00-2.04489E+00-7.02544E+01
 -1       400-5.24214E+00-2.54409E+00-8.72741E+01
 -1       401 0.00000E+00 0.00000E+00 0.00000E+00
 -1       402 5.72833E-01-8.63905E-02 2.44133E+00
 -1       403 1.19390E+00 5.78758E-02 7.55648E+00
 -1       404 1.65154E+00 3.14214E-01 1.44886E+01
 -1       405 1.92325E+00 6.03191E-01 2.25810E+01
 -1       406 2.03290E+00 9.03900E-01 3.12393E+01
 -1       407 1.98688E+00 1.19986E+00 3.98731E+01
 -1       408 1.79809E+00 1.47475E+00 4.79344E+01
 -1       409 1.48257E+00 1.71337E+00 5.49282E+01
 -1       410 1.05907E+00 1.90240E+00 6.04234E+01
 -1       411 5.48621E-01 2.03083E+00 6.40632E+01
 -1       412-2.61235E-02 2.09027E+00 6.55736E+01
 -1       413-6.41571E-01 2.07513E+00 6.47686E+01
 -1       414-1.27401E+00 1.98274E+00 6.15530E+01
 -1       415-1.90047E+00 1.81327E+00 5.59219E+01
 -1       416-2.49961E+00 1.56970E+00 4.79562E+01
 -1       417-3.05255E+00 1.25754E+00 3.78159E+01
 -1       418-3.54372E+00 8.84526E-01 2.57290E+01
 -1       419-3.96162E+00 4.60202E-01 1.19780E+01
 -1       420-4.29945E+00-4.60113E-03-3.11601E+00
 -1       421-4.55566E+00-4.98308E-01-1.92119E+01
 -1       422-4.73452E+00-1.00917E+00-3.59686E+01
 -1       423-4.84608E+00-1.52590E+00-5.30674E+01
 -1       424-4.90246E+00-2.03919E+00-7.02375E+01
 -1       425-4.92271E+00-2.54525E+00-8.72592E+01
 -1       426 0.00000E+00 0.00000E+00 0.00000E+00
 -1       427 5.63416E-01-2.19259E-01 2.02720E+00
 -1       428 1.07532E+00-3.32411E-02 7.14340E+00
 -1       429 1.48348E+00 2.46780E-01 1.41839E+01
 -1       430 1.73742E+00 5.68482E-01 2.24193E+01
 -1       431 1.84397E+00 8.98967E-01 3.12166E+01
 -1       432 1.80594E+00 1.22326E+00 3.99794E+01
 -1       433 1.63533E+00 1.52356E+00 4.81571E+01
 -1       434 1.34706E+00 1.78432E+00 5.52522E+01
 -1       435 9.58571E-01 1.99173E+00 6.08314E+01
 -1       436 4.89310E-01 2.13439E+00 6.45363E+01
 -1       437-3.97804E-02 2.20368E+00 6.60917E+01
 -1       438-6.06925E-01 2.19390E+00 6.53111E+01
 -1       439-1.19025E+00 2.10240E+00 6.20998E+01
 -1       440-1.76860E+00 1.92962E+00 5.64536E+01
 -1       441-2.32230E+00 1.67890E+00 4.84553E+01
 -1       442-2.83400E+00 1.35629E+00 3.82674E+01
 -1       443-3.28941E+00 9.70239E-01 2.61209E+01
 -1       444-3.67801E+00 5.31104E-01 1.23023E+01
 -1       445-3.99365E+00 5.06633E-02-2.86305E+00
 -1       446-4.23506E+00-4.58474E-01-1.90292E+01
 -1       447-4.40641E+00-9.83408E-01-3.58502E+01
 -1       448-4.51698E+00-1.51187E+00-5.30015E+01
 -1       449-4.57595E+00-2.03360E+00-7.02097E+01
 -1       450-4.59758E+00-2.54735E+00-8.72457E+01
 -1       451 0.00000E+00 0.00000E+00 0.00000E+00
 -1       452-5.63416E-01-2.19259E-01 2.02720E+00
 -1       453-1.07532E+00-3.32411E-02 7.14340E+00
 -1       454-1.48348E+00 2.46780E-01 1.41839E+01
 -1       455-1.73742E+00 5.68482E-01 2.24193E+01
 -1       456-1.84397E+00 8.98967E-01 3.12166E+01
 -1       457-1.80594E+00 1.22326E+00 3.99794E+01
 -1       458-1.63533E+00 1.52356E+00 4.81571E+01
 -1       459-1.34706E+00 1.78432E+00 5.52522E+01
 -1       460-9.58571E-01 1.99173E+00 6.08314E+01
 -1       461-4.89310E-01 2.13439E+00 6.45363E+01
 -1       462 3.97804E-02 2.20368E+00 6.60917E+01
 -1       463 6.06925E-01 2.19390E+00 6.53111E+01
 -1       464 1.19025E+00 2.10240E+00 6.20998E+01
 -1       465 1.76860E+00 1.92962E+00 5.64536E+01
 -1       466 2.32230E+00 1.67890E+00 4.84553E+01
 -1       467 2.83400E+00 1.35629E+00 3.82674E+01
 -1       468 3.28941E+00 9.70239E-01 2.61209E+01
 -1       469 3.67801E+00 5.31104E-01 1.23023E+01
 -1       470 3.99365E+00 5.06633E-02-2.86305E+00
 -1       471 4.23506E+00-4.58474E-01-1.90292E+01
 -1       472 4.40641E+00-9.83408E-01-3.58502E+01
 -1       473 4.51698E+00-1.51187E+00-5.30015E+01
 -1       474 4.57595E+00-2.03360E+00-7.02097E+01
 -1       475 4.59758E+00-2.54735E+00-8.72457E+01
 -1       476 0.00000E+00 0.00000E+00 0.00000E+00
 -1       477-5.72833E-01-8.63905E-02 2.44133E+00
 -1       478-1.19390E+00 5.78758E-02 7.55648E+00
 -1       479-1.65154E+00 3.14214E-01 1.44886E+01
 -1       480-1.92325E+00 6.03191E-01 2.25810E+01
 -1       481-2.03290E+00 9.03900E-01 3.12393E+01
 -1       482-1.98688E+00 1.19986E+00 3.98731E+01
 -1       483-1.79809E+00 1.47475E+00 4.79344E+01
 -1       484-1.48257E+00 1.71337E+00 5.49282E+01
 -1       485-1.05907E+00 1.90240E+00 6.04234E+01
 -1       486-5.48621E-01 2.03083E+00 6.40632E+01
 -1       487 2.61235E-02 2.09027E+00 6.55736E+01
 -1       488 6.41571E-01 2.07513E+00 6.47686E+01
 -1       489 1.27401E+00 1.98274E+00 6.15530E+01
 -1       490 1.90047E+00 1.81327E+00 5.59219E+01
 -1       491 2.49961E+00 1.56970E+00 4.79562E+01
 -1       492 3.05255E+00 1.25754E+00 3.78159E+01
 -1       493 3.54372E+00 8.84526E-01 2.57290E+01
 -1       494 3.96162E+00 4.60202E-01 1.19780E+01
 -1       495 4.29945E+00-4.60113E-03-3.11601E+00
 -1       496 4.55566E+00-4.98308E-01-1.92119E+01
 -1       497 4.73452E+00-1.00917E+00-3.59686E+01
 -1       498 4.84608E+00-1.52590E+00-5.30674E+01
 -1       499 4.90246E+00-2.03919E+00-7.02375E+01
 -1       500 4.92271E+00-2.54525E+00-8.72592E+01
 -1       501 0.00000E+00 0.00000E+00 0.00000E+00
 -1       502-6.09078E-01 2.23261E-02 2.57720E+00
 -1       503-1.27261E+00 1.68069E-01 7.74681E+00
 -1       504-1.77816E+00 3.86806E-01 1.46360E+01
 -1       505-2.07062E+00 6.40726E-01 2.26632E+01
 -1       506-2.18617E+00 9.08533E-01 3.12522E+01
 -1       507-2.13514E+00 1.17439E+00 3.98209E+01
 -1       508-1.93186E+00 1.42212E+00 4.78237E+01
 -1       509-1.59337E+00 1.63709E+00 5.47666E+01
 -1       510-1.13969E+00 1.80649E+00 6.02195E+01
 -1       511-5.93252E-01 1.91972E+00 6.38265E+01
 -1       512 2.17278E-02 1.96867E+00 6.53141E+01
 -1       513 6.80028E-01 1.94786E+00 6.44967E+01
 -1       514 1.35630E+00 1.85454E+00 6.12789E+01
 -1       515 2.02597E+00 1.68868E+00 5.56552E+01
 -1       516 2.66619E+00 1.45284E+00 4.77057E+01
 -1       517 3.25677E+00 1.15194E+00 3.75891E+01
 -1       518 3.78105E+00 7.92978E-01 2.55318E+01
 -1       519 4.22666E+00 3.84611E-01 1.18144E+01
 -1       520 4.58629E+00-6.33313E-02-3.24412E+00
 -1       521 4.85823E+00-5.40386E-01-1.93050E+01
 -1       522 5.04696E+00-1.03603E+00-3.60300E+01
 -1       523 5.16339E+00-1.54030E+00-5.31026E+01
 -1       524 5.22147E+00-2.04489E+00-7.02544E+01
 -1       525 5.24214E+00-2.54409E+00-8.72741E+01
 -1       526 0.00000E+00 0.00000E+00 0.00000E+00
 -1       527-6.45655E-01 1.28019E-01 2.58028E+00
 -1       528-1.34903E+00 2.83684E-01 7.75019E+00
 -1       529-1.88494E+00 4.66571E-01 1.46384E+01
 -1       530-2.19497E+00 6.80619E-01 2.26644E+01
 -1       531-2.31746E+00 9.13533E-01 3.12523E+01
 -1       532-2.26336E+00 1.14722E+00 3.98201E+01
 -1       533-2.04788E+00 1.36605E+00 4.78221E+01
 -1       534-1.68906E+00 1.55584E+00 5.47642E+01
 -1       535-1.20813E+00 1.70434E+00 6.02165E+01
 -1       536-6.28878E-01 1.80139E+00 6.38230E+01
 -1       537 2.30326E-02 1.83916E+00 6.53104E+01
 -1       538 7.20865E-01 1.81231E+00 6.44927E+01
 -1       539 1.43775E+00 1.71802E+00 6.12749E+01
 -1       540 2.14763E+00 1.55601E+00 5.56513E+01
 -1       541 2.82630E+00 1.32839E+00 4.77021E+01
 -1       542 3.45235E+00 1.03949E+00 3.75858E+01
 -1       543 4.00811E+00 6.95491E-01 2.55289E+01
 -1       544 4.48048E+00 3.04122E-01 1.18120E+01
 -1       545 4.86171E+00-1.25860E-01-3.24594E+00
 -1       546 5.14998E+00-5.85175E-01-1.93064E+01
 -1       547 5.35004E+00-1.06462E+00-3.60308E+01
 -1       548 5.47346E+00-1.55570E+00-5.31031E+01
 -1       549 5.53503E+00-2.05108E+00-7.02546E+01
 -1       550 5.55694E+00-2.54416E+00-8.72741E+01
 -1       551 0.00000E+00 0.00000E+00 0.00000E+00
 -1       552-6.89911E-01 2.52809E-01 2.45050E+00
 -1       553-1.43608E+00 4.09102E-01 7.56652E+00
 -1       554-1.98141E+00 5.47975E-01 1.44955E+01
 -1       555-2.30577E+00 7.22933E-01 2.25845E+01
 -1       556-2.43564E+00 9.19027E-01 3.12398E+01
 -1       557-2.37969E+00 1.11899E+00 3.98707E+01
 -1       558-2.15336E+00 1.30737E+00 4.79295E+01
 -1       559-1.77579E+00 1.47066E+00 5.49211E+01
 -1       560-1.26936E+00 1.59716E+00 6.04144E+01
 -1       561-6.59179E-01 1.67717E+00 6.40528E+01
 -1       562 2.76973E-02 1.70316E+00 6.55622E+01
 -1       563 7.63086E-01 1.66992E+00 6.47567E+01
 -1       564 1.51866E+00 1.57457E+00 6.15410E+01
 -1       565 2.26698E+00 1.41656E+00 5.59102E+01
 -1       566 2.98252E+00 1.19755E+00 4.79453E+01
 -1       567 3.64274E+00 9.21195E-01 3.78061E+01
 -1       568 4.22901E+00 5.92872E-01 2.57204E+01
 -1       569 4.72757E+00 2.19301E-01 1.19709E+01
 -1       570 5.13026E+00-1.91882E-01-3.12149E+00
 -1       571 5.43521E+00-6.32640E-01-1.92158E+01
 -1       572 5.64747E+00-1.09514E+00-3.59711E+01
 -1       573 5.77906E+00-1.57235E+00-5.30687E+01
 -1       574 5.84508E+00-2.05777E+00-7.02380E+01
 -1       575 5.86844E+00-2.54436E+00-8.72593E+01
 -1       576 0.00000E+00 0.00000E+00 0.00000E+00
 -1       577-8.05391E-01 4.30930E-01 2.04211E+00
 -1       578-1.51371E+00 5.26005E-01 7.15962E+00
 -1       579-2.06537E+00 6.33277E-01 1.41953E+01
 -1       580-2.40572E+00 7.66659E-01 2.24252E+01
 -1       581-2.54412E+00 9.25074E-01 3.12174E+01
 -1       582-2.48712E+00 1.08928E+00 3.99755E+01
 -1       583-2.25097E+00 1.24556E+00 4.81489E+01
 -1       584-1.85580E+00 1.38086E+00 5.52403E+01
 -1       585-1.32521E+00 1.48413E+00 6.08164E+01
 -1       586-6.85530E-01 1.54616E+00 6.45190E+01
 -1       587 3.48104E-02 1.55972E+00 6.60727E+01
 -1       588 8.06241E-01 1.51973E+00 6.52913E+01
 -1       589 1.59904E+00 1.42325E+00 6.20798E+01
 -1       590 2.38442E+00 1.26945E+00 5.64341E+01
 -1       591 3.13561E+00 1.05950E+00 4.84371E+01
 -1       592 3.82897E+00 7.96376E-01 3.82509E+01
 -1       593 4.44500E+00 4.84567E-01 2.61066E+01
 -1       594 4.96927E+00 1.29752E-01 1.22905E+01
 -1       595 5.39329E+00-2.61626E-01-2.87220E+00
 -1       596 5.71516E+00-6.82836E-01-1.90358E+01
 -1       597 5.94026E+00-1.12749E+00-3.58544E+01
 -1       598 6.08108E+00-1.58981E+00-5.30038E+01
 -1       599 6.15242E+00-2.06450E+00-7.02107E+01
 -1       600 6.17705E+00-2.54326E+00-8.72459E+01
 -1       601 0.00000E+00 0.00000E+00 0.00000E+00
 -1       602-2.06195E+00-8.69273E-01 2.26042E+00
 -1       603-3.87732E+00-5.99163E-01 7.36356E+00
 -1       604-5.21035E+00-1.37898E-01 1.43202E+01
 -1       605-6.06064E+00 3.67350E-01 2.24966E+01
 -1       606-6.40048E+00 8.74239E-01 3.12332E+01
 -1       607-6.25345E+00 1.36068E+00 3.99395E+01
 -1       608-5.65864E+00 1.80735E+00 4.80662E+01
 -1       609-4.66669E+00 2.19553E+00 5.51168E+01
 -1       610-3.33646E+00 2.50869E+00 6.06590E+01
 -1       611-1.73387E+00 2.73322E+00 6.43352E+01
 -1       612 7.00220E-02 2.85904E+00 6.58705E+01
 -1       613 2.00122E+00 2.87982E+00 6.50787E+01
 -1       614 3.98533E+00 2.79325E+00 6.18647E+01
 -1       615 5.95030E+00 2.60098E+00 5.62242E+01
 -1       616 7.82910E+00 2.30859E+00 4.82391E+01
 -1       617 9.56250E+00 1.92528E+00 3.80706E+01
 -1       618 1.11016E+01 1.46348E+00 2.59486E+01
 -1       619 1.24103E+01 9.38303E-01 1.21578E+01
 -1       620 1.34670E+01 3.66962E-01-2.97837E+00
 -1       621 1.42671E+01-2.31966E-01-1.91160E+01
 -1       622 1.48234E+01-8.39116E-01-3.59114E+01
 -1       623 1.51676E+01-1.43487E+00-5.30415E+01
 -1       624 1.53423E+01-2.00303E+00-7.02275E+01
 -1       625 1.54006E+01-2.54400E+00-8.72702E+01
 -1       626 0.00000E+00 0.00000E+00 0.00000E+00
 -1       627-1.95732E+00-4.29951E-01 2.69708E+00
 -1       628-4.04412E+00-2.94034E-01 7.79518E+00
 -1       629-5.45959E+00 7.82377E-02 1.46307E+01
 -1       630-6.32776E+00 4.81096E-01 2.26598E+01
 -1       631-6.66632E+00 8.89158E-01 3.12542E+01
 -1       632-6.50444E+00 1.28365E+00 3.98285E+01
 -1       633-5.88355E+00 1.64736E+00 4.78360E+01
 -1       634-4.85512E+00 1.96333E+00 5.47830E+01
 -1       635-3.47955E+00 2.21654E+00 6.02393E+01
 -1       636-1.82459E+00 2.39466E+00 6.38488E+01
 -1       637 3.65971E-02 2.48840E+00 6.53382E+01
 -1       638 2.02781E+00 2.49180E+00 6.45214E+01
 -1       639 4.07240E+00 2.40235E+00 6.13034E+01
 -1       640 6.09606E+00 2.22101E+00 5.56786E+01
 -1       641 8.02966E+00 1.95209E+00 4.77273E+01
 -1       642 9.81204E+00 1.60301E+00 3.76081E+01
 -1       643 1.13927E+01 1.18393E+00 2.55475E+01
 -1       644 1.27341E+01 7.07280E-01 1.18265E+01
 -1       645 1.38139E+01 1.87189E-01-3.23596E+00
 -1       646 1.46267E+01-3.61148E-01-1.93009E+01
 -1       647 1.51855E+01-9.21995E-01-3.60297E+01
 -1       648 1.55226E+01-1.47954E+00-5.31052E+01
 -1       649 1.56858E+01-2.02051E+00-7.02540E+01
 -1       650 1.57385E+01-2.54308E+00-8.72844E+01
 -1       651 0.00000E+00 0.00000E+00 0.00000E+00
 -1       652-1.98974E+00-8.59720E-02 2.84948E+00
 -1       653-4.11555E+00 4.82281E-02 8.00452E+00
 -1       654-5.60497E+00 3.03876E-01 1.47849E+01
 -1       655-6.49952E+00 5.98408E-01 2.27440E+01
 -1       656-6.84264E+00 9.03309E-01 3.12668E+01
 -1       657-6.67382E+00 1.20332E+00 3.97743E+01
 -1       658-6.03598E+00 1.48179E+00 4.77217E+01
 -1       659-4.98182E+00 1.72354E+00 5.46163E+01
 -1       660-3.57297E+00 1.91516E+00 6.00290E+01
 -1       661-1.87869E+00 2.04559E+00 6.36049E+01
 -1       662 2.62092E-02 2.10642E+00 6.50709E+01
 -1       663 2.06376E+00 2.09203E+00 6.42414E+01
 -1       664 4.15556E+00 1.99974E+00 6.10212E+01
 -1       665 6.22557E+00 1.82978E+00 5.54041E+01
 -1       666 8.20303E+00 1.58518E+00 4.74694E+01
 -1       667 1.00254E+01 1.27151E+00 3.73747E+01
 -1       668 1.16408E+01 8.96624E-01 2.53447E+01
 -1       669 1.30109E+01 4.70167E-01 1.16584E+01
 -1       670 1.41127E+01 3.10999E-03-3.36737E+00
 -1       671 1.49406E+01-4.92828E-01-1.93962E+01
 -1       672 1.55078E+01-1.00573E+00-3.60921E+01
 -1       673 1.58477E+01-1.52404E+00-5.31407E+01
 -1       674 1.60112E+01-2.03816E+00-7.02710E+01
 -1       675 1.60638E+01-2.54289E+00-8.72974E+01
 -1       676 0.00000E+00 0.00000E+00 0.00000E+00
 -1       677-2.02655E+00 2.28574E-01 2.85937E+00
 -1       678-4.19222E+00 3.92622E-01 8.01476E+00
 -1       679-5.71088E+00 5.41037E-01 1.47917E+01
 -1       680-6.62280E+00 7.18211E-01 2.27475E+01
 -1       681-6.97290E+00 9.18018E-01 3.12672E+01
 -1       682-6.80111E+00 1.12129E+00 3.97719E+01
 -1       683-6.15117E+00 1.31274E+00 4.77168E+01
 -1       684-5.07680E+00 1.47868E+00 5.46092E+01
 -1       685-3.64084E+00 1.60739E+00 6.00201E+01
 -1       686-1.91390E+00 1.68912E+00 6.35946E+01
 -1       687 2.77782E-02 1.71632E+00 6.50596E+01
 -1       688 2.10471E+00 1.68376E+00 6.42296E+01
 -1       689 4.23697E+00 1.58857E+00 6.10093E+01
 -1       690 6.34705E+00 1.43023E+00 5.53925E+01
 -1       691 8.36284E+00 1.21045E+00 4.74586E+01
 -1       692 1.02205E+01 9.32943E-01 3.73649E+01
 -1       693 1.18674E+01 6.03176E-01 2.53362E+01
 -1       694 1.32642E+01 2.27966E-01 1.16514E+01
 -1       695 1.43876E+01-1.84939E-01-3.37283E+00
 -1       696 1.52319E+01-6.27376E-01-1.94001E+01
 -1       697 1.58104E+01-1.09139E+00-3.60946E+01
 -1       698 1.61574E+01-1.56994E+00-5.31420E+01
 -1       699 1.63245E+01-2.05684E+00-7.02715E+01
 -1       700 1.63784E+01-2.54449E+00-8.72973E+01
 -1       701 0.00000E+00 0.00000E+00 0.00000E+00
 -1       702-2.07486E+00 5.88061E-01 2.72676E+00
 -1       703-4.28698E+00 7.49395E-01 7.82560E+00
 -1       704-5.78746E+00 7.75351E-01 1.46510E+01
 -1       705-6.70776E+00 8.40318E-01 2.26702E+01
 -1       706-7.06665E+00 9.33062E-01 3.12555E+01
 -1       707-6.89505E+00 1.03822E+00 3.98213E+01
 -1       708-6.23688E+00 1.14114E+00 4.78213E+01
 -1       709-5.14668E+00 1.23001E+00 5.47616E+01
 -1       710-3.68851E+00 1.29474E+00 6.02124E+01
 -1       711-1.93416E+00 1.32694E+00 6.38177E+01
 -1       712 3.87949E-02 1.31995E+00 6.53041E+01
 -1       713 2.14959E+00 1.26889E+00 6.44858E+01
 -1       714 4.31696E+00 1.17071E+00 6.12675E+01
 -1       715 6.46214E+00 1.02415E+00 5.56438E+01
 -1       716 8.51186E+00 8.29552E-01 4.76946E+01
 -1       717 1.04013E+01 5.88755E-01 3.75785E+01
 -1       718 1.20768E+01 3.04794E-01 2.55219E+01
 -1       719 1.34988E+01-1.83916E-02 1.18053E+01
 -1       720 1.46434E+01-3.76331E-01-3.25239E+00
 -1       721 1.55051E+01-7.64472E-01-1.93126E+01
 -1       722 1.60975E+01-1.17882E+00-3.60371E+01
 -1       723 1.64547E+01-1.61671E+00-5.31092E+01
 -1       724 1.66278E+01-2.07549E+00-7.02556E+01
 -1       725 1.66836E+01-2.54578E+00-8.72845E+01
 -1       726 0.00000E+00 0.00000E+00 0.00000E+00
 -1       727-2.30183E+00 1.07013E+00 2.30963E+00
 -1       728-4.31752E+00 1.07991E+00 7.41321E+00
 -1       729-5.79138E+00 1.00904E+00 1.43539E+01
 -1       730-6.72755E+00 9.63144E-01 2.25140E+01
 -1       731-7.09926E+00 9.49155E-01 3.12353E+01
 -1       732-6.93338E+00 9.54957E-01 3.99275E+01
 -1       733-6.27318E+00 9.68235E-01 4.80414E+01
 -1       734-5.17449E+00 9.79050E-01 5.50809E+01
 -1       735-3.70234E+00 9.79011E-01 6.06140E+01
 -1       736-1.92953E+00 9.61053E-01 6.42830E+01
 -1       737 6.54092E-02 9.19394E-01 6.58134E+01
 -1       738 2.20069E+00 8.49544E-01 6.50189E+01
 -1       739 4.39408E+00 7.48267E-01 6.18046E+01
 -1       740 6.56589E+00 6.13509E-01 5.61657E+01
 -1       741 8.64203E+00 4.44275E-01 4.81842E+01
 -1       742 1.05570E+01 2.40473E-01 3.80211E+01
 -1       743 1.22566E+01 2.69137E-03 2.59057E+01
 -1       744 1.37009E+01-2.68048E-01 1.21224E+01
 -1       745 1.48660E+01-5.70598E-01-3.00584E+00
 -1       746 1.57465E+01-9.04060E-01-1.91357E+01
 -1       747 1.63567E+01-1.26836E+00-3.59239E+01
 -1       748 1.67312E+01-1.66491E+00-5.30481E+01
 -1       749 1.69182E+01-2.09418E+00-7.02302E+01
 -1       750 1.69794E+01-2.54596E+00-8.72707E+01
 -1       751 0.00000E+00 0.00000E+00 0.00000E+00
 -1       752-4.17566E+00-1.57524E+00 2.92379E+00
 -1       753-7.24920E+00-1.15284E+00 7.75175E+00
 -1       754-9.54072E+00-5.35029E-01 1.46101E+01
 -1       755-1.09673E+01 1.65843E-01 2.26474E+01
 -1       756-1.15063E+01 8.53900E-01 3.12559E+01
 -1       757-1.12038E+01 1.50902E+00 3.98410E+01
 -1       758-1.01283E+01 2.10766E+00 4.78583E+01
 -1       759-8.36660E+00 2.62824E+00 5.48137E+01
 -1       760-6.02070E+00 3.05120E+00 6.02770E+01
 -1       761-3.20505E+00 3.36064E+00 6.38919E+01
 -1       762-4.33913E-02 3.54491E+00 6.53848E+01
 -1       763 3.33522E+00 3.59703E+00 6.45699E+01
 -1       764 6.80087E+00 3.51497E+00 6.13519E+01
 -1       765 1.02275E+01 3.30169E+00 5.57253E+01
 -1       766 1.34977E+01 2.96505E+00 4.77706E+01
 -1       767 1.65075E+01 2.51751E+00 3.76466E+01
 -1       768 1.91707E+01 1.97566E+00 2.55802E+01
 -1       769 2.14232E+01 1.35956E+00 1.18525E+01
 -1       770 2.32263E+01 6.92071E-01-3.21703E+00
 -1       771 2.45702E+01-2.05019E-03-1.92891E+01
 -1       772 2.54753E+01-6.96821E-01-3.60245E+01
 -1       773 2.59940E+01-1.36502E+00-5.31047E+01
 -1       774 2.62125E+01-1.97847E+00-7.02510E+01
 -1       775 2.62659E+01-2.53395E+00-8.72902E+01
 -1       776 0.00000E+00 0.00000E+00 0.00000E+00
 -1       777-4.05085E+00-7.77372E-01 3.41688E+00
 -1       778-7.43090E+00-6.36088E-01 8.22136E+00
 -1       779-9.80541E+00-1.60182E-01 1.49252E+01
 -1       780-1.12525E+01 3.56748E-01 2.28121E+01
 -1       781-1.17888E+01 8.74696E-01 3.12739E+01
 -1       782-1.14700E+01 1.37044E+00 3.97239E+01
 -1       783-1.03667E+01 1.82553E+00 4.76192E+01
 -1       784-8.56652E+00 2.22104E+00 5.44684E+01
 -1       785-6.17303E+00 2.54026E+00 5.98435E+01
 -1       786-3.30258E+00 2.76946E+00 6.33903E+01
 -1       787-8.10920E-02 2.89845E+00 6.48362E+01
 -1       788 3.36009E+00 2.92085E+00 6.39960E+01
 -1       789 6.88869E+00 2.83436E+00 6.07741E+01
 -1       790 1.03763E+01 2.64072E+00 5.51642E+01
 -1       791 1.37033E+01 2.34561E+00 4.72446E+01
 -1       792 1.67638E+01 1.95842E+00 3.71718E+01
 -1       793 1.94698E+01 1.49181E+00 2.51691E+01
 -1       794 2.17557E+01 9.61168E-01 1.15138E+01
 -1       795 2.35821E+01 3.84020E-01-3.47911E+00
 -1       796 2.49383E+01-2.20718E-01-1.94754E+01
 -1       797 2.58449E+01-8.33268E-01-3.61413E+01
 -1       798 2.63547E+01-1.43304E+00-5.31644E+01
 -1       799 2.65601E+01-2.00127E+00-7.02744E+01
 -1       800 2.66076E+01-2.53441E+00-8.73034E+01
 -1       801 0.00000E+00 0.00000E+00 0.00000E+00
 -1       802-4.13043E+00-1.96437E-01 3.62112E+00
 -1       803-7.48168E+00-6.97523E-02 8.44378E+00
 -1       804-9.92887E+00 2.17960E-01 1.50892E+01
 -1       805-1.14024E+01 5.53812E-01 2.28976E+01
 -1       806-1.19451E+01 8.97473E-01 3.12857E+01
 -1       807-1.16210E+01 1.23357E+00 3.96668E+01
 -1       808-1.05028E+01 1.54449E+00 4.75001E+01
 -1       809-8.67932E+00 1.81450E+00 5.42953E+01
 -1       810-6.25527E+00 2.02958E+00 5.96256E+01
 -1       811-3.34845E+00 2.17818E+00 6.31377E+01
 -1       812-8.63329E-02 2.25156E+00 6.45595E+01
 -1       813 3.39809E+00 2.24397E+00 6.37063E+01
 -1       814 6.97089E+00 2.15280E+00 6.04822E+01
 -1       815 1.05021E+01 1.97856E+00 5.48803E+01
 -1       816 1.38705E+01 1.72475E+00 4.69783E+01
 -1       817 1.69688E+01 1.39767E+00 3.69309E+01
 -1       818 1.97080E+01 1.00604E+00 2.49600E+01
 -1       819 2.20218E+01 5.60567E-01 1.13409E+01
 -1       820 2.38699E+01 7.34251E-02-3.61390E+00
 -1       821 2.52417E+01-4.42344E-01-1.95726E+01
 -1       822 2.61579E+01-9.73355E-01-3.62041E+01
 -1       823 2.66732E+01-1.50638E+00-5.31991E+01
 -1       824 2.68833E+01-2.03028E+00-7.02905E+01
 -1       825 2.69343E+01-2.53899E+00-8.73146E+01
 -1       826 0.00000E+00 0.00000E+00 0.00000E+00
 -1       827-4.17033E+00 3.15061E-01 3.64008E+00
 -1       828-7.55715E+00 4.86700E-01 8.46008E+00
 -1       829-1.00323E+01 6.09324E-01 1.51004E+01
 -1       830-1.15232E+01 7.53449E-01 2.29033E+01
 -1       831-1.20730E+01 9.22540E-01 3.12865E+01
 -1       832-1.17462E+01 1.09719E+00 3.96629E+01
 -1       833-1.06161E+01 1.26293E+00 4.74920E+01
 -1       834-8.77268E+00 1.40646E+00 5.42836E+01
 -1       835-6.32184E+00 1.51657E+00 5.96108E+01
 -1       836-3.38270E+00 1.58390E+00 6.31205E+01
 -1       837-8.41585E-02 1.60116E+00 6.45408E+01
 -1       838 3.43928E+00 1.56322E+00 6.36866E+01
 -1       839 7.05220E+00 1.46716E+00 6.04624E+01
 -1       840 1.06231E+01 1.31223E+00 5.48611E+01
 -1       841 1.40296E+01 1.09976E+00 4.69602E+01
 -1       842 1.71630E+01 8.32911E-01 3.69146E+01
 -1       843 1.99335E+01 5.16442E-01 2.49459E+01
 -1       844 2.22738E+01 1.56336E-01 1.13292E+01
 -1       845 2.41436E+01-2.40613E-01-3.62300E+00
 -1       846 2.55318E+01-6.67290E-01-1.95791E+01
 -1       847 2.64595E+01-1.11690E+00-3.62083E+01
 -1       848 2.69821E+01-1.58379E+00-5.32014E+01
 -1       849 2.71961E+01-2.06311E+00-7.02914E+01
 -1       850 2.72484E+01-2.54762E+00-8.73145E+01
 -1       851 0.00000E+00 0.00000E+00 0.00000E+00
 -1       852-4.17806E+00 9.10593E-01 3.47342E+00
 -1       853-7.66979E+00 1.06685E+00 8.27030E+00
 -1       854-1.01261E+01 9.96062E-01 1.49587E+01
 -1       855-1.16253E+01 9.55354E-01 2.28294E+01
 -1       856-1.21823E+01 9.46323E-01 3.12761E+01
 -1       857-1.18544E+01 9.57767E-01 3.97120E+01
 -1       858-1.07145E+01 9.76105E-01 4.75948E+01
 -1       859-8.85340E+00 9.91333E-01 5.44330E+01
 -1       860-6.37822E+00 9.94964E-01 5.97990E+01
 -1       861-3.40937E+00 9.79881E-01 6.33386E+01
 -1       862-7.71441E-02 9.40268E-01 6.47797E+01
 -1       863 3.48258E+00 8.71620E-01 6.39368E+01
 -1       864 7.13295E+00 7.70719E-01 6.07145E+01
 -1       865 1.07412E+01 6.35557E-01 5.51062E+01
 -1       866 1.41835E+01 4.65221E-01 4.71903E+01
 -1       867 1.73503E+01 2.59725E-01 3.71227E+01
 -1       868 2.01507E+01 1.97964E-02 2.51265E+01
 -1       869 2.25169E+01-2.53379E-01 1.14787E+01
 -1       870 2.44081E+01-5.58466E-01-3.50644E+00
 -1       871 2.58133E+01-8.94357E-01-1.94950E+01
 -1       872 2.67538E+01-1.26080E+00-3.61538E+01
 -1       873 2.72846E+01-1.65958E+00-5.31711E+01
 -1       874 2.75005E+01-2.09320E+00-7.02771E+01
 -1       875 2.75515E+01-2.55363E+00-8.73035E+01
 -1       876 0.00000E+00 0.00000E+00 0.00000E+00
 -1       877-4.42642E+00 1.74853E+00 3.02068E+00
 -1       878-7.68453E+00 1.60713E+00 7.83220E+00
 -1       879-1.01137E+01 1.38846E+00 1.46662E+01
 -1       880-1.16259E+01 1.15539E+00 2.26763E+01
 -1       881-1.21973E+01 9.68478E-01 3.12592E+01
 -1       882-1.18766E+01 8.13194E-01 3.98207E+01
 -1       883-1.07365E+01 6.81363E-01 4.78167E+01
 -1       884-8.86904E+00 5.65755E-01 5.47536E+01
 -1       885-6.38226E+00 4.60866E-01 6.02015E+01
 -1       886-3.39752E+00 3.61834E-01 6.38045E+01
 -1       887-4.59971E-02 2.64365E-01 6.52892E+01
 -1       888 3.53551E+00 1.64602E-01 6.44698E+01
 -1       889 7.20928E+00 5.90279E-02 6.12511E+01
 -1       890 1.08417E+01-5.56480E-02 5.56274E+01
 -1       891 1.43083E+01-1.82608E-01 4.76788E+01
 -1       892 1.74988E+01-3.25057E-01 3.75638E+01
 -1       893 2.03219E+01-4.86373E-01 2.55084E+01
 -1       894 2.27097E+01-6.70264E-01 1.17933E+01
 -1       895 2.46211E+01-8.80967E-01-3.26288E+00
 -1       896 2.60457E+01-1.12349E+00-1.93217E+01
 -1       897 2.70052E+01-1.40408E+00-3.60451E+01
 -1       898 2.75550E+01-1.73140E+00-5.31154E+01
 -1       899 2.77866E+01-2.11743E+00-7.02551E+01
 -1       900 2.78433E+01-2.55526E+00-8.72908E+01
 -3
    1PSTEP                         5           1           1          
    1PGM                1.000000E+00                                  
    1PGK                9.903082E+08                                  
    1PHID                         -1                                  
    1PSUBC                         0                                  
    1PMODE                         5                                  
  100CL  105 5008.472716         900                     2    5MODAL      1
 -4  DISP        4    1
 -5  D1          1    2    1    0
 -5  D2          1    2    2    0
 -5  D3          1    2    3    0
 -5  ALL         1    2    0    0    1ALL
 -1         1 0.00000E+00 0.00000E+00 0.00000E+00
 -1         2 4.84945E-13 4.64859E+00-4.64859E+00
 -1         3 8.24230E-13 1.00958E+01-1.00958E+01
 -1         4 1.04450E-12 1.52874E+01-1.52874E+01
 -1         5 1.14797E-12 2.04002E+01-2.04002E+01
 -1         6 1.15108E-12 2.54287E+01-2.54287E+01
 -1         7 1.04805E-12 3.03481E+01-3.03481E+01
 -1         8 8.84626E-13 3.51367E+01-3.51367E+01
 -1         9 6.28830E-13 3.97740E+01-3.97740E+01
 -1        10 3.26850E-13 4.42399E+01-4.42399E+01
 -1        11 8.88178E-15 4.85153E+01-4.85153E+01
 -1        12-3.83693E-13 5.25817E+01-5.25817E+01
 -1        13-7.53175E-13 5.64216E+01-5.64216E+01
 -1        14-1.12621E-12 6.00184E+01-6.00184E+01
 -1        15-1.53477E-12 6.33568E+01-6.33568E+01
 -1        16-1.85096E-12 6.64222E+01-6.64222E+01
 -1        17-2.18847E-12 6.92014E+01-6.92014E+01
 -1        18-2.43006E-12 7.16826E+01-7.16826E+01
 -1        19-2.61480E-12 7.38551E+01-7.38551E+01
 -1        20-2.77112E-12 7.57094E+01-7.57094E+01
 -1        21-2.84217E-12 7.72375E+01-7.72375E+01
 -1        22-2.92744E-12 7.84332E+01-7.84332E+01
 -1        23-2.94165E-12 7.92901E+01-7.92901E+01
 -1        24-2.99849E-12 7.97980E+01-7.97980E+01
 -1        25-2.98428E-12 7.99955E+01-7.99955E+01
 -1        26 0.00000E+00 0.00000E+00 0.00000E+00
 -1        27-1.20297E+00 4.82697E+00-2.89983E+00
 -1        28-1.31691E+00 1.00833E+01-6.04389E+00
 -1        29-1.27122E+00 1.52818E+01-9.17072E+00
 -1        30-1.25062E+00 2.03953E+01-1.22371E+01
 -1        31-1.22683E+00 2.54228E+01-1.52539E+01
 -1        32-1.19727E+00 3.03410E+01-1.82048E+01
 -1        33-1.16246E+00 3.51286E+01-2.10774E+01
 -1        34-1.12267E+00 3.97647E+01-2.38591E+01
 -1        35-1.07804E+00 4.42296E+01-2.65381E+01
 -1        36-1.02876E+00 4.85040E+01-2.91028E+01
 -1        37-9.75054E-01 5.25694E+01-3.15420E+01
 -1        38-9.17148E-01 5.64084E+01-3.38455E+01
 -1        39-8.55291E-01 6.00044E+01-3.60031E+01
 -1        40-7.89750E-01 6.33420E+01-3.80057E+01
 -1        41-7.20806E-01 6.64067E+01-3.98445E+01
 -1        42-6.48758E-01 6.91853E+01-4.15117E+01
 -1        43-5.73916E-01 7.16659E+01-4.30001E+01
 -1        44-4.96600E-01 7.38379E+01-4.43033E+01
 -1        45-4.17150E-01 7.56917E+01-4.54156E+01
 -1        46-3.35925E-01 7.72195E+01-4.63323E+01
 -1        47-2.53103E-01 7.84148E+01-4.70494E+01
 -1        48-1.68087E-01 7.92714E+01-4.75635E+01
 -1        49-9.01373E-02 7.97868E+01-4.78707E+01
 -1        50-5.18552E-02 7.99736E+01-4.80029E+01
 -1        51 0.00000E+00 0.00000E+00 0.00000E+00
 -1        52-4.88854E-01 5.04635E+00-9.72970E-01
 -1        53-6.03715E-01 1.00782E+01-2.01814E+00
 -1        54-5.82687E-01 1.52721E+01-3.05558E+00
 -1        55-5.71439E-01 2.03896E+01-4.07903E+00
 -1        56-5.60733E-01 2.54156E+01-5.08437E+00
 -1        57-5.47228E-01 3.03323E+01-6.06801E+00
 -1        58-5.31321E-01 3.51184E+01-7.02547E+00
 -1        59-5.13131E-01 3.97533E+01-7.95268E+00
 -1        60-4.92732E-01 4.42169E+01-8.84562E+00
 -1        61-4.70210E-01 4.84900E+01-9.70047E+00
 -1        62-4.45663E-01 5.25543E+01-1.05135E+01
 -1        63-4.19196E-01 5.63922E+01-1.12813E+01
 -1        64-3.90923E-01 5.99871E+01-1.20005E+01
 -1        65-3.60967E-01 6.33237E+01-1.26680E+01
 -1        66-3.29455E-01 6.63875E+01-1.32809E+01
 -1        67-2.96525E-01 6.91654E+01-1.38366E+01
 -1        68-2.62317E-01 7.16453E+01-1.43327E+01
 -1        69-2.26979E-01 7.38166E+01-1.47671E+01
 -1        70-1.90665E-01 7.56699E+01-1.51378E+01
 -1        71-1.53544E-01 7.71973E+01-1.54434E+01
 -1        72-1.15616E-01 7.83920E+01-1.56824E+01
 -1        73-7.67838E-02 7.92487E+01-1.58539E+01
 -1        74-4.37683E-02 7.97733E+01-1.59564E+01
 -1        75-2.73477E-02 7.99474E+01-1.60038E+01
 -1        76 0.00000E+00 0.00000E+00 0.00000E+00
 -1        77 4.88854E-01 5.04635E+00 9.72970E-01
 -1        78 6.03715E-01 1.00782E+01 2.01814E+00
 -1        79 5.82687E-01 1.52721E+01 3.05558E+00
 -1        80 5.71439E-01 2.03896E+01 4.07903E+00
 -1        81 5.60733E-01 2.54156E+01 5.08437E+00
 -1        82 5.47228E-01 3.03323E+01 6.06801E+00
 -1        83 5.31321E-01 3.51184E+01 7.02547E+00
 -1        84 5.13131E-01 3.97533E+01 7.95268E+00
 -1        85 4.92732E-01 4.42169E+01 8.84562E+00
 -1        86 4.70210E-01 4.84900E+01 9.70047E+00
 -1        87 4.45663E-01 5.25543E+01 1.05135E+01
 -1        88 4.19196E-01 5.63922E+01 1.12813E+01
 -1        89 3.90923E-01 5.99871E+01 1.20005E+01
 -1        90 3.60967E-01 6.33237E+01 1.26680E+01
 -1        91 3.29455E-01 6.63875E+01 1.32809E+01
 -1        92 2.96525E-01 6.91654E+01 1.38366E+01
 -1        93 2.62317E-01 7.16453E+01 1.43327E+01
 -1        94 2.26979E-01 7.38166E+01 1.47671E+01
 -1        95 1.90665E-01 7.56699E+01 1.51378E+01
 -1        96 1.53544E-01 7.71973E+01 1.54434E+01
 -1        97 1.15616E-01 7.83920E+01 1.56824E+01
 -1        98 7.67838E-02 7.92487E+01 1.58539E+01
 -1        99 4.37683E-02 7.97733E+01 1.59564E+01
 -1       100 2.73477E-02 7.99474E+01 1.60038E+01
 -1       101 0.00000E+00 0.00000E+00 0.00000E+00
 -1       102 1.20297E+00 4.82697E+00 2.89983E+00
 -1       103 1.31691E+00 1.00833E+01 6.04389E+00
 -1       104 1.27122E+00 1.52818E+01 9.17072E+00
 -1       105 1.25062E+00 2.03953E+01 1.22371E+01
 -1       106 1.22683E+00 2.54228E+01 1.52539E+01
 -1       107 1.19727E+00 3.03410E+01 1.82048E+01
 -1       108 1.16246E+00 3.51286E+01 2.10774E+01
 -1       109 1.12267E+00 3.97647E+01 2.38591E+01
 -1       110 1.07804E+00 4.42296E+01 2.65381E+01
 -1       111 1.02876E+00 4.85040E+01 2.91028E+01
 -1       112 9.75054E-01 5.25694E+01 3.15420E+01
 -1       113 9.17148E-01 5.64084E+01 3.38455E+01
 -1       114 8.55291E-01 6.00044E+01 3.60031E+01
 -1       115 7.89750E-01 6.33420E+01 3.80057E+01
 -1       116 7.20806E-01 6.64067E+01 3.98445E+01
 -1       117 6.48758E-01 6.91853E+01 4.15117E+01
 -1       118 5.73916E-01 7.16659E+01 4.30001E+01
 -1       119 4.96600E-01 7.38379E+01 4.43033E+01
 -1       120 4.17150E-01 7.56917E+01 4.54156E+01
 -1       121 3.35925E-01 7.72195E+01 4.63323E+01
 -1       122 2.53103E-01 7.84148E+01 4.70494E+01
 -1       123 1.68087E-01 7.92714E+01 4.75635E+01
 -1       124 9.01373E-02 7.97868E+01 4.78707E+01
 -1       125 5.18552E-02 7.99736E+01 4.80029E+01
 -1       126 0.00000E+00 0.00000E+00 0.00000E+00
 -1       127-7.06990E-13 4.64859E+00 4.64859E+00
 -1       128-1.20437E-12 1.00958E+01 1.00958E+01
 -1       129-1.54987E-12 1.52874E+01 1.52874E+01
 -1       130-1.74616E-12 2.04002E+01 2.04002E+01
 -1       131-1.77280E-12 2.54287E+01 2.54287E+01
 -1       132-1.65912E-12 3.03481E+01 3.03481E+01
 -1       133-1.41043E-12 3.51367E+01 3.51367E+01
 -1       134-1.10845E-12 3.97740E+01 3.97740E+01
 -1       135-6.96332E-13 4.42399E+01 4.42399E+01
 -1       136-2.06057E-13 4.85153E+01 4.85153E+01
 -1       137 3.05533E-13 5.25817E+01 5.25817E+01
 -1       138 8.88178E-13 5.64216E+01 5.64216E+01
 -1       139 1.42819E-12 6.00184E+01 6.00184E+01
 -1       140 1.94689E-12 6.33568E+01 6.33568E+01
 -1       141 2.40519E-12 6.64222E+01 6.64222E+01
 -1       142 2.84928E-12 6.92014E+01 6.92014E+01
 -1       143 3.23297E-12 7.16826E+01 7.16826E+01
 -1       144 3.55271E-12 7.38551E+01 7.38551E+01
 -1       145 3.74456E-12 7.57094E+01 7.57094E+01
 -1       146 3.90088E-12 7.72375E+01 7.72375E+01
 -1       147 4.04299E-12 7.84332E+01 7.84332E+01
 -1       148 4.09273E-12 7.92901E+01 7.92901E+01
 -1       149 4.14957E-12 7.97980E+01 7.97980E+01
 -1       150 4.14957E-12 7.99955E+01 7.99955E+01
 -1       151 0.00000E+00 0.00000E+00 0.00000E+00
 -1       152 1.20297E+00 2.89983E+00-4.82697E+00
 -1       153 1.31691E+00 6.04389E+00-1.00833E+01
 -1       154 1.27122E+00 9.17072E+00-1.52818E+01
 -1       155 1.25062E+00 1.22371E+01-2.03953E+01
 -1       156 1.22683E+00 1.52539E+01-2.54228E+01
 -1       157 1.19727E+00 1.82048E+01-3.03410E+01
 -1       158 1.16246E+00 2.10774E+01-3.51286E+01
 -1       159 1.12267E+00 2.38591E+01-3.97647E+01
 -1       160 1.07804E+00 2.65381E+01-4.42296E+01
 -1       161 1.02876E+00 2.91028E+01-4.85040E+01
 -1       162 9.75054E-01 3.15420E+01-5.25694E+01
 -1       163 9.17148E-01 3.38455E+01-5.64084E+01
 -1       164 8.55291E-01 3.60031E+01-6.00044E+01
 -1       165 7.89750E-01 3.80057E+01-6.33420E+01
 -1       166 7.20806E-01 3.98445E+01-6.64067E+01
 -1       167 6.48758E-01 4.15117E+01-6.91853E+01
 -1       168 5.73916E-01 4.30001E+01-7.16659E+01
 -1       169 4.96600E-01 4.43033E+01-7.38379E+01
 -1       170 4.17150E-01 4.54156E+01-7.56917E+01
 -1       171 3.35925E-01 4.63323E+01-7.72195E+01
 -1       172 2.53103E-01 4.70494E+01-7.84148E+01
 -1       173 1.68087E-01 4.75635E+01-7.92714E+01
 -1       174 9.01373E-02 4.78707E+01-7.97868E+01
 -1       175 5.18552E-02 4.80029E+01-7.99736E+01
 -1       176 0.00000E+00 0.00000E+00 0.00000E+00
 -1       177 2.18936E-13 2.88684E+00-2.88684E+00
 -1       178 4.42313E-13 6.05970E+00-6.05970E+00
 -1       179 5.82645E-13 9.16753E+00-9.16753E+00
 -1       180 6.42597E-13 1.22371E+01-1.22371E+01
 -1       181 6.38600E-13 1.52535E+01-1.52535E+01
 -1       182 5.89750E-13 1.82044E+01-1.82044E+01
 -1       183 4.81393E-13 2.10768E+01-2.10768E+01
 -1       184 3.33955E-13 2.38585E+01-2.38585E+01
 -1       185 1.56319E-13 2.65374E+01-2.65374E+01
 -1       186-5.32907E-14 2.91020E+01-2.91020E+01
 -1       187-2.82441E-13 3.15412E+01-3.15412E+01
 -1       188-5.15143E-13 3.38446E+01-3.38446E+01
 -1       189-7.46070E-13 3.60021E+01-3.60021E+01
 -1       190-9.69891E-13 3.80046E+01-3.80046E+01
 -1       191-1.17240E-12 3.98434E+01-3.98434E+01
 -1       192-1.35714E-12 4.15106E+01-4.15106E+01
 -1       193-1.52056E-12 4.29989E+01-4.29989E+01
 -1       194-1.63425E-12 4.43021E+01-4.43021E+01
 -1       195-1.74083E-12 4.54144E+01-4.54144E+01
 -1       196-1.77636E-12 4.63310E+01-4.63310E+01
 -1       197-1.83320E-12 4.70482E+01-4.70482E+01
 -1       198-1.84741E-12 4.75625E+01-4.75625E+01
 -1       199-1.86162E-12 4.78709E+01-4.78709E+01
 -1       200-1.87583E-12 4.79876E+01-4.79876E+01
 -1       201 0.00000E+00 0.00000E+00 0.00000E+00
 -1       202-7.70298E-02 2.99610E+00-9.58328E-01
 -1       203-1.35960E-01 6.05731E+00-2.02041E+00
 -1       204-1.27680E-01 9.16294E+00-3.05612E+00
 -1       205-1.24938E-01 1.22341E+01-4.07896E+00
 -1       206-1.22633E-01 1.52499E+01-5.08449E+00
 -1       207-1.19691E-01 1.82000E+01-6.06812E+00
 -1       208-1.16210E-01 2.10718E+01-7.02561E+00
 -1       209-1.12232E-01 2.38528E+01-7.95283E+00
 -1       210-1.07770E-01 2.65310E+01-8.84579E+00
 -1       211-1.02844E-01 2.90950E+01-9.70066E+00
 -1       212-9.74751E-02 3.15337E+01-1.05137E+01
 -1       213-9.16862E-02 3.38365E+01-1.12815E+01
 -1       214-8.55025E-02 3.59935E+01-1.20007E+01
 -1       215-7.89504E-02 3.79956E+01-1.26682E+01
 -1       216-7.20582E-02 3.98339E+01-1.32811E+01
 -1       217-6.48557E-02 4.15007E+01-1.38369E+01
 -1       218-5.73737E-02 4.29887E+01-1.43330E+01
 -1       219-4.96446E-02 4.42915E+01-1.47674E+01
 -1       220-4.17023E-02 4.54035E+01-1.51381E+01
 -1       221-3.35873E-02 4.63200E+01-1.54437E+01
 -1       222-2.52557E-02 4.70368E+01-1.56827E+01
 -1       223-1.67559E-02 4.75513E+01-1.58542E+01
 -1       224-1.04342E-02 4.78643E+01-1.59567E+01
 -1       225-6.75556E-03 4.79672E+01-1.59975E+01
 -1       226 0.00000E+00 0.00000E+00 0.00000E+00
 -1       227 7.70298E-02 2.99610E+00 9.58328E-01
 -1       228 1.35960E-01 6.05731E+00 2.02041E+00
 -1       229 1.27680E-01 9.16294E+00 3.05612E+00
 -1       230 1.24938E-01 1.22341E+01 4.07896E+00
 -1       231 1.22633E-01 1.52499E+01 5.08449E+00
 -1       232 1.19691E-01 1.82000E+01 6.06812E+00
 -1       233 1.16210E-01 2.10718E+01 7.02561E+00
 -1       234 1.12232E-01 2.38528E+01 7.95283E+00
 -1       235 1.07770E-01 2.65310E+01 8.84579E+00
 -1       236 1.02844E-01 2.90950E+01 9.70066E+00
 -1       237 9.74751E-02 3.15337E+01 1.05137E+01
 -1       238 9.16862E-02 3.38365E+01 1.12815E+01
 -1       239 8.55025E-02 3.59935E+01 1.20007E+01
 -1       240 7.89504E-02 3.79956E+01 1.26682E+01
 -1       241 7.20582E-02 3.98339E+01 1.32811E+01
 -1       242 6.48557E-02 4.15007E+01 1.38369E+01
 -1       243 5.73737E-02 4.29887E+01 1.43330E+01
 -1       244 4.96446E-02 4.42915E+01 1.47674E+01
 -1       245 4.17023E-02 4.54035E+01 1.51381E+01
 -1       246 3.35873E-02 4.63200E+01 1.54437E+01
 -1       247 2.52557E-02 4.70368E+01 1.56827E+01
 -1       248 1.67559E-02 4.75513E+01 1.58542E+01
 -1       249 1.04342E-02 4.78643E+01 1.59567E+01
 -1       250 6.75556E-03 4.79672E+01 1.59975E+01
 -1       251 0.00000E+00 0.00000E+00 0.00000E+00
 -1       252-3.28182E-13 2.88684E+00 2.88684E+00
 -1       253-6.72351E-13 6.05970E+00 6.05970E+00
 -1       254-8.96616E-13 9.16753E+00 9.16753E+00
 -1       255-1.02229E-12 1.22371E+01 1.22371E+01
 -1       256-1.04272E-12 1.52535E+01 1.52535E+01
 -1       257-9.84102E-13 1.82044E+01 1.82044E+01
 -1       258-8.52651E-13 2.10768E+01 2.10768E+01
 -1       259-6.68798E-13 2.38585E+01 2.38585E+01
 -1       260-4.40536E-13 2.65374E+01 2.65374E+01
 -1       261-1.70530E-13 2.91020E+01 2.91020E+01
 -1       262 1.49214E-13 3.15412E+01 3.15412E+01
 -1       263 4.61853E-13 3.38446E+01 3.38446E+01
 -1       264 7.81597E-13 3.60021E+01 3.60021E+01
 -1       265 1.10134E-12 3.80046E+01 3.80046E+01
 -1       266 1.37135E-12 3.98434E+01 3.98434E+01
 -1       267 1.62004E-12 4.15106E+01 4.15106E+01
 -1       268 1.84741E-12 4.29989E+01 4.29989E+01
 -1       269 2.03215E-12 4.43021E+01 4.43021E+01
 -1       270 2.16005E-12 4.54144E+01 4.54144E+01
 -1       271 2.23821E-12 4.63310E+01 4.63310E+01
 -1       272 2.31637E-12 4.70482E+01 4.70482E+01
 -1       273 2.36611E-12 4.75625E+01 4.75625E+01
 -1       274 2.38032E-12 4.78709E+01 4.78709E+01
 -1       275 2.39453E-12 4.79876E+01 4.79876E+01
 -1       276 0.00000E+00 0.00000E+00 0.00000E+00
 -1       277-1.20297E+00 2.89983E+00 4.82697E+00
 -1       278-1.31691E+00 6.04389E+00 1.00833E+01
 -1       279-1.27122E+00 9.17072E+00 1.52818E+01
 -1       280-1.25062E+00 1.22371E+01 2.03953E+01
 -1       281-1.22683E+00 1.52539E+01 2.54228E+01
 -1       282-1.19727E+00 1.82048E+01 3.03410E+01
 -1       283-1.16246E+00 2.10774E+01 3.51286E+01
 -1       284-1.12267E+00 2.38591E+01 3.97647E+01
 -1       285-1.07804E+00 2.65381E+01 4.42296E+01
 -1       286-1.02876E+00 2.91028E+01 4.85040E+01
 -1       287-9.75054E-01 3.15420E+01 5.25694E+01
 -1       288-9.17148E-01 3.38455E+01 5.64084E+01
 -1       289-8.55291E-01 3.60031E+01 6.00044E+01
 -1       290-7.89750E-01 3.80057E+01 6.33420E+01
 -1       291-7.20806E-01 3.98445E+01 6.64067E+01
 -1       292-6.48758E-01 4.15117E+01 6.91853E+01
 -1       293-5.73916E-01 4.30001E+01 7.16659E+01
 -1       294-4.96600E-01 4.43033E+01 7.38379E+01
 -1       295-4.17150E-01 4.54156E+01 7.56917E+01
 -1       296-3.35925E-01 4.63323E+01 7.72195E+01
 -1       297-2.53103E-01 4.70494E+01 7.84148E+01
 -1       298-1.68087E-01 4.75635E+01 7.92714E+01
 -1       299-9.01373E-02 4.78707E+01 7.97868E+01
 -1       300-5.18552E-02 4.80029E+01 7.99736E+01
 -1       301 0.00000E+00 0.00000E+00 0.00000E+00
 -1       302 4.88854E-01 9.72970E-01-5.04635E+00
 -1       303 6.03715E-01 2.01814E+00-1.00782E+01
 -1       304 5.82687E-01 3.05558E+00-1.52721E+01
 -1       305 5.71439E-01 4.07903E+00-2.03896E+01
 -1       306 5.60733E-01 5.08437E+00-2.54156E+01
 -1       307 5.47228E-01 6.06801E+00-3.03323E+01
 -1       308 5.31321E-01 7.02547E+00-3.51184E+01
 -1       309 5.13131E-01 7.95268E+00-3.97533E+01
 -1       310 4.92732E-01 8.84562E+00-4.42169E+01
 -1       311 4.70210E-01 9.70047E+00-4.84900E+01
 -1       312 4.45663E-01 1.05135E+01-5.25543E+01
 -1       313 4.19196E-01 1.12813E+01-5.63922E+01
 -1       314 3.90923E-01 1.20005E+01-5.99871E+01
 -1       315 3.60967E-01 1.26680E+01-6.33237E+01
 -1       316 3.29455E-01 1.32809E+01-6.63875E+01
 -1       317 2.96525E-01 1.38366E+01-6.91654E+01
 -1       318 2.62317E-01 1.43327E+01-7.16453E+01
 -1       319 2.26979E-01 1.47671E+01-7.38166E+01
 -1       320 1.90665E-01 1.51378E+01-7.56699E+01
 -1       321 1.53544E-01 1.54434E+01-7.71973E+01
 -1       322 1.15616E-01 1.56824E+01-7.83920E+01
 -1       323 7.67838E-02 1.58539E+01-7.92487E+01
 -1       324 4.37683E-02 1.59564E+01-7.97733E+01
 -1       325 2.73477E-02 1.60038E+01-7.99474E+01
 -1       326 0.00000E+00 0.00000E+00 0.00000E+00
 -1       327 7.70298E-02 9.58328E-01-2.99610E+00
 -1       328 1.35960E-01 2.02041E+00-6.05731E+00
 -1       329 1.27680E-01 3.05612E+00-9.16294E+00
 -1       330 1.24938E-01 4.07896E+00-1.22341E+01
 -1       331 1.22633E-01 5.08449E+00-1.52499E+01
 -1       332 1.19691E-01 6.06812E+00-1.82000E+01
 -1       333 1.16210E-01 7.02561E+00-2.10718E+01
 -1       334 1.12232E-01 7.95283E+00-2.38528E+01
 -1       335 1.07770E-01 8.84579E+00-2.65310E+01
 -1       336 1.02844E-01 9.70066E+00-2.90950E+01
 -1       337 9.74751E-02 1.05137E+01-3.15337E+01
 -1       338 9.16862E-02 1.12815E+01-3.38365E+01
 -1       339 8.55025E-02 1.20007E+01-3.59935E+01
 -1       340 7.89504E-02 1.26682E+01-3.79956E+01
 -1       341 7.20582E-02 1.32811E+01-3.98339E+01
 -1       342 6.48557E-02 1.38369E+01-4.15007E+01
 -1       343 5.73737E-02 1.43330E+01-4.29887E+01
 -1       344 4.96446E-02 1.47674E+01-4.42915E+01
 -1       345 4.17023E-02 1.51381E+01-4.54035E+01
 -1       346 3.35873E-02 1.54437E+01-4.63200E+01
 -1       347 2.52557E-02 1.56827E+01-4.70368E+01
 -1       348 1.67559E-02 1.58542E+01-4.75513E+01
 -1       349 1.04342E-02 1.59567E+01-4.78643E+01
 -1       350 6.75556E-03 1.59975E+01-4.79672E+01
 -1       351 0.00000E+00 0.00000E+00 0.00000E+00
 -1       352 6.12843E-14 9.88603E-01-9.88603E-01
 -1       353 1.26121E-13 2.01845E+00-2.01845E+00
 -1       354 1.65201E-13 3.05545E+00-3.05545E+00
 -1       355 1.79856E-13 4.07803E+00-4.07803E+00
 -1       356 1.73195E-13 5.08353E+00-5.08353E+00
 -1       357 1.47438E-13 6.06693E+00-6.06693E+00
 -1       358 1.08358E-13 7.02423E+00-7.02423E+00
 -1       359 5.68434E-14 7.95127E+00-7.95127E+00
 -1       360-1.06581E-14 8.84406E+00-8.84406E+00
 -1       361-9.94760E-14 9.69875E+00-9.69875E+00
 -1       362-1.81188E-13 1.05117E+01-1.05117E+01
 -1       363-2.73559E-13 1.12793E+01-1.12793E+01
 -1       364-3.51719E-13 1.19984E+01-1.19984E+01
 -1       365-4.33431E-13 1.26657E+01-1.26657E+01
 -1       366-5.11591E-13 1.32785E+01-1.32785E+01
 -1       367-5.75540E-13 1.38341E+01-1.38341E+01
 -1       368-6.25278E-13 1.43302E+01-1.43302E+01
 -1       369-6.75016E-13 1.47645E+01-1.47645E+01
 -1       370-7.17648E-13 1.51352E+01-1.51352E+01
 -1       371-7.38964E-13 1.54406E+01-1.54406E+01
 -1       372-7.53175E-13 1.56796E+01-1.56796E+01
 -1       373-7.81597E-13 1.58511E+01-1.58511E+01
 -1       374-7.81597E-13 1.59548E+01-1.59548E+01
 -1       375-7.81597E-13 1.59905E+01-1.59905E+01
 -1       376 0.00000E+00 0.00000E+00 0.00000E+00
 -1       377-1.07636E-13 9.88603E-01 9.88603E-01
 -1       378-2.20712E-13 2.01845E+00 2.01845E+00
 -1       379-3.10862E-13 3.05545E+00 3.05545E+00
 -1       380-3.60600E-13 4.07803E+00 4.07803E+00
 -1       381-3.79252E-13 5.08353E+00 5.08353E+00
 -1       382-3.63265E-13 6.06693E+00 6.06693E+00
 -1       383-3.31735E-13 7.02423E+00 7.02423E+00
 -1       384-2.73559E-13 7.95127E+00 7.95127E+00
 -1       385-2.09610E-13 8.84406E+00 8.84406E+00
 -1       386-1.35003E-13 9.69875E+00 9.69875E+00
 -1       387-3.55271E-14 1.05117E+01 1.05117E+01
 -1       388 5.32907E-14 1.12793E+01 1.12793E+01
 -1       389 1.56319E-13 1.19984E+01 1.19984E+01
 -1       390 2.55795E-13 1.26657E+01 1.26657E+01
 -1       391 3.41061E-13 1.32785E+01 1.32785E+01
 -1       392 4.12115E-13 1.38341E+01 1.38341E+01
 -1       393 4.90274E-13 1.43302E+01 1.43302E+01
 -1       394 5.47118E-13 1.47645E+01 1.47645E+01
 -1       395 5.75540E-13 1.51352E+01 1.51352E+01
 -1       396 5.96856E-13 1.54406E+01 1.54406E+01
 -1       397 6.03961E-13 1.56796E+01 1.56796E+01
 -1       398 6.46594E-13 1.58511E+01 1.58511E+01
 -1       399 6.25278E-13 1.59548E+01 1.59548E+01
 -1       400 6.25278E-13 1.59905E+01 1.59905E+01
 -1       401 0.00000E+00 0.00000E+00 0.00000E+00
 -1       402-7.70298E-02 9.58328E-01 2.99610E+00
 -1       403-1.35960E-01 2.02041E+00 6.05731E+00
 -1       404-1.27680E-01 3.05612E+00 9.16294E+00
 -1       405-1.24938E-01 4.07896E+00 1.22341E+01
 -1       406-1.22633E-01 5.08449E+00 1.52499E+01
 -1       407-1.19691E-01 6.06812E+00 1.82000E+01
 -1       408-1.16210E-01 7.02561E+00 2.10718E+01
 -1       409-1.12232E-01 7.95283E+00 2.38528E+01
 -1       410-1.07770E-01 8.84579E+00 2.65310E+01
 -1       411-1.02844E-01 9.70066E+00 2.90950E+01
 -1       412-9.74751E-02 1.05137E+01 3.15337E+01
 -1       413-9.16862E-02 1.12815E+01 3.38365E+01
 -1       414-8.55025E-02 1.20007E+01 3.59935E+01
 -1       415-7.89504E-02 1.26682E+01 3.79956E+01
 -1       416-7.20582E-02 1.32811E+01 3.98339E+01
 -1       417-6.48557E-02 1.38369E+01 4.15007E+01
 -1       418-5.73737E-02 1.43330E+01 4.29887E+01
 -1       419-4.96446E-02 1.47674E+01 4.42915E+01
 -1       420-4.17023E-02 1.51381E+01 4.54035E+01
 -1       421-3.35873E-02 1.54437E+01 4.63200E+01
 -1       422-2.52557E-02 1.56827E+01 4.70368E+01
 -1       423-1.67559E-02 1.58542E+01 4.75513E+01
 -1       424-1.04342E-02 1.59567E+01 4.78643E+01
 -1       425-6.75556E-03 1.59975E+01 4.79672E+01
 -1       426 0.00000E+00 0.00000E+00 0.00000E+00
 -1       427-4.88854E-01 9.72970E-01 5.04635E+00
 -1       428-6.03715E-01 2.01814E+00 1.00782E+01
 -1       429-5.82687E-01 3.05558E+00 1.52721E+01
 -1       430-5.71439E-01 4.07903E+00 2.03896E+01
 -1       431-5.60733E-01 5.08437E+00 2.54156E+01
 -1       432-5.47228E-01 6.06801E+00 3.03323E+01
 -1       433-5.31321E-01 7.02547E+00 3.51184E+01
 -1       434-5.13131E-01 7.95268E+00 3.97533E+01
 -1       435-4.92732E-01 8.84562E+00 4.42169E+01
 -1       436-4.70210E-01 9.70047E+00 4.84900E+01
 -1       437-4.45663E-01 1.05135E+01 5.25543E+01
 -1       438-4.19196E-01 1.12813E+01 5.63922E+01
 -1       439-3.90923E-01 1.20005E+01 5.99871E+01
 -1       440-3.60967E-01 1.26680E+01 6.33237E+01
 -1       441-3.29455E-01 1.32809E+01 6.63875E+01
 -1       442-2.96525E-01 1.38366E+01 6.91654E+01
 -1       443-2.62317E-01 1.43327E+01 7.16453E+01
 -1       444-2.26979E-01 1.47671E+01 7.38166E+01
 -1       445-1.90665E-01 1.51378E+01 7.56699E+01
 -1       446-1.53544E-01 1.54434E+01 7.71973E+01
 -1       447-1.15616E-01 1.56824E+01 7.83920E+01
 -1       448-7.67838E-02 1.58539E+01 7.92487E+01
 -1       449-4.37683E-02 1.59564E+01 7.97733E+01
 -1       450-2.73477E-02 1.60038E+01 7.99474E+01
 -1       451 0.00000E+00 0.00000E+00 0.00000E+00
 -1       452-4.88854E-01-9.72970E-01-5.04635E+00
 -1       453-6.03715E-01-2.01814E+00-1.00782E+01
 -1       454-5.82687E-01-3.05558E+00-1.52721E+01
 -1       455-5.71439E-01-4.07903E+00-2.03896E+01
 -1       456-5.60733E-01-5.08437E+00-2.54156E+01
 -1       457-5.47228E-01-6.06801E+00-3.03323E+01
 -1       458-5.31321E-01-7.02547E+00-3.51184E+01
 -1       459-5.13131E-01-7.95268E+00-3.97533E+01
 -1       460-4.92732E-01-8.84562E+00-4.42169E+01
 -1       461-4.70210E-01-9.70047E+00-4.84900E+01
 -1       462-4.45663E-01-1.05135E+01-5.25543E+01
 -1       463-4.19196E-01-1.12813E+01-5.63922E+01
 -1       464-3.90923E-01-1.20005E+01-5.99871E+01
 -1       465-3.60967E-01-1.26680E+01-6.33237E+01
 -1       466-3.29455E-01-1.32809E+01-6.63875E+01
 -1       467-2.96525E-01-1.38366E+01-6.91654E+01
 -1       468-2.62317E-01-1.43327E+01-7.16453E+01
 -1       469-2.26979E-01-1.47671E+01-7.38166E+01
 -1       470-1.90665E-01-1.51378E+01-7.56699E+01
 -1       471-1.53544E-01-1.54434E+01-7.71973E+01
 -1       472-1.15616E-01-1.56824E+01-7.83920E+01
 -1       473-7.67838E-02-1.58539E+01-7.92487E+01
 -1       474-4.37683E-02-1.59564E+01-7.97733E+01
 -1       475-2.73477E-02-1.60038E+01-7.99474E+01
 -1       476 0.00000E+00 0.00000E+00 0.00000E+00
 -1       477-7.70298E-02-9.58328E-01-2.99610E+00
 -1       478-1.35960E-01-2.02041E+00-6.05731E+00
 -1       479-1.27680E-01-3.05612E+00-9.16294E+00
 -1       480-1.24938E-01-4.07896E+00-1.22341E+01
 -1       481-1.22633E-01-5.08449E+00-1.52499E+01
 -1       482-1.19691E-01-6.06812E+00-1.82000E+01
 -1       483-1.16210E-01-7.02561E+00-2.10718E+01
 -1       484-1.12232E-01-7.95283E+00-2.38528E+01
 -1       485-1.07770E-01-8.84579E+00-2.65310E+01
 -1       486-1.02844E-01-9.70066E+00-2.90950E+01
 -1       487-9.74751E-02-1.05137E+01-3.15337E+01
 -1       488-9.16862E-02-1.12815E+01-3.38365E+01
 -1       489-8.55025E-02-1.20007E+01-3.59935E+01
 -1       490-7.89504E-02-1.26682E+01-3.79956E+01
 -1       491-7.20582E-02-1.32811E+01-3.98339E+01
 -1       492-6.48557E-02-1.38369E+01-4.15007E+01
 -1       493-5.73737E-02-1.43330E+01-4.29887E+01
 -1       494-4.96446E-02-1.47674E+01-4.42915E+01
 -1       495-4.17023E-02-1.51381E+01-4.54035E+01
 -1       496-3.35873E-02-1.54437E+01-4.63200E+01
 -1       497-2.52557E-02-1.56827E+01-4.70368E+01
 -1       498-1.67559E-02-1.58542E+01-4.75513E+01
 -1       499-1.04342E-02-1.59567E+01-4.78643E+01
 -1       500-6.75556E-03-1.59975E+01-4.79672E+01
 -1       501 0.00000E+00 0.00000E+00 0.00000E+00
 -1       502 8.99281E-14-9.88603E-01-9.88603E-01
 -1       503 1.83631E-13-2.01845E+00-2.01845E+00
 -1       504 2.48690E-13-3.05545E+00-3.05545E+00
 -1       505 2.73337E-13-4.07803E+00-4.07803E+00
 -1       506 2.67786E-13-5.08353E+00-5.08353E+00
 -1       507 2.40696E-13-6.06693E+00-6.06693E+00
 -1       508 1.77636E-13-7.02423E+00-7.02423E+00
 -1       509 1.01252E-13-7.95127E+00-7.95127E+00
 -1       510-0.00000E+00-8.84406E+00-8.84406E+00
 -1       511-1.08358E-13-9.69875E+00-9.69875E+00
 -1       512-2.25597E-13-1.05117E+01-1.05117E+01
 -1       513-3.48166E-13-1.12793E+01-1.12793E+01
 -1       514-4.61853E-13-1.19984E+01-1.19984E+01
 -1       515-5.82645E-13-1.26657E+01-1.26657E+01
 -1       516-7.03437E-13-1.32785E+01-1.32785E+01
 -1       517-7.88702E-13-1.38341E+01-1.38341E+01
 -1       518-8.73968E-13-1.43302E+01-1.43302E+01
 -1       519-9.45022E-13-1.47645E+01-1.47645E+01
 -1       520-9.87654E-13-1.51352E+01-1.51352E+01
 -1       521-1.03029E-12-1.54406E+01-1.54406E+01
 -1       522-1.07292E-12-1.56796E+01-1.56796E+01
 -1       523-1.10134E-12-1.58511E+01-1.58511E+01
 -1       524-1.10845E-12-1.59548E+01-1.59548E+01
 -1       525-1.10845E-12-1.59905E+01-1.59905E+01
 -1       526 0.00000E+00 0.00000E+00 0.00000E+00
 -1       527-7.91589E-14-9.88603E-01 9.88603E-01
 -1       528-1.63647E-13-2.01845E+00 2.01845E+00
 -1       529-2.29594E-13-3.05545E+00 3.05545E+00
 -1       530-2.65343E-13-4.07803E+00 4.07803E+00
 -1       531-2.77112E-13-5.08353E+00 5.08353E+00
 -1       532-2.82441E-13-6.06693E+00 6.06693E+00
 -1       533-2.57572E-13-7.02423E+00 7.02423E+00
 -1       534-2.27374E-13-7.95127E+00 7.95127E+00
 -1       535-1.86517E-13-8.84406E+00 8.84406E+00
 -1       536-1.38556E-13-9.69875E+00 9.69875E+00
 -1       537-7.81597E-14-1.05117E+01 1.05117E+01
 -1       538-2.48690E-14-1.12793E+01 1.12793E+01
 -1       539 4.26326E-14-1.19984E+01 1.19984E+01
 -1       540 9.94760E-14-1.26657E+01 1.26657E+01
 -1       541 1.56319E-13-1.32785E+01 1.32785E+01
 -1       542 2.06057E-13-1.38341E+01 1.38341E+01
 -1       543 2.41585E-13-1.43302E+01 1.43302E+01
 -1       544 2.84217E-13-1.47645E+01 1.47645E+01
 -1       545 2.98428E-13-1.51352E+01 1.51352E+01
 -1       546 2.98428E-13-1.54406E+01 1.54406E+01
 -1       547 3.19744E-13-1.56796E+01 1.56796E+01
 -1       548 3.12639E-13-1.58511E+01 1.58511E+01
 -1       549 2.98428E-13-1.59548E+01 1.59548E+01
 -1       550 2.84217E-13-1.59905E+01 1.59905E+01
 -1       551 0.00000E+00 0.00000E+00 0.00000E+00
 -1       552 7.70298E-02-9.58328E-01 2.99610E+00
 -1       553 1.35960E-01-2.02041E+00 6.05731E+00
 -1       554 1.27680E-01-3.05612E+00 9.16294E+00
 -1       555 1.24938E-01-4.07896E+00 1.22341E+01
 -1       556 1.22633E-01-5.08449E+00 1.52499E+01
 -1       557 1.19691E-01-6.06812E+00 1.82000E+01
 -1       558 1.16210E-01-7.02561E+00 2.10718E+01
 -1       559 1.12232E-01-7.95283E+00 2.38528E+01
 -1       560 1.07770E-01-8.84579E+00 2.65310E+01
 -1       561 1.02844E-01-9.70066E+00 2.90950E+01
 -1       562 9.74751E-02-1.05137E+01 3.15337E+01
 -1       563 9.16862E-02-1.12815E+01 3.38365E+01
 -1       564 8.55025E-02-1.20007E+01 3.59935E+01
 -1       565 7.89504E-02-1.26682E+01 3.79956E+01
 -1       566 7.20582E-02-1.32811E+01 3.98339E+01
 -1       567 6.48557E-02-1.38369E+01 4.15007E+01
 -1       568 5.73737E-02-1.43330E+01 4.29887E+01
 -1       569 4.96446E-02-1.47674E+01 4.42915E+01
 -1       570 4.17023E-02-1.51381E+01 4.54035E+01
 -1       571 3.35873E-02-1.54437E+01 4.63200E+01
 -1       572 2.52557E-02-1.56827E+01 4.70368E+01
 -1       573 1.67559E-02-1.58542E+01 4.75513E+01
 -1       574 1.04342E-02-1.59567E+01 4.78643E+01
 -1       575 6.75556E-03-1.59975E+01 4.79672E+01
 -1       576 0.00000E+00 0.00000E+00 0.00000E+00
 -1       577 4.88854E-01-9.72970E-01 5.04635E+00
 -1       578 6.03715E-01-2.01814E+00 1.00782E+01
 -1       579 5.82687E-01-3.05558E+00 1.52721E+01
 -1       580 5.71439E-01-4.07903E+00 2.03896E+01
 -1       581 5.60733E-01-5.08437E+00 2.54156E+01
 -1       582 5.47228E-01-6.06801E+00 3.03323E+01
 -1       583 5.31321E-01-7.02547E+00 3.51184E+01
 -1       584 5.13131E-01-7.95268E+00 3.97533E+01
 -1       585 4.92732E-01-8.84562E+00 4.42169E+01
 -1       586 4.70210E-01-9.70047E+00 4.84900E+01
 -1       587 4.45663E-01-1.05135E+01 5.25543E+01
 -1       588 4.19196E-01-1.12813E+01 5.63922E+01
 -1       589 3.90923E-01-1.20005E+01 5.99871E+01
 -1       590 3.60967E-01-1.26680E+01 6.33237E+01
 -1       591 3.29455E-01-1.32809E+01 6.63875E+01
 -1       592 2.96525E-01-1.38366E+01 6.91654E+01
 -1       593 2.62317E-01-1.43327E+01 7.16453E+01
 -1       594 2.26979E-01-1.47671E+01 7.38166E+01
 -1       595 1.90665E-01-1.51378E+01 7.56699E+01
 -1       596 1.53544E-01-1.54434E+01 7.71973E+01
 -1       597 1.15616E-01-1.56824E+01 7.83920E+01
 -1       598 7.67838E-02-1.58539E+01 7.92487E+01
 -1       599 4.37683E-02-1.59564E+01 7.97733E+01
 -1       600 2.73477E-02-1.60038E+01 7.99474E+01
 -1       601 0.00000E+00 0.00000E+00 0.00000E+00
 -1       602-1.20297E+00-2.89983E+00-4.82697E+00
 -1       603-1.31691E+00-6.04389E+00-1.00833E+01
 -1       604-1.27122E+00-9.17072E+00-1.52818E+01
 -1       605-1.25062E+00-1.22371E+01-2.03953E+01
 -1       606-1.22683E+00-1.52539E+01-2.54228E+01
 -1       607-1.19727E+00-1.82048E+01-3.03410E+01
 -1       608-1.16246E+00-2.10774E+01-3.51286E+01
 -1       609-1.12267E+00-2.38591E+01-3.97647E+01
 -1       610-1.07804E+00-2.65381E+01-4.42296E+01
 -1       611-1.02876E+00-2.91028E+01-4.85040E+01
 -1       612-9.75054E-01-3.15420E+01-5.25694E+01
 -1       613-9.17148E-01-3.38455E+01-5.64084E+01
 -1       614-8.55291E-01-3.60031E+01-6.00044E+01
 -1       615-7.89750E-01-3.80057E+01-6.33420E+01
 -1       616-7.20806E-01-3.98445E+01-6.64067E+01
 -1       617-6.48758E-01-4.15117E+01-6.91853E+01
 -1       618-5.73916E-01-4.30001E+01-7.16659E+01
 -1       619-4.96600E-01-4.43033E+01-7.38379E+01
 -1       620-4.17150E-01-4.54156E+01-7.56917E+01
 -1       621-3.35925E-01-4.63323E+01-7.72195E+01
 -1       622-2.53103E-01-4.70494E+01-7.84148E+01
 -1       623-1.68087E-01-4.75635E+01-7.92714E+01
 -1       624-9.01373E-02-4.78707E+01-7.97868E+01
 -1       625-5.18552E-02-4.80029E+01-7.99736E+01
 -1       626 0.00000E+00 0.00000E+00 0.00000E+00
 -1       627 3.09974E-13-2.88684E+00-2.88684E+00
 -1       628 6.29718E-13-6.05970E+00-6.05970E+00
 -1       629 8.31335E-13-9.16753E+00-9.16753E+00
 -1       630 9.34253E-13-1.22371E+01-1.22371E+01
 -1       631 9.41025E-13-1.52535E+01-1.52535E+01
 -1       632 8.56204E-13-1.82044E+01-1.82044E+01
 -1       633 7.06990E-13-2.10768E+01-2.10768E+01
 -1       634 4.99156E-13-2.38585E+01-2.38585E+01
 -1       635 2.28262E-13-2.65374E+01-2.65374E+01
 -1       636-7.38992E-14-2.91020E+01-2.91020E+01
 -1       637-4.00124E-13-3.15412E+01-3.15412E+01
 -1       638-7.49623E-13-3.38446E+01-3.38446E+01
 -1       639-1.09779E-12-3.60021E+01-3.60021E+01
 -1       640-1.42109E-12-3.80046E+01-3.80046E+01
 -1       641-1.72662E-12-3.98434E+01-3.98434E+01
 -1       642-2.00373E-12-4.15106E+01-4.15106E+01
 -1       643-2.22400E-12-4.29989E+01-4.29989E+01
 -1       644-2.41585E-12-4.43021E+01-4.43021E+01
 -1       645-2.56506E-12-4.54144E+01-4.54144E+01
 -1       646-2.67875E-12-4.63310E+01-4.63310E+01
 -1       647-2.77822E-12-4.70482E+01-4.70482E+01
 -1       648-2.82796E-12-4.75625E+01-4.75625E+01
 -1       649-2.86349E-12-4.78709E+01-4.78709E+01
 -1       650-2.84928E-12-4.79876E+01-4.79876E+01
 -1       651 0.00000E+00 0.00000E+00 0.00000E+00
 -1       652 7.70298E-02-2.99610E+00-9.58328E-01
 -1       653 1.35960E-01-6.05731E+00-2.02041E+00
 -1       654 1.27680E-01-9.16294E+00-3.05612E+00
 -1       655 1.24938E-01-1.22341E+01-4.07896E+00
 -1       656 1.22633E-01-1.52499E+01-5.08449E+00
 -1       657 1.19691E-01-1.82000E+01-6.06812E+00
 -1       658 1.16210E-01-2.10718E+01-7.02561E+00
 -1       659 1.12232E-01-2.38528E+01-7.95283E+00
 -1       660 1.07770E-01-2.65310E+01-8.84579E+00
 -1       661 1.02844E-01-2.90950E+01-9.70066E+00
 -1       662 9.74751E-02-3.15337E+01-1.05137E+01
 -1       663 9.16862E-02-3.38365E+01-1.12815E+01
 -1       664 8.55025E-02-3.59935E+01-1.20007E+01
 -1       665 7.89504E-02-3.79956E+01-1.26682E+01
 -1       666 7.20582E-02-3.98339E+01-1.32811E+01
 -1       667 6.48557E-02-4.15007E+01-1.38369E+01
 -1       668 5.73737E-02-4.29887E+01-1.43330E+01
 -1       669 4.96446E-02-4.42915E+01-1.47674E+01
 -1       670 4.17023E-02-4.54035E+01-1.51381E+01
 -1       671 3.35873E-02-4.63200E+01-1.54437E+01
 -1       672 2.52557E-02-4.70368E+01-1.56827E+01
 -1       673 1.67559E-02-4.75513E+01-1.58542E+01
 -1       674 1.04342E-02-4.78643E+01-1.59567E+01
 -1       675 6.75556E-03-4.79672E+01-1.59975E+01
 -1       676 0.00000E+00 0.00000E+00 0.00000E+00
 -1       677-7.70298E-02-2.99610E+00 9.58328E-01
 -1       678-1.35960E-01-6.05731E+00 2.02041E+00
 -1       679-1.27680E-01-9.16294E+00 3.05612E+00
 -1       680-1.24938E-01-1.22341E+01 4.07896E+00
 -1       681-1.22633E-01-1.52499E+01 5.08449E+00
 -1       682-1.19691E-01-1.82000E+01 6.06812E+00
 -1       683-1.16210E-01-2.10718E+01 7.02561E+00
 -1       684-1.12232E-01-2.38528E+01 7.95283E+00
 -1       685-1.07770E-01-2.65310E+01 8.84579E+00
 -1       686-1.02844E-01-2.90950E+01 9.70066E+00
 -1       687-9.74751E-02-3.15337E+01 1.05137E+01
 -1       688-9.16862E-02-3.38365E+01 1.12815E+01
 -1       689-8.55025E-02-3.59935E+01 1.20007E+01
 -1       690-7.89504E-02-3.79956E+01 1.26682E+01
 -1       691-7.20582E-02-3.98339E+01 1.32811E+01
 -1       692-6.48557E-02-4.15007E+01 1.38369E+01
 -1       693-5.73737E-02-4.29887E+01 1.43330E+01
 -1       694-4.96446E-02-4.42915E+01 1.47674E+01
 -1       695-4.17023E-02-4.54035E+01 1.51381E+01
 -1       696-3.35873E-02-4.63200E+01 1.54437E+01
 -1       697-2.52557E-02-4.70368E+01 1.56827E+01
 -1       698-1.67559E-02-4.75513E+01 1.58542E+01
 -1       699-1.04342E-02-4.78643E+01 1.59567E+01
 -1       700-6.75556E-03-4.79672E+01 1.59975E+01
 -1       701 0.00000E+00 0.00000E+00 0.00000E+00
 -1       702-2.36255E-13-2.88684E+00 2.88684E+00
 -1       703-4.82281E-13-6.05970E+00 6.05970E+00
 -1       704-6.39044E-13-9.16753E+00 9.16753E+00
 -1       705-7.29639E-13-1.22371E+01 1.22371E+01
 -1       706-7.54952E-13-1.52535E+01 1.52535E+01
 -1       707-7.21201E-13-1.82044E+01 1.82044E+01
 -1       708-6.34159E-13-2.10768E+01 2.10768E+01
 -1       709-5.17364E-13-2.38585E+01 2.38585E+01
 -1       710-3.51275E-13-2.65374E+01 2.65374E+01
 -1       711-1.74083E-13-2.91020E+01 2.91020E+01
 -1       712 2.48690E-14-3.15412E+01 3.15412E+01
 -1       713 2.34479E-13-3.38446E+01 3.38446E+01
 -1       714 4.33431E-13-3.60021E+01 3.60021E+01
 -1       715 6.32383E-13-3.80046E+01 3.80046E+01
 -1       716 8.17124E-13-3.98434E+01 3.98434E+01
 -1       717 9.94760E-13-4.15106E+01 4.15106E+01
 -1       718 1.12266E-12-4.29989E+01 4.29989E+01
 -1       719 1.22924E-12-4.43021E+01 4.43021E+01
 -1       720 1.29319E-12-4.54144E+01 4.54144E+01
 -1       721 1.35714E-12-4.63310E+01 4.63310E+01
 -1       722 1.39266E-12-4.70482E+01 4.70482E+01
 -1       723 1.39977E-12-4.75625E+01 4.75625E+01
 -1       724 1.38556E-12-4.78709E+01 4.78709E+01
 -1       725 1.37135E-12-4.79876E+01 4.79876E+01
 -1       726 0.00000E+00 0.00000E+00 0.00000E+00
 -1       727 1.20297E+00-2.89983E+00 4.82697E+00
 -1       728 1.31691E+00-6.04389E+00 1.00833E+01
 -1       729 1.27122E+00-9.17072E+00 1.52818E+01
 -1       730 1.25062E+00-1.22371E+01 2.03953E+01
 -1       731 1.22683E+00-1.52539E+01 2.54228E+01
 -1       732 1.19727E+00-1.82048E+01 3.03410E+01
 -1       733 1.16246E+00-2.10774E+01 3.51286E+01
 -1       734 1.12267E+00-2.38591E+01 3.97647E+01
 -1       735 1.07804E+00-2.65381E+01 4.42296E+01
 -1       736 1.02876E+00-2.91028E+01 4.85040E+01
 -1       737 9.75054E-01-3.15420E+01 5.25694E+01
 -1       738 9.17148E-01-3.38455E+01 5.64084E+01
 -1       739 8.55291E-01-3.60031E+01 6.00044E+01
 -1       740 7.89750E-01-3.80057E+01 6.33420E+01
 -1       741 7.20806E-01-3.98445E+01 6.64067E+01
 -1       742 6.48758E-01-4.15117E+01 6.91853E+01
 -1       743 5.73916E-01-4.30001E+01 7.16659E+01
 -1       744 4.96600E-01-4.43033E+01 7.38379E+01
 -1       745 4.17150E-01-4.54156E+01 7.56917E+01
 -1       746 3.35925E-01-4.63323E+01 7.72195E+01
 -1       747 2.53103E-01-4.70494E+01 7.84148E+01
 -1       748 1.68087E-01-4.75635E+01 7.92714E+01
 -1       749 9.01373E-02-4.78707E+01 7.97868E+01
 -1       750 5.18552E-02-4.80029E+01 7.99736E+01
 -1       751 0.00000E+00 0.00000E+00 0.00000E+00
 -1       752 6.78568E-13-4.64859E+00-4.64859E+00
 -1       753 1.14930E-12-1.00958E+01-1.00958E+01
 -1       754 1.47965E-12-1.52874E+01-1.52874E+01
 -1       755 1.66489E-12-2.04002E+01-2.04002E+01
 -1       756 1.68399E-12-2.54287E+01-2.54287E+01
 -1       757 1.53477E-12-3.03481E+01-3.03481E+01
 -1       758 1.26121E-12-3.51367E+01-3.51367E+01
 -1       759 9.02389E-13-3.97740E+01-3.97740E+01
 -1       760 4.80060E-13-4.42399E+01-4.42399E+01
 -1       761-1.42109E-14-4.85153E+01-4.85153E+01
 -1       762-5.76955E-13-5.25817E+01-5.25817E+01
 -1       763-1.15463E-12-5.64216E+01-5.64216E+01
 -1       764-1.73372E-12-6.00184E+01-6.00184E+01
 -1       765-2.27374E-12-6.33568E+01-6.33568E+01
 -1       766-2.77822E-12-6.64222E+01-6.64222E+01
 -1       767-3.22586E-12-6.92014E+01-6.92014E+01
 -1       768-3.62377E-12-7.16826E+01-7.16826E+01
 -1       769-3.95062E-12-7.38551E+01-7.38551E+01
 -1       770-4.17799E-12-7.57094E+01-7.57094E+01
 -1       771-4.36273E-12-7.72375E+01-7.72375E+01
 -1       772-4.51195E-12-7.84332E+01-7.84332E+01
 -1       773-4.59011E-12-7.92901E+01-7.92901E+01
 -1       774-4.59011E-12-7.97980E+01-7.97980E+01
 -1       775-4.57590E-12-7.99955E+01-7.99955E+01
 -1       776 0.00000E+00 0.00000E+00 0.00000E+00
 -1       777 1.20297E+00-4.82697E+00-2.89983E+00
 -1       778 1.31691E+00-1.00833E+01-6.04389E+00
 -1       779 1.27122E+00-1.52818E+01-9.17072E+00
 -1       780 1.25062E+00-2.03953E+01-1.22371E+01
 -1       781 1.22683E+00-2.54228E+01-1.52539E+01
 -1       782 1.19727E+00-3.03410E+01-1.82048E+01
 -1       783 1.16246E+00-3.51286E+01-2.10774E+01
 -1       784 1.12267E+00-3.97647E+01-2.38591E+01
 -1       785 1.07804E+00-4.42296E+01-2.65381E+01
 -1       786 1.02876E+00-4.85040E+01-2.91028E+01
 -1       787 9.75054E-01-5.25694E+01-3.15420E+01
 -1       788 9.17148E-01-5.64084E+01-3.38455E+01
 -1       789 8.55291E-01-6.00044E+01-3.60031E+01
 -1       790 7.89750E-01-6.33420E+01-3.80057E+01
 -1       791 7.20806E-01-6.64067E+01-3.98445E+01
 -1       792 6.48758E-01-6.91853E+01-4.15117E+01
 -1       793 5.73916E-01-7.16659E+01-4.30001E+01
 -1       794 4.96600E-01-7.38379E+01-4.43033E+01
 -1       795 4.17150E-01-7.56917E+01-4.54156E+01
 -1       796 3.35925E-01-7.72195E+01-4.63323E+01
 -1       797 2.53103E-01-7.84148E+01-4.70494E+01
 -1       798 1.68087E-01-7.92714E+01-4.75635E+01
 -1       799 9.01373E-02-7.97868E+01-4.78707E+01
 -1       800 5.18552E-02-7.99736E+01-4.80029E+01
 -1       801 0.00000E+00 0.00000E+00 0.00000E+00
 -1       802 4.88854E-01-5.04635E+00-9.72970E-01
 -1       803 6.03715E-01-1.00782E+01-2.01814E+00
 -1       804 5.82687E-01-1.52721E+01-3.05558E+00
 -1       805 5.71439E-01-2.03896E+01-4.07903E+00
 -1       806 5.60733E-01-2.54156E+01-5.08437E+00
 -1       807 5.47228E-01-3.03323E+01-6.06801E+00
 -1       808 5.31321E-01-3.51184E+01-7.02547E+00
 -1       809 5.13131E-01-3.97533E+01-7.95268E+00
 -1       810 4.92732E-01-4.42169E+01-8.84562E+00
 -1       811 4.70210E-01-4.84900E+01-9.70047E+00
 -1       812 4.45663E-01-5.25543E+01-1.05135E+01
 -1       813 4.19196E-01-5.63922E+01-1.12813E+01
 -1       814 3.90923E-01-5.99871E+01-1.20005E+01
 -1       815 3.60967E-01-6.33237E+01-1.26680E+01
 -1       816 3.29455E-01-6.63875E+01-1.32809E+01
 -1       817 2.96525E-01-6.91654E+01-1.38366E+01
 -1       818 2.62317E-01-7.16453E+01-1.43327E+01
 -1       819 2.26979E-01-7.38166E+01-1.47671E+01
 -1       820 1.90665E-01-7.56699E+01-1.51378E+01
 -1       821 1.53544E-01-7.71973E+01-1.54434E+01
 -1       822 1.15616E-01-7.83920E+01-1.56824E+01
 -1       823 7.67838E-02-7.92487E+01-1.58539E+01
 -1       824 4.37683E-02-7.97733E+01-1.59564E+01
 -1       825 2.73477E-02-7.99474E+01-1.60038E+01
 -1       826 0.00000E+00 0.00000E+00 0.00000E+00
 -1       827-4.88854E-01-5.04635E+00 9.72970E-01
 -1       828-6.03715E-01-1.00782E+01 2.01814E+00
 -1       829-5.82687E-01-1.52721E+01 3.05558E+00
 -1       830-5.71439E-01-2.03896E+01 4.07903E+00
 -1       831-5.60733E-01-2.54156E+01 5.08437E+00
 -1       832-5.47228E-01-3.03323E+01 6.06801E+00
 -1       833-5.31321E-01-3.51184E+01 7.02547E+00
 -1       834-5.13131E-01-3.97533E+01 7.95268E+00
 -1       835-4.92732E-01-4.42169E+01 8.84562E+00
 -1       836-4.70210E-01-4.84900E+01 9.70047E+00
 -1       837-4.45663E-01-5.25543E+01 1.05135E+01
 -1       838-4.19196E-01-5.63922E+01 1.12813E+01
 -1       839-3.90923E-01-5.99871E+01 1.20005E+01
 -1       840-3.60967E-01-6.33237E+01 1.26680E+01
 -1       841-3.29455E-01-6.63875E+01 1.32809E+01
 -1       842-2.96525E-01-6.91654E+01 1.38366E+01
 -1       843-2.62317E-01-7.16453E+01 1.43327E+01
 -1       844-2.26979E-01-7.38166E+01 1.47671E+01
 -1       845-1.90665E-01-7.56699E+01 1.51378E+01
 -1       846-1.53544E-01-7.71973E+01 1.54434E+01
 -1       847-1.15616E-01-7.83920E+01 1.56824E+01
 -1       848-7.67838E-02-7.92487E+01 1.58539E+01
 -1       849-4.37683E-02-7.97733E+01 1.59564E+01
 -1       850-2.73477E-02-7.99474E+01 1.60038E+01
 -1       851 0.00000E+00 0.00000E+00 0.00000E+00
 -1       852-1.20297E+00-4.82697E+00 2.89983E+00
 -1       853-1.31691E+00-1.00833E+01 6.04389E+00
 -1       854-1.27122E+00-1.52818E+01 9.17072E+00
 -1       855-1.25062E+00-2.03953E+01 1.22371E+01
 -1       856-1.22683E+00-2.54228E+01 1.52539E+01
 -1       857-1.19727E+00-3.03410E+01 1.82048E+01
 -1       858-1.16246E+00-3.51286E+01 2.10774E+01
 -1       859-1.12267E+00-3.97647E+01 2.38591E+01
 -1       860-1.07804E+00-4.42296E+01 2.65381E+01
 -1       861-1.02876E+00-4.85040E+01 2.91028E+01
 -1       862-9.75054E-01-5.25694E+01 3.15420E+01
 -1       863-9.17148E-01-5.64084E+01 3.38455E+01
 -1       864-8.55291E-01-6.00044E+01 3.60031E+01
 -1       865-7.89750E-01-6.33420E+01 3.80057E+01
 -1       866-7.20806E-01-6.64067E+01 3.98445E+01
 -1       867-6.48758E-01-6.91853E+01 4.15117E+01
 -1       868-5.73916E-01-7.16659E+01 4.30001E+01
 -1       869-4.96600E-01-7.38379E+01 4.43033E+01
 -1       870-4.17150E-01-7.56917E+01 4.54156E+01
 -1       871-3.35925E-01-7.72195E+01 4.63323E+01
 -1       872-2.53103E-01-7.84148E+01 4.70494E+01
 -1       873-1.68087E-01-7.92714E+01 4.75635E+01
 -1       874-9.01373E-02-7.97868E+01 4.78707E+01
 -1       875-5.18552E-02-7.99736E+01 4.80029E+01
 -1       876 0.00000E+00 0.00000E+00 0.00000E+00
 -1       877-5.04485E-13-4.64859E+00 4.64859E+00
 -1       878-8.54428E-13-1.00958E+01 1.00958E+01
 -1       879-1.10401E-12-1.52874E+01 1.52874E+01
 -1       880-1.24123E-12-2.04002E+01 2.04002E+01
 -1       881-1.25677E-12-2.54287E+01 2.54287E+01
 -1       882-1.19549E-12-3.03481E+01 3.03481E+01
 -1       883-1.04983E-12-3.51367E+01 3.51367E+01
 -1       884-8.20677E-13-3.97740E+01 3.97740E+01
 -1       885-5.35127E-13-4.42399E+01 4.42399E+01
 -1       886-2.23821E-13-4.85153E+01 4.85153E+01
 -1       887 1.24345E-13-5.25817E+01 5.25817E+01
 -1       888 4.90274E-13-5.64216E+01 5.64216E+01
 -1       889 8.31335E-13-6.00184E+01 6.00184E+01
 -1       890 1.17950E-12-6.33568E+01 6.33568E+01
 -1       891 1.49925E-12-6.64222E+01 6.64222E+01
 -1       892 1.80478E-12-6.92014E+01 6.92014E+01
 -1       893 2.05347E-12-7.16826E+01 7.16826E+01
 -1       894 2.20979E-12-7.38551E+01 7.38551E+01
 -1       895 2.34834E-12-7.57094E+01 7.57094E+01
 -1       896 2.41585E-12-7.72375E+01 7.72375E+01
 -1       897 2.48690E-12-7.84332E+01 7.84332E+01
 -1       898 2.46558E-12-7.92901E+01 7.92901E+01
 -1       899 2.47979E-12-7.97980E+01 7.97980E+01
 -1       900 2.45848E-12-7.99955E+01 7.99955E+01
 -3
    1PSTEP                         6           1           1          
    1PGM                1.000000E+00                                  
    1PGK                2.967163E+09                                  
    1PHID                         -1                                  
    1PSUBC                         0                                  
    1PMODE                         6                                  
  100CL  106 8669.436092         900                     2    6MODAL      1
 -4  DISP        4    1
 -5  D1          1    2    1    0
 -5  D2          1    2    2    0
 -5  D3          1    2    3    0
 -5  ALL         1    2    0    0    1ALL
 -1         1 0.00000E+00 0.00000E+00 0.00000E+00
 -1         2-4.43313E+00-1.90242E+00-1.90242E+00
 -1         3-8.20369E+00-2.04071E+00-2.04071E+00
 -1         4-1.22407E+01-2.05749E+00-2.05749E+00
 -1         5-1.63948E+01-2.00907E+00-2.00907E+00
 -1         6-2.05130E+01-1.96502E+00-1.96502E+00
 -1         7-2.45443E+01-1.91650E+00-1.91650E+00
 -1         8-2.84666E+01-1.86122E+00-1.86122E+00
 -1         9-3.22647E+01-1.79788E+00-1.79788E+00
 -1        10-3.59229E+01-1.72670E+00-1.72670E+00
 -1        11-3.94254E+01-1.64800E+00-1.64800E+00
 -1        12-4.27572E+01-1.56215E+00-1.56215E+00
 -1        13-4.59038E+01-1.46954E+00-1.46954E+00
 -1        14-4.88515E+01-1.37057E+00-1.37057E+00
 -1        15-5.15877E+01-1.26565E+00-1.26565E+00
 -1        16-5.41003E+01-1.15526E+00-1.15526E+00
 -1        17-5.63786E+01-1.03986E+00-1.03986E+00
 -1        18-5.84127E+01-9.19956E-01-9.19956E-01
 -1        19-6.01937E+01-7.96072E-01-7.96072E-01
 -1        20-6.17139E+01-6.68719E-01-6.68719E-01
 -1        21-6.29668E+01-5.38381E-01-5.38381E-01
 -1        22-6.39473E+01-4.05368E-01-4.05368E-01
 -1        23-6.46540E+01-2.71051E-01-2.71051E-01
 -1        24-6.50896E+01-1.37194E-01-1.37194E-01
 -1        25-6.52527E+01-3.76819E-02-3.76819E-02
 -1        26 0.00000E+00 0.00000E+00 0.00000E+00
 -1        27-4.01798E+00-1.01635E+00-1.91913E+00
 -1        28-8.10804E+00-1.28552E+00-2.07403E+00
 -1        29-1.22401E+01-1.24917E+00-2.05755E+00
 -1        30-1.64154E+01-1.21092E+00-2.00961E+00
 -1        31-2.05372E+01-1.18029E+00-1.96471E+00
 -1        32-2.45711E+01-1.15128E+00-1.91659E+00
 -1        33-2.84971E+01-1.11822E+00-1.86138E+00
 -1        34-3.22992E+01-1.08026E+00-1.79806E+00
 -1        35-3.59613E+01-1.03750E+00-1.72686E+00
 -1        36-3.94676E+01-9.90211E-01-1.64815E+00
 -1        37-4.28030E+01-9.38629E-01-1.56230E+00
 -1        38-4.59529E+01-8.82983E-01-1.46968E+00
 -1        39-4.89038E+01-8.23512E-01-1.37069E+00
 -1        40-5.16429E+01-7.60475E-01-1.26577E+00
 -1        41-5.41582E+01-6.94143E-01-1.15537E+00
 -1        42-5.64389E+01-6.24805E-01-1.03996E+00
 -1        43-5.84752E+01-5.52763E-01-9.20042E-01
 -1        44-6.02581E+01-4.78330E-01-7.96148E-01
 -1        45-6.17800E+01-4.01819E-01-6.68791E-01
 -1        46-6.30343E+01-3.23452E-01-5.38440E-01
 -1        47-6.40156E+01-2.43331E-01-4.05417E-01
 -1        48-6.47216E+01-1.61511E-01-2.70646E-01
 -1        49-6.51503E+01-8.32287E-02-1.35748E-01
 -1        50-6.53067E+01-1.94795E-02-3.75806E-02
 -1        51 0.00000E+00 0.00000E+00 0.00000E+00
 -1        52-3.95072E+00-3.21691E-01-1.96550E+00
 -1        53-7.99685E+00-4.30511E-01-2.09194E+00
 -1        54-1.22206E+01-4.23378E-01-2.06709E+00
 -1        55-1.64225E+01-4.04295E-01-2.00936E+00
 -1        56-2.05497E+01-3.93838E-01-1.96423E+00
 -1        57-2.45849E+01-3.83925E-01-1.91627E+00
 -1        58-2.85125E+01-3.72981E-01-1.86122E+00
 -1        59-3.23165E+01-3.60332E-01-1.79794E+00
 -1        60-3.59805E+01-3.46074E-01-1.72675E+00
 -1        61-3.94887E+01-3.30300E-01-1.64804E+00
 -1        62-4.28259E+01-3.13094E-01-1.56219E+00
 -1        63-4.59775E+01-2.94532E-01-1.46958E+00
 -1        64-4.89300E+01-2.74695E-01-1.37060E+00
 -1        65-5.16705E+01-2.53668E-01-1.26568E+00
 -1        66-5.41872E+01-2.31542E-01-1.15529E+00
 -1        67-5.64692E+01-2.08413E-01-1.03988E+00
 -1        68-5.85065E+01-1.84383E-01-9.19979E-01
 -1        69-6.02904E+01-1.59556E-01-7.96096E-01
 -1        70-6.18131E+01-1.34033E-01-6.68754E-01
 -1        71-6.30680E+01-1.07890E-01-5.38422E-01
 -1        72-6.40496E+01-8.10505E-02-4.05253E-01
 -1        73-6.47539E+01-5.36922E-02-2.70192E-01
 -1        74-6.51817E+01-2.79818E-02-1.34231E-01
 -1        75-6.53378E+01-5.98938E-03-3.84301E-02
 -1        76 0.00000E+00 0.00000E+00 0.00000E+00
 -1        77-3.95072E+00 3.21691E-01-1.96550E+00
 -1        78-7.99685E+00 4.30511E-01-2.09194E+00
 -1        79-1.22206E+01 4.23378E-01-2.06709E+00
 -1        80-1.64225E+01 4.04295E-01-2.00936E+00
 -1        81-2.05497E+01 3.93838E-01-1.96423E+00
 -1        82-2.45849E+01 3.83925E-01-1.91627E+00
 -1        83-2.85125E+01 3.72981E-01-1.86122E+00
 -1        84-3.23165E+01 3.60332E-01-1.79794E+00
 -1        85-3.59805E+01 3.46074E-01-1.72675E+00
 -1        86-3.94887E+01 3.30300E-01-1.64804E+00
 -1        87-4.28259E+01 3.13094E-01-1.56219E+00
 -1        88-4.59775E+01 2.94532E-01-1.46958E+00
 -1        89-4.89300E+01 2.74695E-01-1.37060E+00
 -1        90-5.16705E+01 2.53668E-01-1.26568E+00
 -1        91-5.41872E+01 2.31542E-01-1.15529E+00
 -1        92-5.64692E+01 2.08413E-01-1.03988E+00
 -1        93-5.85065E+01 1.84383E-01-9.19979E-01
 -1        94-6.02904E+01 1.59556E-01-7.96096E-01
 -1        95-6.18131E+01 1.34033E-01-6.68754E-01
 -1        96-6.30680E+01 1.07890E-01-5.38422E-01
 -1        97-6.40496E+01 8.10505E-02-4.05253E-01
 -1        98-6.47539E+01 5.36922E-02-2.70192E-01
 -1        99-6.51817E+01 2.79818E-02-1.34231E-01
 -1       100-6.53378E+01 5.98938E-03-3.84301E-02
 -1       101 0.00000E+00 0.00000E+00 0.00000E+00
 -1       102-4.01798E+00 1.01635E+00-1.91913E+00
 -1       103-8.10804E+00 1.28552E+00-2.07403E+00
 -1       104-1.22401E+01 1.24917E+00-2.05755E+00
 -1       105-1.64154E+01 1.21092E+00-2.00961E+00
 -1       106-2.05372E+01 1.18029E+00-1.96471E+00
 -1       107-2.45711E+01 1.15128E+00-1.91659E+00
 -1       108-2.84971E+01 1.11822E+00-1.86138E+00
 -1       109-3.22992E+01 1.08026E+00-1.79806E+00
 -1       110-3.59613E+01 1.03750E+00-1.72686E+00
 -1       111-3.94676E+01 9.90211E-01-1.64815E+00
 -1       112-4.28030E+01 9.38629E-01-1.56230E+00
 -1       113-4.59529E+01 8.82983E-01-1.46968E+00
 -1       114-4.89038E+01 8.23512E-01-1.37069E+00
 -1       115-5.16429E+01 7.60475E-01-1.26577E+00
 -1       116-5.41582E+01 6.94143E-01-1.15537E+00
 -1       117-5.64389E+01 6.24805E-01-1.03996E+00
 -1       118-5.84752E+01 5.52763E-01-9.20042E-01
 -1       119-6.02581E+01 4.78330E-01-7.96148E-01
 -1       120-6.17800E+01 4.01819E-01-6.68791E-01
 -1       121-6.30343E+01 3.23452E-01-5.38440E-01
 -1       122-6.40156E+01 2.43331E-01-4.05417E-01
 -1       123-6.47216E+01 1.61511E-01-2.70646E-01
 -1       124-6.51503E+01 8.32287E-02-1.35748E-01
 -1       125-6.53067E+01 1.94795E-02-3.75806E-02
 -1       126 0.00000E+00 0.00000E+00 0.00000E+00
 -1       127-4.43313E+00 1.90242E+00-1.90242E+00
 -1       128-8.20369E+00 2.04071E+00-2.04071E+00
 -1       129-1.22407E+01 2.05749E+00-2.05749E+00
 -1       130-1.63948E+01 2.00907E+00-2.00907E+00
 -1       131-2.05130E+01 1.96502E+00-1.96502E+00
 -1       132-2.45443E+01 1.91650E+00-1.91650E+00
 -1       133-2.84666E+01 1.86122E+00-1.86122E+00
 -1       134-3.22647E+01 1.79788E+00-1.79788E+00
 -1       135-3.59229E+01 1.72670E+00-1.72670E+00
 -1       136-3.94254E+01 1.64800E+00-1.64800E+00
 -1       137-4.27572E+01 1.56215E+00-1.56215E+00
 -1       138-4.59038E+01 1.46954E+00-1.46954E+00
 -1       139-4.88515E+01 1.37057E+00-1.37057E+00
 -1       140-5.15877E+01 1.26565E+00-1.26565E+00
 -1       141-5.41003E+01 1.15526E+00-1.15526E+00
 -1       142-5.63786E+01 1.03986E+00-1.03986E+00
 -1       143-5.84127E+01 9.19956E-01-9.19956E-01
 -1       144-6.01937E+01 7.96072E-01-7.96072E-01
 -1       145-6.17139E+01 6.68719E-01-6.68719E-01
 -1       146-6.29668E+01 5.38381E-01-5.38381E-01
 -1       147-6.39473E+01 4.05368E-01-4.05368E-01
 -1       148-6.46540E+01 2.71051E-01-2.71051E-01
 -1       149-6.50896E+01 1.37194E-01-1.37194E-01
 -1       150-6.52527E+01 3.76819E-02-3.76819E-02
 -1       151 0.00000E+00 0.00000E+00 0.00000E+00
 -1       152-4.01798E+00-1.91913E+00-1.01635E+00
 -1       153-8.10804E+00-2.07403E+00-1.28552E+00
 -1       154-1.22401E+01-2.05755E+00-1.24917E+00
 -1       155-1.64154E+01-2.00961E+00-1.21092E+00
 -1       156-2.05372E+01-1.96471E+00-1.18029E+00
 -1       157-2.45711E+01-1.91659E+00-1.15128E+00
 -1       158-2.84971E+01-1.86138E+00-1.11822E+00
 -1       159-3.22992E+01-1.79806E+00-1.08026E+00
 -1       160-3.59613E+01-1.72686E+00-1.03750E+00
 -1       161-3.94676E+01-1.64815E+00-9.90211E-01
 -1       162-4.28030E+01-1.56230E+00-9.38629E-01
 -1       163-4.59529E+01-1.46968E+00-8.82983E-01
 -1       164-4.89038E+01-1.37069E+00-8.23512E-01
 -1       165-5.16429E+01-1.26577E+00-7.60475E-01
 -1       166-5.41582E+01-1.15537E+00-6.94143E-01
 -1       167-5.64389E+01-1.03996E+00-6.24805E-01
 -1       168-5.84752E+01-9.20042E-01-5.52763E-01
 -1       169-6.02581E+01-7.96148E-01-4.78330E-01
 -1       170-6.17800E+01-6.68791E-01-4.01819E-01
 -1       171-6.30343E+01-5.38440E-01-3.23452E-01
 -1       172-6.40156E+01-4.05417E-01-2.43331E-01
 -1       173-6.47216E+01-2.70646E-01-1.61511E-01
 -1       174-6.51503E+01-1.35748E-01-8.32287E-02
 -1       175-6.53067E+01-3.75806E-02-1.94795E-02
 -1       176 0.00000E+00 0.00000E+00 0.00000E+00
 -1       177-3.59750E+00-1.01557E+00-1.01557E+00
 -1       178-8.01612E+00-1.28720E+00-1.28720E+00
 -1       179-1.22449E+01-1.24886E+00-1.24886E+00
 -1       180-1.64364E+01-1.21060E+00-1.21060E+00
 -1       181-2.05616E+01-1.18029E+00-1.18029E+00
 -1       182-2.45978E+01-1.15130E+00-1.15130E+00
 -1       183-2.85276E+01-1.11825E+00-1.11825E+00
 -1       184-3.23337E+01-1.08028E+00-1.08028E+00
 -1       185-3.59997E+01-1.03752E+00-1.03752E+00
 -1       186-3.95098E+01-9.90230E-01-9.90230E-01
 -1       187-4.28487E+01-9.38648E-01-9.38648E-01
 -1       188-4.60020E+01-8.83000E-01-8.83000E-01
 -1       189-4.89561E+01-8.23529E-01-8.23529E-01
 -1       190-5.16981E+01-7.60490E-01-7.60490E-01
 -1       191-5.42161E+01-6.94157E-01-6.94157E-01
 -1       192-5.64993E+01-6.24817E-01-6.24817E-01
 -1       193-5.85377E+01-5.52773E-01-5.52773E-01
 -1       194-6.03226E+01-4.78340E-01-4.78340E-01
 -1       195-6.18461E+01-4.01828E-01-4.01828E-01
 -1       196-6.31018E+01-3.23462E-01-3.23462E-01
 -1       197-6.40841E+01-2.43357E-01-2.43357E-01
 -1       198-6.47894E+01-1.61488E-01-1.61488E-01
 -1       199-6.52109E+01-8.31481E-02-8.31481E-02
 -1       200-6.53601E+01-1.94230E-02-1.94230E-02
 -1       201 0.00000E+00 0.00000E+00 0.00000E+00
 -1       202-3.52904E+00-3.16966E-01-1.03666E+00
 -1       203-7.90792E+00-4.28345E-01-1.30212E+00
 -1       204-1.22267E+01-4.22342E-01-1.25315E+00
 -1       205-1.64448E+01-4.04198E-01-1.21075E+00
 -1       206-2.05741E+01-3.93849E-01-1.17995E+00
 -1       207-2.46116E+01-3.83967E-01-1.15117E+00
 -1       208-2.85429E+01-3.72998E-01-1.11821E+00
 -1       209-3.23510E+01-3.60346E-01-1.08027E+00
 -1       210-3.60190E+01-3.46087E-01-1.03750E+00
 -1       211-3.95309E+01-3.30312E-01-9.90212E-01
 -1       212-4.28716E+01-3.13105E-01-9.38630E-01
 -1       213-4.60266E+01-2.94543E-01-8.82984E-01
 -1       214-4.89823E+01-2.74705E-01-8.23513E-01
 -1       215-5.17257E+01-2.53677E-01-7.60476E-01
 -1       216-5.42451E+01-2.31550E-01-6.94144E-01
 -1       217-5.65295E+01-2.08421E-01-6.24805E-01
 -1       218-5.85690E+01-1.84389E-01-5.52763E-01
 -1       219-6.03548E+01-1.59562E-01-4.78333E-01
 -1       220-6.18792E+01-1.34037E-01-4.01828E-01
 -1       221-6.31356E+01-1.07895E-01-3.23465E-01
 -1       222-6.41181E+01-8.10712E-02-2.43299E-01
 -1       223-6.48218E+01-5.37467E-02-1.61150E-01
 -1       224-6.52422E+01-2.81057E-02-8.23568E-02
 -1       225-6.53907E+01-5.93032E-03-1.95548E-02
 -1       226 0.00000E+00 0.00000E+00 0.00000E+00
 -1       227-3.52904E+00 3.16966E-01-1.03666E+00
 -1       228-7.90792E+00 4.28345E-01-1.30212E+00
 -1       229-1.22267E+01 4.22342E-01-1.25315E+00
 -1       230-1.64448E+01 4.04198E-01-1.21075E+00
 -1       231-2.05741E+01 3.93849E-01-1.17995E+00
 -1       232-2.46116E+01 3.83967E-01-1.15117E+00
 -1       233-2.85429E+01 3.72998E-01-1.11821E+00
 -1       234-3.23510E+01 3.60346E-01-1.08027E+00
 -1       235-3.60190E+01 3.46087E-01-1.03750E+00
 -1       236-3.95309E+01 3.30312E-01-9.90212E-01
 -1       237-4.28716E+01 3.13105E-01-9.38630E-01
 -1       238-4.60266E+01 2.94543E-01-8.82984E-01
 -1       239-4.89823E+01 2.74705E-01-8.23513E-01
 -1       240-5.17257E+01 2.53677E-01-7.60476E-01
 -1       241-5.42451E+01 2.31550E-01-6.94144E-01
 -1       242-5.65295E+01 2.08421E-01-6.24805E-01
 -1       243-5.85690E+01 1.84389E-01-5.52763E-01
 -1       244-6.03548E+01 1.59562E-01-4.78333E-01
 -1       245-6.18792E+01 1.34037E-01-4.01828E-01
 -1       246-6.31356E+01 1.07895E-01-3.23465E-01
 -1       247-6.41181E+01 8.10712E-02-2.43299E-01
 -1       248-6.48218E+01 5.37467E-02-1.61150E-01
 -1       249-6.52422E+01 2.81057E-02-8.23568E-02
 -1       250-6.53907E+01 5.93032E-03-1.95548E-02
 -1       251 0.00000E+00 0.00000E+00 0.00000E+00
 -1       252-3.59750E+00 1.01557E+00-1.01557E+00
 -1       253-8.01612E+00 1.28720E+00-1.28720E+00
 -1       254-1.22449E+01 1.24886E+00-1.24886E+00
 -1       255-1.64364E+01 1.21060E+00-1.21060E+00
 -1       256-2.05616E+01 1.18029E+00-1.18029E+00
 -1       257-2.45978E+01 1.15130E+00-1.15130E+00
 -1       258-2.85276E+01 1.11825E+00-1.11825E+00
 -1       259-3.23337E+01 1.08028E+00-1.08028E+00
 -1       260-3.59997E+01 1.03752E+00-1.03752E+00
 -1       261-3.95098E+01 9.90230E-01-9.90230E-01
 -1       262-4.28487E+01 9.38648E-01-9.38648E-01
 -1       263-4.60020E+01 8.83000E-01-8.83000E-01
 -1       264-4.89561E+01 8.23529E-01-8.23529E-01
 -1       265-5.16981E+01 7.60490E-01-7.60490E-01
 -1       266-5.42161E+01 6.94157E-01-6.94157E-01
 -1       267-5.64993E+01 6.24817E-01-6.24817E-01
 -1       268-5.85377E+01 5.52773E-01-5.52773E-01
 -1       269-6.03226E+01 4.78340E-01-4.78340E-01
 -1       270-6.18461E+01 4.01828E-01-4.01828E-01
 -1       271-6.31018E+01 3.23462E-01-3.23462E-01
 -1       272-6.40841E+01 2.43357E-01-2.43357E-01
 -1       273-6.47894E+01 1.61488E-01-1.61488E-01
 -1       274-6.52109E+01 8.31481E-02-8.31481E-02
 -1       275-6.53601E+01 1.94230E-02-1.94230E-02
 -1       276 0.00000E+00 0.00000E+00 0.00000E+00
 -1       277-4.01798E+00 1.91913E+00-1.01635E+00
 -1       278-8.10804E+00 2.07403E+00-1.28552E+00
 -1       279-1.22401E+01 2.05755E+00-1.24917E+00
 -1       280-1.64154E+01 2.00961E+00-1.21092E+00
 -1       281-2.05372E+01 1.96471E+00-1.18029E+00
 -1       282-2.45711E+01 1.91659E+00-1.15128E+00
 -1       283-2.84971E+01 1.86138E+00-1.11822E+00
 -1       284-3.22992E+01 1.79806E+00-1.08026E+00
 -1       285-3.59613E+01 1.72686E+00-1.03750E+00
 -1       286-3.94676E+01 1.64815E+00-9.90211E-01
 -1       287-4.28030E+01 1.56230E+00-9.38629E-01
 -1       288-4.59529E+01 1.46968E+00-8.82983E-01
 -1       289-4.89038E+01 1.37069E+00-8.23512E-01
 -1       290-5.16429E+01 1.26577E+00-7.60475E-01
 -1       291-5.41582E+01 1.15537E+00-6.94143E-01
 -1       292-5.64389E+01 1.03996E+00-6.24805E-01
 -1       293-5.84752E+01 9.20042E-01-5.52763E-01
 -1       294-6.02581E+01 7.96148E-01-4.78330E-01
 -1       295-6.17800E+01 6.68791E-01-4.01819E-01
 -1       296-6.30343E+01 5.38440E-01-3.23452E-01
 -1       297-6.40156E+01 4.05417E-01-2.43331E-01
 -1       298-6.47216E+01 2.70646E-01-1.61511E-01
 -1       299-6.51503E+01 1.35748E-01-8.32287E-02
 -1       300-6.53067E+01 3.75806E-02-1.94795E-02
 -1       301 0.00000E+00 0.00000E+00 0.00000E+00
 -1       302-3.95072E+00-1.96550E+00-3.21691E-01
 -1       303-7.99685E+00-2.09194E+00-4.30511E-01
 -1       304-1.22206E+01-2.06709E+00-4.23378E-01
 -1       305-1.64225E+01-2.00936E+00-4.04295E-01
 -1       306-2.05497E+01-1.96423E+00-3.93838E-01
 -1       307-2.45849E+01-1.91627E+00-3.83925E-01
 -1       308-2.85125E+01-1.86122E+00-3.72981E-01
 -1       309-3.23165E+01-1.79794E+00-3.60332E-01
 -1       310-3.59805E+01-1.72675E+00-3.46074E-01
 -1       311-3.94887E+01-1.64804E+00-3.30300E-01
 -1       312-4.28259E+01-1.56219E+00-3.13094E-01
 -1       313-4.59775E+01-1.46958E+00-2.94532E-01
 -1       314-4.89300E+01-1.37060E+00-2.74695E-01
 -1       315-5.16705E+01-1.26568E+00-2.53668E-01
 -1       316-5.41872E+01-1.15529E+00-2.31542E-01
 -1       317-5.64692E+01-1.03988E+00-2.08413E-01
 -1       318-5.85065E+01-9.19979E-01-1.84383E-01
 -1       319-6.02904E+01-7.96096E-01-1.59556E-01
 -1       320-6.18131E+01-6.68754E-01-1.34033E-01
 -1       321-6.30680E+01-5.38422E-01-1.07890E-01
 -1       322-6.40496E+01-4.05253E-01-8.10505E-02
 -1       323-6.47539E+01-2.70192E-01-5.36922E-02
 -1       324-6.51817E+01-1.34231E-01-2.79818E-02
 -1       325-6.53378E+01-3.84301E-02-5.98938E-03
 -1       326 0.00000E+00 0.00000E+00 0.00000E+00
 -1       327-3.52904E+00-1.03666E+00-3.16966E-01
 -1       328-7.90792E+00-1.30212E+00-4.28345E-01
 -1       329-1.22267E+01-1.25315E+00-4.22342E-01
 -1       330-1.64448E+01-1.21075E+00-4.04198E-01
 -1       331-2.05741E+01-1.17995E+00-3.93849E-01
 -1       332-2.46116E+01-1.15117E+00-3.83967E-01
 -1       333-2.85429E+01-1.11821E+00-3.72998E-01
 -1       334-3.23510E+01-1.08027E+00-3.60346E-01
 -1       335-3.60190E+01-1.03750E+00-3.46087E-01
 -1       336-3.95309E+01-9.90212E-01-3.30312E-01
 -1       337-4.28716E+01-9.38630E-01-3.13105E-01
 -1       338-4.60266E+01-8.82984E-01-2.94543E-01
 -1       339-4.89823E+01-8.23513E-01-2.74705E-01
 -1       340-5.17257E+01-7.60476E-01-2.53677E-01
 -1       341-5.42451E+01-6.94144E-01-2.31550E-01
 -1       342-5.65295E+01-6.24805E-01-2.08421E-01
 -1       343-5.85690E+01-5.52763E-01-1.84389E-01
 -1       344-6.03548E+01-4.78333E-01-1.59562E-01
 -1       345-6.18792E+01-4.01828E-01-1.34037E-01
 -1       346-6.31356E+01-3.23465E-01-1.07895E-01
 -1       347-6.41181E+01-2.43299E-01-8.10712E-02
 -1       348-6.48218E+01-1.61150E-01-5.37467E-02
 -1       349-6.52422E+01-8.23568E-02-2.81057E-02
 -1       350-6.53907E+01-1.95548E-02-5.93032E-03
 -1       351 0.00000E+00 0.00000E+00 0.00000E+00
 -1       352-3.46151E+00-3.23367E-01-3.23367E-01
 -1       353-7.79691E+00-4.32215E-01-4.32215E-01
 -1       354-1.22084E+01-4.23895E-01-4.23895E-01
 -1       355-1.64531E+01-4.04203E-01-4.04203E-01
 -1       356-2.05867E+01-3.93764E-01-3.93764E-01
 -1       357-2.46254E+01-3.83913E-01-3.83913E-01
 -1       358-2.85583E+01-3.72983E-01-3.72983E-01
 -1       359-3.23683E+01-3.60335E-01-3.60335E-01
 -1       360-3.60382E+01-3.46077E-01-3.46077E-01
 -1       361-3.95520E+01-3.30302E-01-3.30302E-01
 -1       362-4.28946E+01-3.13096E-01-3.13096E-01
 -1       363-4.60512E+01-2.94534E-01-2.94534E-01
 -1       364-4.90084E+01-2.74696E-01-2.74696E-01
 -1       365-5.17534E+01-2.53669E-01-2.53669E-01
 -1       366-5.42741E+01-2.31543E-01-2.31543E-01
 -1       367-5.65597E+01-2.08414E-01-2.08414E-01
 -1       368-5.86003E+01-1.84383E-01-1.84383E-01
 -1       369-6.03871E+01-1.59558E-01-1.59558E-01
 -1       370-6.19123E+01-1.34035E-01-1.34035E-01
 -1       371-6.31694E+01-1.07896E-01-1.07896E-01
 -1       372-6.41521E+01-8.10459E-02-8.10459E-02
 -1       373-6.48541E+01-5.36472E-02-5.36472E-02
 -1       374-6.52736E+01-2.78982E-02-2.78982E-02
 -1       375-6.54215E+01-5.96814E-03-5.96814E-03
 -1       376 0.00000E+00 0.00000E+00 0.00000E+00
 -1       377-3.46151E+00 3.23367E-01-3.23367E-01
 -1       378-7.79691E+00 4.32215E-01-4.32215E-01
 -1       379-1.22084E+01 4.23895E-01-4.23895E-01
 -1       380-1.64531E+01 4.04203E-01-4.04203E-01
 -1       381-2.05867E+01 3.93764E-01-3.93764E-01
 -1       382-2.46254E+01 3.83913E-01-3.83913E-01
 -1       383-2.85583E+01 3.72983E-01-3.72983E-01
 -1       384-3.23683E+01 3.60335E-01-3.60335E-01
 -1       385-3.60382E+01 3.46077E-01-3.46077E-01
 -1       386-3.95520E+01 3.30302E-01-3.30302E-01
 -1       387-4.28946E+01 3.13096E-01-3.13096E-01
 -1       388-4.60512E+01 2.94534E-01-2.94534E-01
 -1       389-4.90084E+01 2.74696E-01-2.74696E-01
 -1       390-5.17534E+01 2.53669E-01-2.53669E-01
 -1       391-5.42741E+01 2.31543E-01-2.31543E-01
 -1       392-5.65597E+01 2.08414E-01-2.08414E-01
 -1       393-5.86003E+01 1.84383E-01-1.84383E-01
 -1       394-6.03871E+01 1.59558E-01-1.59558E-01
 -1       395-6.19123E+01 1.34035E-01-1.34035E-01
 -1       396-6.31694E+01 1.07896E-01-1.07896E-01
 -1       397-6.41521E+01 8.10459E-02-8.10459E-02
 -1       398-6.48541E+01 5.36472E-02-5.36472E-02
 -1       399-6.52736E+01 2.78982E-02-2.78982E-02
 -1       400-6.54215E+01 5.96814E-03-5.96814E-03
 -1       401 0.00000E+00 0.00000E+00 0.00000E+00
 -1       402-3.52904E+00 1.03666E+00-3.16966E-01
 -1       403-7.90792E+00 1.30212E+00-4.28345E-01
 -1       404-1.22267E+01 1.25315E+00-4.22342E-01
 -1       405-1.64448E+01 1.21075E+00-4.04198E-01
 -1       406-2.05741E+01 1.17995E+00-3.93849E-01
 -1       407-2.46116E+01 1.15117E+00-3.83967E-01
 -1       408-2.85429E+01 1.11821E+00-3.72998E-01
 -1       409-3.23510E+01 1.08027E+00-3.60346E-01
 -1       410-3.60190E+01 1.03750E+00-3.46087E-01
 -1       411-3.95309E+01 9.90212E-01-3.30312E-01
 -1       412-4.28716E+01 9.38630E-01-3.13105E-01
 -1       413-4.60266E+01 8.82984E-01-2.94543E-01
 -1       414-4.89823E+01 8.23513E-01-2.74705E-01
 -1       415-5.17257E+01 7.60476E-01-2.53677E-01
 -1       416-5.42451E+01 6.94144E-01-2.31550E-01
 -1       417-5.65295E+01 6.24805E-01-2.08421E-01
 -1       418-5.85690E+01 5.52763E-01-1.84389E-01
 -1       419-6.03548E+01 4.78333E-01-1.59562E-01
 -1       420-6.18792E+01 4.01828E-01-1.34037E-01
 -1       421-6.31356E+01 3.23465E-01-1.07895E-01
 -1       422-6.41181E+01 2.43299E-01-8.10712E-02
 -1       423-6.48218E+01 1.61150E-01-5.37467E-02
 -1       424-6.52422E+01 8.23568E-02-2.81057E-02
 -1       425-6.53907E+01 1.95548E-02-5.93032E-03
 -1       426 0.00000E+00 0.00000E+00 0.00000E+00
 -1       427-3.95072E+00 1.96550E+00-3.21691E-01
 -1       428-7.99685E+00 2.09194E+00-4.30511E-01
 -1       429-1.22206E+01 2.06709E+00-4.23378E-01
 -1       430-1.64225E+01 2.00936E+00-4.04295E-01
 -1       431-2.05497E+01 1.96423E+00-3.93838E-01
 -1       432-2.45849E+01 1.91627E+00-3.83925E-01
 -1       433-2.85125E+01 1.86122E+00-3.72981E-01
 -1       434-3.23165E+01 1.79794E+00-3.60332E-01
 -1       435-3.59805E+01 1.72675E+00-3.46074E-01
 -1       436-3.94887E+01 1.64804E+00-3.30300E-01
 -1       437-4.28259E+01 1.56219E+00-3.13094E-01
 -1       438-4.59775E+01 1.46958E+00-2.94532E-01
 -1       439-4.89300E+01 1.37060E+00-2.74695E-01
 -1       440-5.16705E+01 1.26568E+00-2.53668E-01
 -1       441-5.41872E+01 1.15529E+00-2.31542E-01
 -1       442-5.64692E+01 1.03988E+00-2.08413E-01
 -1       443-5.85065E+01 9.19979E-01-1.84383E-01
 -1       444-6.02904E+01 7.96096E-01-1.59556E-01
 -1       445-6.18131E+01 6.68754E-01-1.34033E-01
 -1       446-6.30680E+01 5.38422E-01-1.07890E-01
 -1       447-6.40496E+01 4.05253E-01-8.10505E-02
 -1       448-6.47539E+01 2.70192E-01-5.36922E-02
 -1       449-6.51817E+01 1.34231E-01-2.79818E-02
 -1       450-6.53378E+01 3.84301E-02-5.98938E-03
 -1       451 0.00000E+00 0.00000E+00 0.00000E+00
 -1       452-3.95072E+00-1.96550E+00 3.21691E-01
 -1       453-7.99685E+00-2.09194E+00 4.30511E-01
 -1       454-1.22206E+01-2.06709E+00 4.23378E-01
 -1       455-1.64225E+01-2.00936E+00 4.04295E-01
 -1       456-2.05497E+01-1.96423E+00 3.93838E-01
 -1       457-2.45849E+01-1.91627E+00 3.83925E-01
 -1       458-2.85125E+01-1.86122E+00 3.72981E-01
 -1       459-3.23165E+01-1.79794E+00 3.60332E-01
 -1       460-3.59805E+01-1.72675E+00 3.46074E-01
 -1       461-3.94887E+01-1.64804E+00 3.30300E-01
 -1       462-4.28259E+01-1.56219E+00 3.13094E-01
 -1       463-4.59775E+01-1.46958E+00 2.94532E-01
 -1       464-4.89300E+01-1.37060E+00 2.74695E-01
 -1       465-5.16705E+01-1.26568E+00 2.53668E-01
 -1       466-5.41872E+01-1.15529E+00 2.31542E-01
 -1       467-5.64692E+01-1.03988E+00 2.08413E-01
 -1       468-5.85065E+01-9.19979E-01 1.84383E-01
 -1       469-6.02904E+01-7.96096E-01 1.59556E-01
 -1       470-6.18131E+01-6.68754E-01 1.34033E-01
 -1       471-6.30680E+01-5.38422E-01 1.07890E-01
 -1       472-6.40496E+01-4.05253E-01 8.10505E-02
 -1       473-6.47539E+01-2.70192E-01 5.36922E-02
 -1       474-6.51817E+01-1.34231E-01 2.79818E-02
 -1       475-6.53378E+01-3.84301E-02 5.98938E-03
 -1       476 0.00000E+00 0.00000E+00 0.00000E+00
 -1       477-3.52904E+00-1.03666E+00 3.16966E-01
 -1       478-7.90792E+00-1.30212E+00 4.28345E-01
 -1       479-1.22267E+01-1.25315E+00 4.22342E-01
 -1       480-1.64448E+01-1.21075E+00 4.04198E-01
 -1       481-2.05741E+01-1.17995E+00 3.93849E-01
 -1       482-2.46116E+01-1.15117E+00 3.83967E-01
 -1       483-2.85429E+01-1.11821E+00 3.72998E-01
 -1       484-3.23510E+01-1.08027E+00 3.60346E-01
 -1       485-3.60190E+01-1.03750E+00 3.46087E-01
 -1       486-3.95309E+01-9.90212E-01 3.30312E-01
 -1       487-4.28716E+01-9.38630E-01 3.13105E-01
 -1       488-4.60266E+01-8.82984E-01 2.94543E-01
 -1       489-4.89823E+01-8.23513E-01 2.74705E-01
 -1       490-5.17257E+01-7.60476E-01 2.53677E-01
 -1       491-5.42451E+01-6.94144E-01 2.31550E-01
 -1       492-5.65295E+01-6.24805E-01 2.08421E-01
 -1       493-5.85690E+01-5.52763E-01 1.84389E-01
 -1       494-6.03548E+01-4.78333E-01 1.59562E-01
 -1       495-6.18792E+01-4.01828E-01 1.34037E-01
 -1       496-6.31356E+01-3.23465E-01 1.07895E-01
 -1       497-6.41181E+01-2.43299E-01 8.10712E-02
 -1       498-6.48218E+01-1.61150E-01 5.37467E-02
 -1       499-6.52422E+01-8.23568E-02 2.81057E-02
 -1       500-6.53907E+01-1.95548E-02 5.93032E-03
 -1       501 0.00000E+00 0.00000E+00 0.00000E+00
 -1       502-3.46151E+00-3.23367E-01 3.23367E-01
 -1       503-7.79691E+00-4.32215E-01 4.32215E-01
 -1       504-1.22084E+01-4.23895E-01 4.23895E-01
 -1       505-1.64531E+01-4.04203E-01 4.04203E-01
 -1       506-2.05867E+01-3.93764E-01 3.93764E-01
 -1       507-2.46254E+01-3.83913E-01 3.83913E-01
 -1       508-2.85583E+01-3.72983E-01 3.72983E-01
 -1       509-3.23683E+01-3.60335E-01 3.60335E-01
 -1       510-3.60382E+01-3.46077E-01 3.46077E-01
 -1       511-3.95520E+01-3.30302E-01 3.30302E-01
 -1       512-4.28946E+01-3.13096E-01 3.13096E-01
 -1       513-4.60512E+01-2.94534E-01 2.94534E-01
 -1       514-4.90084E+01-2.74696E-01 2.74696E-01
 -1       515-5.17534E+01-2.53669E-01 2.53669E-01
 -1       516-5.42741E+01-2.31543E-01 2.31543E-01
 -1       517-5.65597E+01-2.08414E-01 2.08414E-01
 -1       518-5.86003E+01-1.84383E-01 1.84383E-01
 -1       519-6.03871E+01-1.59558E-01 1.59558E-01
 -1       520-6.19123E+01-1.34035E-01 1.34035E-01
 -1       521-6.31694E+01-1.07896E-01 1.07896E-01
 -1       522-6.41521E+01-8.10459E-02 8.10459E-02
 -1       523-6.48541E+01-5.36472E-02 5.36472E-02
 -1       524-6.52736E+01-2.78982E-02 2.78982E-02
 -1       525-6.54215E+01-5.96814E-03 5.96814E-03
 -1       526 0.00000E+00 0.00000E+00 0.00000E+00
 -1       527-3.46151E+00 3.23367E-01 3.23367E-01
 -1       528-7.79691E+00 4.32215E-01 4.32215E-01
 -1       529-1.22084E+01 4.23895E-01 4.23895E-01
 -1       530-1.64531E+01 4.04203E-01 4.04203E-01
 -1       531-2.05867E+01 3.93764E-01 3.93764E-01
 -1       532-2.46254E+01 3.83913E-01 3.83913E-01
 -1       533-2.85583E+01 3.72983E-01 3.72983E-01
 -1       534-3.23683E+01 3.60335E-01 3.60335E-01
 -1       535-3.60382E+01 3.46077E-01 3.46077E-01
 -1       536-3.95520E+01 3.30302E-01 3.30302E-01
 -1       537-4.28946E+01 3.13096E-01 3.13096E-01
 -1       538-4.60512E+01 2.94534E-01 2.94534E-01
 -1       539-4.90084E+01 2.74696E-01 2.74696E-01
 -1       540-5.17534E+01 2.53669E-01 2.53669E-01
 -1       541-5.42741E+01 2.31543E-01 2.31543E-01
 -1       542-5.65597E+01 2.08414E-01 2.08414E-01
 -1       543-5.86003E+01 1.84383E-01 1.84383E-01
 -1       544-6.03871E+01 1.59558E-01 1.59558E-01
 -1       545-6.19123E+01 1.34035E-01 1.34035E-01
 -1       546-6.31694E+01 1.07896E-01 1.07896E-01
 -1       547-6.41521E+01 8.10459E-02 8.10459E-02
 -1       548-6.48541E+01 5.36472E-02 5.36472E-02
 -1       549-6.52736E+01 2.78982E-02 2.78982E-02
 -1       550-6.54215E+01 5.96814E-03 5.96814E-03
 -1       551 0.00000E+00 0.00000E+00 0.00000E+00
 -1       552-3.52904E+00 1.03666E+00 3.16966E-01
 -1       553-7.90792E+00 1.30212E+00 4.28345E-01
 -1       554-1.22267E+01 1.25315E+00 4.22342E-01
 -1       555-1.64448E+01 1.21075E+00 4.04198E-01
 -1       556-2.05741E+01 1.17995E+00 3.93849E-01
 -1       557-2.46116E+01 1.15117E+00 3.83967E-01
 -1       558-2.85429E+01 1.11821E+00 3.72998E-01
 -1       559-3.23510E+01 1.08027E+00 3.60346E-01
 -1       560-3.60190E+01 1.03750E+00 3.46087E-01
 -1       561-3.95309E+01 9.90212E-01 3.30312E-01
 -1       562-4.28716E+01 9.38630E-01 3.13105E-01
 -1       563-4.60266E+01 8.82984E-01 2.94543E-01
 -1       564-4.89823E+01 8.23513E-01 2.74705E-01
 -1       565-5.17257E+01 7.60476E-01 2.53677E-01
 -1       566-5.42451E+01 6.94144E-01 2.31550E-01
 -1       567-5.65295E+01 6.24805E-01 2.08421E-01
 -1       568-5.85690E+01 5.52763E-01 1.84389E-01
 -1       569-6.03548E+01 4.78333E-01 1.59562E-01
 -1       570-6.18792E+01 4.01828E-01 1.34037E-01
 -1       571-6.31356E+01 3.23465E-01 1.07895E-01
 -1       572-6.41181E+01 2.43299E-01 8.10712E-02
 -1       573-6.48218E+01 1.61150E-01 5.37467E-02
 -1       574-6.52422E+01 8.23568E-02 2.81057E-02
 -1       575-6.53907E+01 1.95548E-02 5.93032E-03
 -1       576 0.00000E+00 0.00000E+00 0.00000E+00
 -1       577-3.95072E+00 1.96550E+00 3.21691E-01
 -1       578-7.99685E+00 2.09194E+00 4.30511E-01
 -1       579-1.22206E+01 2.06709E+00 4.23378E-01
 -1       580-1.64225E+01 2.00936E+00 4.04295E-01
 -1       581-2.05497E+01 1.96423E+00 3.93838E-01
 -1       582-2.45849E+01 1.91627E+00 3.83925E-01
 -1       583-2.85125E+01 1.86122E+00 3.72981E-01
 -1       584-3.23165E+01 1.79794E+00 3.60332E-01
 -1       585-3.59805E+01 1.72675E+00 3.46074E-01
 -1       586-3.94887E+01 1.64804E+00 3.30300E-01
 -1       587-4.28259E+01 1.56219E+00 3.13094E-01
 -1       588-4.59775E+01 1.46958E+00 2.94532E-01
 -1       589-4.89300E+01 1.37060E+00 2.74695E-01
 -1       590-5.16705E+01 1.26568E+00 2.53668E-01
 -1       591-5.41872E+01 1.15529E+00 2.31542E-01
 -1       592-5.64692E+01 1.03988E+00 2.08413E-01
 -1       593-5.85065E+01 9.19979E-01 1.84383E-01
 -1       594-6.02904E+01 7.96096E-01 1.59556E-01
 -1       595-6.18131E+01 6.68754E-01 1.34033E-01
 -1       596-6.30680E+01 5.38422E-01 1.07890E-01
 -1       597-6.40496E+01 4.05253E-01 8.10505E-02
 -1       598-6.47539E+01 2.70192E-01 5.36922E-02
 -1       599-6.51817E+01 1.34231E-01 2.79818E-02
 -1       600-6.53378E+01 3.84301E-02 5.98938E-03
 -1       601 0.00000E+00 0.00000E+00 0.00000E+00
 -1       602-4.01798E+00-1.91913E+00 1.01635E+00
 -1       603-8.10804E+00-2.07403E+00 1.28552E+00
 -1       604-1.22401E+01-2.05755E+00 1.24917E+00
 -1       605-1.64154E+01-2.00961E+00 1.21092E+00
 -1       606-2.05372E+01-1.96471E+00 1.18029E+00
 -1       607-2.45711E+01-1.91659E+00 1.15128E+00
 -1       608-2.84971E+01-1.86138E+00 1.11822E+00
 -1       609-3.22992E+01-1.79806E+00 1.08026E+00
 -1       610-3.59613E+01-1.72686E+00 1.03750E+00
 -1       611-3.94676E+01-1.64815E+00 9.90211E-01
 -1       612-4.28030E+01-1.56230E+00 9.38629E-01
 -1       613-4.59529E+01-1.46968E+00 8.82983E-01
 -1       614-4.89038E+01-1.37069E+00 8.23512E-01
 -1       615-5.16429E+01-1.26577E+00 7.60475E-01
 -1       616-5.41582E+01-1.15537E+00 6.94143E-01
 -1       617-5.64389E+01-1.03996E+00 6.24805E-01
 -1       618-5.84752E+01-9.20042E-01 5.52763E-01
 -1       619-6.02581E+01-7.96148E-01 4.78330E-01
 -1       620-6.17800E+01-6.68791E-01 4.01819E-01
 -1       621-6.30343E+01-5.38440E-01 3.23452E-01
 -1       622-6.40156E+01-4.05417E-01 2.43331E-01
 -1       623-6.47216E+01-2.70646E-01 1.61511E-01
 -1       624-6.51503E+01-1.35748E-01 8.32287E-02
 -1       625-6.53067E+01-3.75806E-02 1.94795E-02
 -1       626 0.00000E+00 0.00000E+00 0.00000E+00
 -1       627-3.59750E+00-1.01557E+00 1.01557E+00
 -1       628-8.01612E+00-1.28720E+00 1.28720E+00
 -1       629-1.22449E+01-1.24886E+00 1.24886E+00
 -1       630-1.64364E+01-1.21060E+00 1.21060E+00
 -1       631-2.05616E+01-1.18029E+00 1.18029E+00
 -1       632-2.45978E+01-1.15130E+00 1.15130E+00
 -1       633-2.85276E+01-1.11825E+00 1.11825E+00
 -1       634-3.23337E+01-1.08028E+00 1.08028E+00
 -1       635-3.59997E+01-1.03752E+00 1.03752E+00
 -1       636-3.95098E+01-9.90230E-01 9.90230E-01
 -1       637-4.28487E+01-9.38648E-01 9.38648E-01
 -1       638-4.60020E+01-8.83000E-01 8.83000E-01
 -1       639-4.89561E+01-8.23529E-01 8.23529E-01
 -1       640-5.16981E+01-7.60490E-01 7.60490E-01
 -1       641-5.42161E+01-6.94157E-01 6.94157E-01
 -1       642-5.64993E+01-6.24817E-01 6.24817E-01
 -1       643-5.85377E+01-5.52773E-01 5.52773E-01
 -1       644-6.03226E+01-4.78340E-01 4.78340E-01
 -1       645-6.18461E+01-4.01828E-01 4.01828E-01
 -1       646-6.31018E+01-3.23462E-01 3.23462E-01
 -1       647-6.40841E+01-2.43357E-01 2.43357E-01
 -1       648-6.47894E+01-1.61488E-01 1.61488E-01
 -1       649-6.52109E+01-8.31481E-02 8.31481E-02
 -1       650-6.53601E+01-1.94230E-02 1.94230E-02
 -1       651 0.00000E+00 0.00000E+00 0.00000E+00
 -1       652-3.52904E+00-3.16966E-01 1.03666E+00
 -1       653-7.90792E+00-4.28345E-01 1.30212E+00
 -1       654-1.22267E+01-4.22342E-01 1.25315E+00
 -1       655-1.64448E+01-4.04198E-01 1.21075E+00
 -1       656-2.05741E+01-3.93849E-01 1.17995E+00
 -1       657-2.46116E+01-3.83967E-01 1.15117E+00
 -1       658-2.85429E+01-3.72998E-01 1.11821E+00
 -1       659-3.23510E+01-3.60346E-01 1.08027E+00
 -1       660-3.60190E+01-3.46087E-01 1.03750E+00
 -1       661-3.95309E+01-3.30312E-01 9.90212E-01
 -1       662-4.28716E+01-3.13105E-01 9.38630E-01
 -1       663-4.60266E+01-2.94543E-01 8.82984E-01
 -1       664-4.89823E+01-2.74705E-01 8.23513E-01
 -1       665-5.17257E+01-2.53677E-01 7.60476E-01
 -1       666-5.42451E+01-2.31550E-01 6.94144E-01
 -1       667-5.65295E+01-2.08421E-01 6.24805E-01
 -1       668-5.85690E+01-1.84389E-01 5.52763E-01
 -1       669-6.03548E+01-1.59562E-01 4.78333E-01
 -1       670-6.18792E+01-1.34037E-01 4.01828E-01
 -1       671-6.31356E+01-1.07895E-01 3.23465E-01
 -1       672-6.41181E+01-8.10712E-02 2.43299E-01
 -1       673-6.48218E+01-5.37467E-02 1.61150E-01
 -1       674-6.52422E+01-2.81057E-02 8.23568E-02
 -1       675-6.53907E+01-5.93032E-03 1.95548E-02
 -1       676 0.00000E+00 0.00000E+00 0.00000E+00
 -1       677-3.52904E+00 3.16966E-01 1.03666E+00
 -1       678-7.90792E+00 4.28345E-01 1.30212E+00
 -1       679-1.22267E+01 4.22342E-01 1.25315E+00
 -1       680-1.64448E+01 4.04198E-01 1.21075E+00
 -1       681-2.05741E+01 3.93849E-01 1.17995E+00
 -1       682-2.46116E+01 3.83967E-01 1.15117E+00
 -1       683-2.85429E+01 3.72998E-01 1.11821E+00
 -1       684-3.23510E+01 3.60346E-01 1.08027E+00
 -1       685-3.60190E+01 3.46087E-01 1.03750E+00
 -1       686-3.95309E+01 3.30312E-01 9.90212E-01
 -1       687-4.28716E+01 3.13105E-01 9.38630E-01
 -1       688-4.60266E+01 2.94543E-01 8.82984E-01
 -1       689-4.89823E+01 2.74705E-01 8.23513E-01
 -1       690-5.17257E+01 2.53677E-01 7.60476E-01
 -1       691-5.42451E+01 2.31550E-01 6.94144E-01
 -1       692-5.65295E+01 2.08421E-01 6.24805E-01
 -1       693-5.85690E+01 1.84389E-01 5.52763E-01
 -1       694-6.03548E+01 1.59562E-01 4.78333E-01
 -1       695-6.18792E+01 1.34037E-01 4.01828E-01
 -1       696-6.31356E+01 1.07895E-01 3.23465E-01
 -1       697-6.41181E+01 8.10712E-02 2.43299E-01
 -1       698-6.48218E+01 5.37467E-02 1.61150E-01
 -1       699-6.52422E+01 2.81057E-02 8.23568E-02
 -1       700-6.53907E+01 5.93032E-03 1.95548E-02
 -1       701 0.00000E+00 0.00000E+00 0.00000E+00
 -1       702-3.59750E+00 1.01557E+00 1.01557E+00
 -1       703-8.01612E+00 1.28720E+00 1.28720E+00
 -1       704-1.22449E+01 1.24886E+00 1.24886E+00
 -1       705-1.64364E+01 1.21060E+00 1.21060E+00
 -1       706-2.05616E+01 1.18029E+00 1.18029E+00
 -1       707-2.45978E+01 1.15130E+00 1.15130E+00
 -1       708-2.85276E+01 1.11825E+00 1.11825E+00
 -1       709-3.23337E+01 1.08028E+00 1.08028E+00
 -1       710-3.59997E+01 1.03752E+00 1.03752E+00
 -1       711-3.95098E+01 9.90230E-01 9.90230E-01
 -1       712-4.28487E+01 9.38648E-01 9.38648E-01
 -1       713-4.60020E+01 8.83000E-01 8.83000E-01
 -1       714-4.89561E+01 8.23529E-01 8.23529E-01
 -1       715-5.16981E+01 7.60490E-01 7.60490E-01
 -1       716-5.42161E+01 6.94157E-01 6.94157E-01
 -1       717-5.64993E+01 6.24817E-01 6.24817E-01
 -1       718-5.85377E+01 5.52773E-01 5.52773E-01
 -1       719-6.03226E+01 4.78340E-01 4.78340E-01
 -1       720-6.18461E+01 4.01828E-01 4.01828E-01
 -1       721-6.31018E+01 3.23462E-01 3.23462E-01
 -1       722-6.40841E+01 2.43357E-01 2.43357E-01
 -1       723-6.47894E+01 1.61488E-01 1.61488E-01
 -1       724-6.52109E+01 8.31481E-02 8.31481E-02
 -1       725-6.53601E+01 1.94230E-02 1.94230E-02
 -1       726 0.00000E+00 0.00000E+00 0.00000E+00
 -1       727-4.01798E+00 1.91913E+00 1.01635E+00
 -1       728-8.10804E+00 2.07403E+00 1.28552E+00
 -1       729-1.22401E+01 2.05755E+00 1.24917E+00
 -1       730-1.64154E+01 2.00961E+00 1.21092E+00
 -1       731-2.05372E+01 1.96471E+00 1.18029E+00
 -1       732-2.45711E+01 1.91659E+00 1.15128E+00
 -1       733-2.84971E+01 1.86138E+00 1.11822E+00
 -1       734-3.22992E+01 1.79806E+00 1.08026E+00
 -1       735-3.59613E+01 1.72686E+00 1.03750E+00
 -1       736-3.94676E+01 1.64815E+00 9.90211E-01
 -1       737-4.28030E+01 1.56230E+00 9.38629E-01
 -1       738-4.59529E+01 1.46968E+00 8.82983E-01
 -1       739-4.89038E+01 1.37069E+00 8.23512E-01
 -1       740-5.16429E+01 1.26577E+00 7.60475E-01
 -1       741-5.41582E+01 1.15537E+00 6.94143E-01
 -1       742-5.64389E+01 1.03996E+00 6.24805E-01
 -1       743-5.84752E+01 9.20042E-01 5.52763E-01
 -1       744-6.02581E+01 7.96148E-01 4.78330E-01
 -1       745-6.17800E+01 6.68791E-01 4.01819E-01
 -1       746-6.30343E+01 5.38440E-01 3.23452E-01
 -1       747-6.40156E+01 4.05417E-01 2.43331E-01
 -1       748-6.47216E+01 2.70646E-01 1.61511E-01
 -1       749-6.51503E+01 1.35748E-01 8.32287E-02
 -1       750-6.53067E+01 3.75806E-02 1.94795E-02
 -1       751 0.00000E+00 0.00000E+00 0.00000E+00
 -1       752-4.43313E+00-1.90242E+00 1.90242E+00
 -1       753-8.20369E+00-2.04071E+00 2.04071E+00
 -1       754-1.22407E+01-2.05749E+00 2.05749E+00
 -1       755-1.63948E+01-2.00907E+00 2.00907E+00
 -1       756-2.05130E+01-1.96502E+00 1.96502E+00
 -1       757-2.45443E+01-1.91650E+00 1.91650E+00
 -1       758-2.84666E+01-1.86122E+00 1.86122E+00
 -1       759-3.22647E+01-1.79788E+00 1.79788E+00
 -1       760-3.59229E+01-1.72670E+00 1.72670E+00
 -1       761-3.94254E+01-1.64800E+00 1.64800E+00
 -1       762-4.27572E+01-1.56215E+00 1.56215E+00
 -1       763-4.59038E+01-1.46954E+00 1.46954E+00
 -1       764-4.88515E+01-1.37057E+00 1.37057E+00
 -1       765-5.15877E+01-1.26565E+00 1.26565E+00
 -1       766-5.41003E+01-1.15526E+00 1.15526E+00
 -1       767-5.63786E+01-1.03986E+00 1.03986E+00
 -1       768-5.84127E+01-9.19956E-01 9.19956E-01
 -1       769-6.01937E+01-7.96072E-01 7.96072E-01
 -1       770-6.17139E+01-6.68719E-01 6.68719E-01
 -1       771-6.29668E+01-5.38381E-01 5.38381E-01
 -1       772-6.39473E+01-4.05368E-01 4.05368E-01
 -1       773-6.46540E+01-2.71051E-01 2.71051E-01
 -1       774-6.50896E+01-1.37194E-01 1.37194E-01
 -1       775-6.52527E+01-3.76819E-02 3.76819E-02
 -1       776 0.00000E+00 0.00000E+00 0.00000E+00
 -1       777-4.01798E+00-1.01635E+00 1.91913E+00
 -1       778-8.10804E+00-1.28552E+00 2.07403E+00
 -1       779-1.22401E+01-1.24917E+00 2.05755E+00
 -1       780-1.64154E+01-1.21092E+00 2.00961E+00
 -1       781-2.05372E+01-1.18029E+00 1.96471E+00
 -1       782-2.45711E+01-1.15128E+00 1.91659E+00
 -1       783-2.84971E+01-1.11822E+00 1.86138E+00
 -1       784-3.22992E+01-1.08026E+00 1.79806E+00
 -1       785-3.59613E+01-1.03750E+00 1.72686E+00
 -1       786-3.94676E+01-9.90211E-01 1.64815E+00
 -1       787-4.28030E+01-9.38629E-01 1.56230E+00
 -1       788-4.59529E+01-8.82983E-01 1.46968E+00
 -1       789-4.89038E+01-8.23512E-01 1.37069E+00
 -1       790-5.16429E+01-7.60475E-01 1.26577E+00
 -1       791-5.41582E+01-6.94143E-01 1.15537E+00
 -1       792-5.64389E+01-6.24805E-01 1.03996E+00
 -1       793-5.84752E+01-5.52763E-01 9.20042E-01
 -1       794-6.02581E+01-4.78330E-01 7.96148E-01
 -1       795-6.17800E+01-4.01819E-01 6.68791E-01
 -1       796-6.30343E+01-3.23452E-01 5.38440E-01
 -1       797-6.40156E+01-2.43331E-01 4.05417E-01
 -1       798-6.47216E+01-1.61511E-01 2.70646E-01
 -1       799-6.51503E+01-8.32287E-02 1.35748E-01
 -1       800-6.53067E+01-1.94795E-02 3.75806E-02
 -1       801 0.00000E+00 0.00000E+00 0.00000E+00
 -1       802-3.95072E+00-3.21691E-01 1.96550E+00
 -1       803-7.99685E+00-4.30511E-01 2.09194E+00
 -1       804-1.22206E+01-4.23378E-01 2.06709E+00
 -1       805-1.64225E+01-4.04295E-01 2.00936E+00
 -1       806-2.05497E+01-3.93838E-01 1.96423E+00
 -1       807-2.45849E+01-3.83925E-01 1.91627E+00
 -1       808-2.85125E+01-3.72981E-01 1.86122E+00
 -1       809-3.23165E+01-3.60332E-01 1.79794E+00
 -1       810-3.59805E+01-3.46074E-01 1.72675E+00
 -1       811-3.94887E+01-3.30300E-01 1.64804E+00
 -1       812-4.28259E+01-3.13094E-01 1.56219E+00
 -1       813-4.59775E+01-2.94532E-01 1.46958E+00
 -1       814-4.89300E+01-2.74695E-01 1.37060E+00
 -1       815-5.16705E+01-2.53668E-01 1.26568E+00
 -1       816-5.41872E+01-2.31542E-01 1.15529E+00
 -1       817-5.64692E+01-2.08413E-01 1.03988E+00
 -1       818-5.85065E+01-1.84383E-01 9.19979E-01
 -1       819-6.02904E+01-1.59556E-01 7.96096E-01
 -1       820-6.18131E+01-1.34033E-01 6.68754E-01
 -1       821-6.30680E+01-1.07890E-01 5.38422E-01
 -1       822-6.40496E+01-8.10505E-02 4.05253E-01
 -1       823-6.47539E+01-5.36922E-02 2.70192E-01
 -1       824-6.51817E+01-2.79818E-02 1.34231E-01
 -1       825-6.53378E+01-5.98938E-03 3.84301E-02
 -1       826 0.00000E+00 0.00000E+00 0.00000E+00
 -1       827-3.95072E+00 3.21691E-01 1.96550E+00
 -1       828-7.99685E+00 4.30511E-01 2.09194E+00
 -1       829-1.22206E+01 4.23378E-01 2.06709E+00
 -1       830-1.64225E+01 4.04295E-01 2.00936E+00
 -1       831-2.05497E+01 3.93838E-01 1.96423E+00
 -1       832-2.45849E+01 3.83925E-01 1.91627E+00
 -1       833-2.85125E+01 3.72981E-01 1.86122E+00
 -1       834-3.23165E+01 3.60332E-01 1.79794E+00
 -1       835-3.59805E+01 3.46074E-01 1.72675E+00
 -1       836-3.94887E+01 3.30300E-01 1.64804E+00
 -1       837-4.28259E+01 3.13094E-01 1.56219E+00
 -1       838-4.59775E+01 2.94532E-01 1.46958E+00
 -1       839-4.89300E+01 2.74695E-01 1.37060E+00
 -1       840-5.16705E+01 2.53668E-01 1.26568E+00
 -1       841-5.41872E+01 2.31542E-01 1.15529E+00
 -1       842-5.64692E+01 2.08413E-01 1.03988E+00
 -1       843-5.85065E+01 1.84383E-01 9.19979E-01
 -1       844-6.02904E+01 1.59556E-01 7.96096E-01
 -1       845-6.18131E+01 1.34033E-01 6.68754E-01
 -1       846-6.30680E+01 1.07890E-01 5.38422E-01
 -1       847-6.40496E+01 8.10505E-02 4.05253E-01
 -1       848-6.47539E+01 5.36922E-02 2.70192E-01
 -1       849-6.51817E+01 2.79818E-02 1.34231E-01
 -1       850-6.53378E+01 5.98938E-03 3.84301E-02
 -1       851 0.00000E+00 0.00000E+00 0.00000E+00
 -1       852-4.01798E+00 1.01635E+00 1.91913E+00
 -1       853-8.10804E+00 1.28552E+00 2.07403E+00
 -1       854-1.22401E+01 1.24917E+00 2.05755E+00
 -1       855-1.64154E+01 1.21092E+00 2.00961E+00
 -1       856-2.05372E+01 1.18029E+00 1.96471E+00
 -1       857-2.45711E+01 1.15128E+00 1.91659E+00
 -1       858-2.84971E+01 1.11822E+00 1.86138E+00
 -1       859-3.22992E+01 1.08026E+00 1.79806E+00
 -1       860-3.59613E+01 1.03750E+00 1.72686E+00
 -1       861-3.94676E+01 9.90211E-01 1.64815E+00
 -1       862-4.28030E+01 9.38629E-01 1.56230E+00
 -1       863-4.59529E+01 8.82983E-01 1.46968E+00
 -1       864-4.89038E+01 8.23512E-01 1.37069E+00
 -1       865-5.16429E+01 7.60475E-01 1.26577E+00
 -1       866-5.41582E+01 6.94143E-01 1.15537E+00
 -1       867-5.64389E+01 6.24805E-01 1.03996E+00
 -1       868-5.84752E+01 5.52763E-01 9.20042E-01
 -1       869-6.02581E+01 4.78330E-01 7.96148E-01
 -1       870-6.17800E+01 4.01819E-01 6.68791E-01
 -1       871-6.30343E+01 3.23452E-01 5.38440E-01
 -1       872-6.40156E+01 2.43331E-01 4.05417E-01
 -1       873-6.47216E+01 1.61511E-01 2.70646E-01
 -1       874-6.51503E+01 8.32287E-02 1.35748E-01
 -1       875-6.53067E+01 1.94795E-02 3.75806E-02
 -1       876 0.00000E+00 0.00000E+00 0.00000E+00
 -1       877-4.43313E+00 1.90242E+00 1.90242E+00
 -1       878-8.20369E+00 2.04071E+00 2.04071E+00
 -1       879-1.22407E+01 2.05749E+00 2.05749E+00
 -1       880-1.63948E+01 2.00907E+00 2.00907E+00
 -1       881-2.05130E+01 1.96502E+00 1.96502E+00
 -1       882-2.45443E+01 1.91650E+00 1.91650E+00
 -1       883-2.84666E+01 1.86122E+00 1.86122E+00
 -1       884-3.22647E+01 1.79788E+00 1.79788E+00
 -1       885-3.59229E+01 1.72670E+00 1.72670E+00
 -1       886-3.94254E+01 1.64800E+00 1.64800E+00
 -1       887-4.27572E+01 1.56215E+00 1.56215E+00
 -1       888-4.59038E+01 1.46954E+00 1.46954E+00
 -1       889-4.88515E+01 1.37057E+00 1.37057E+00
 -1       890-5.15877E+01 1.26565E+00 1.26565E+00
 -1       891-5.41003E+01 1.15526E+00 1.15526E+00
 -1       892-5.63786E+01 1.03986E+00 1.03986E+00
 -1       893-5.84127E+01 9.19956E-01 9.19956E-01
 -1       894-6.01937E+01 7.96072E-01 7.96072E-01
 -1       895-6.17139E+01 6.68719E-01 6.68719E-01
 -1       896-6.29668E+01 5.38381E-01 5.38381E-01
 -1       897-6.39473E+01 4.05368E-01 4.05368E-01
 -1       898-6.46540E+01 2.71051E-01 2.71051E-01
 -1       899-6.50896E+01 1.37194E-01 1.37194E-01
 -1       900-6.52527E+01 3.76819E-02 3.76819E-02
 -3
 9999
