file	source	git_blob_sha
0020c0eb194e__emptiesvoid-cloud__calculix_affine.frd	https://github.com/emptiesvoid-cloud/QF_solver/blob/HEAD/qualification/0_2_7/external_oracles/wedge6/results/calculix_affine.frd	0020c0eb194e17d08d5e992279bd969e2941a932
0026e8a0d5fd__romain-o__GF180-4_0deg.frd	https://github.com/romain-o/FindMyCrossover/blob/HEAD/data/Woofers/FRD/0deg/GF180-4_0deg.frd	0026e8a0d5fd274f32ecbd20f313e694b250b69b
0056a64af8b0__romain-o__RS100-4_30deg.frd	https://github.com/romain-o/FindMyCrossover/blob/HEAD/data/Woofers/FRD/30deg/RS100-4_30deg.frd	0056a64af8b0e8124237ebe7beb86901abdbc8ab
007b0eddb4cf__lpaiu-cs__8834_apollo15_crd_250308_1822_0.frd	https://github.com/lpaiu-cs/self-mass-unobservability/blob/HEAD/data/request4_llr/monthly_split_probe_apollo15_202503/8834_apollo15_crd_250308_1822_0.frd	007b0eddb4cfdf1db3ec1f7e33d834c521dc5038
00ec3ce0b1ed__Alex-tru__conv_limit_1e-04_beam1.frd	https://github.com/Alex-tru/MSc-Thesis/blob/HEAD/test/conv_studies/convergence_limit/convergence_limit_dt2e-02/conv_limit_1e-04_beam1.frd	00ec3ce0b1edf564e2840117c44f6a960d7e5d8d
0152416c5788__romain-o__DA135-8_15deg.frd	https://github.com/romain-o/FindMyCrossover/blob/HEAD/data/Woofers/FRD/15deg/DA135-8_15deg.frd	0152416c57889340de3cbf0b7431eb5c3f92319e
01f393ecbc60__mbrennwa__SPL_OUTDOOR_R2904WG148_30deg_outside.frd	https://github.com/mbrennwa/osmcdoc/blob/HEAD/plots/osmc_analysis/data_outdoor/outdoor_20181227/SPL_OUTDOOR_R2904WG148_30deg_outside.FRD	01f393ecbc608a5534897da1ea2909bc7870370d
02aa6e011ba9__lpaiu-cs__8834_apollo15_crd_250307_1843_0.frd	https://github.com/lpaiu-cs/self-mass-unobservability/blob/HEAD/data/request4_llr/monthly_split_probe_apollo15_202503/8834_apollo15_crd_250307_1843_0.frd	02aa6e011ba9703fa579c5d2dfc65adc37e2ce22
02abdd3c964c__lpaiu-cs__probe.frd	https://github.com/lpaiu-cs/self-mass-unobservability/blob/HEAD/data/request4_llr/mlrs_handshake_lab/data/state_seam_probe/s25y11d016t0231#103/state_shift_p0.010m/probe.frd	02abdd3c964c8bdb0aaa2b6281c7b2310ad13196
02abdd3c964c__lpaiu-cs__probe.frd	https://github.com/lpaiu-cs/self-mass-unobservability/blob/HEAD/data/request4_llr/mlrs_handshake_lab/data/sundriven_state_probe/s25y11d016t0231#103/sun_shift_p0.005m/probe.frd	02abdd3c964c8bdb0aaa2b6281c7b2310ad13196
02abdd3c964c__lpaiu-cs__probe.frd	https://github.com/lpaiu-cs/self-mass-unobservability/blob/HEAD/data/request4_llr/mlrs_handshake_lab/data/sundriven_state_probe/s25y11d016t0231#103/sun_shift_p0.010m/probe.frd	02abdd3c964c8bdb0aaa2b6281c7b2310ad13196
02abdd3c964c__lpaiu-cs__probe.frd	https://github.com/lpaiu-cs/self-mass-unobservability/blob/HEAD/data/request4_llr/mlrs_handshake_lab/data/weakfield_physics_probe/s25y11d016t0231#103/sigma1_m0.001/probe.frd	02abdd3c964c8bdb0aaa2b6281c7b2310ad13196
02abdd3c964c__lpaiu-cs__probe.frd	https://github.com/lpaiu-cs/self-mass-unobservability/blob/HEAD/data/request4_llr/mlrs_handshake_lab/data/weakfield_physics_probe/s25y11d016t0231#103/sigma1_p0.001/probe.frd	02abdd3c964c8bdb0aaa2b6281c7b2310ad13196
02abdd3c964c__matthewsmawfield__s25y11d016t0231#103.frd	https://github.com/matthewsmawfield/TEP-LLR/blob/HEAD/data/raw/MLRS_Lunar_Code/data/analysis/ref/s25y11d016t0231#103.frd	02abdd3c964c8bdb0aaa2b6281c7b2310ad13196
02abdd3c964c__matthewsmawfield__s25y11d016t0231#103.frd	https://github.com/matthewsmawfield/TEP-LLR/blob/HEAD/data/raw/MLRS_Lunar_Code/data/analysis/s25y11d016t0231#103.frd	02abdd3c964c8bdb0aaa2b6281c7b2310ad13196
02bf2adcf98c__derpaule__20200529xSAXxNBxRBDHisxCOMPx0501_003.frd	https://github.com/derpaule/Ty1_octet_itc/blob/HEAD/data_octet/20200529xSAXxNBxRBDHisxCOMPx0501/20200529xSAXxNBxRBDHisxCOMPx0501_003.frd	02bf2adcf98c4cfee762c5f19e90f22aa363afec
03abd013fc3d__Alex-tru__conv_limit_1e-03_beam1.frd	https://github.com/Alex-tru/MSc-Thesis/blob/HEAD/test/conv_studies/convergence_limit/convergence_limit_dt2e-02/conv_limit_1e-03_beam1.frd	03abd013fc3d7223a7a9369dc553345f2b41ddd4
045ea05ec168__DriftingOtter__Frequency_Response.frd	https://github.com/DriftingOtter/Project-Resonator/blob/HEAD/BA Driver Spec Sheets/Knowles_BK_26824/Frequency_Response.frd	045ea05ec16804c5f059f92c900094b89d7a301b
060f5b3ae372__Johnlon__SB21SDCN-C000-4_DIGITISED@30.frd	https://github.com/Johnlon/speaker/blob/HEAD/research/speakers/datafiles/SB21SDCN-C000-4/FRD/SB21SDCN-C000-4_DIGITISED@30.frd	060f5b3ae37291ec8f36a3960f22d84dbe407761
063b9fc24982__romain-o__TB-12-280-8-A_0deg.frd	https://github.com/romain-o/FindMyCrossover/blob/HEAD/data/Woofers/FRD/0deg/TB-12-280-8-A_0deg.frd	063b9fc249821acb89bbaf98e968922728c54d5d
06b8a7d335c8__romain-o__ND91-4_0deg.frd	https://github.com/romain-o/FindMyCrossover/blob/HEAD/data/Woofers/FRD/0deg/ND91-4_0deg.frd	06b8a7d335c8ec21624b05feb054558b22c2b58b
071de264eb34__Alex-tru__conv_limit_4e-02_beam2.frd	https://github.com/Alex-tru/MSc-Thesis/blob/HEAD/test/conv_studies/convergence_limit/convergence_limit_dt5e-02/conv_limit_4e-02_beam2.frd	071de264eb3472cdfc38f9a5c4d6eadbabdc0baf
07a631589bf0__calculix__result.frd	https://github.com/calculix/cgx_prool/blob/HEAD/cgx_2.10.1/examples/result.frd	07a631589bf0925ce740c575ab8a3fa290df7064
07a631589bf0__calculix__result.frd	https://github.com/calculix/cgx_prool/blob/HEAD/cgx_2.10/examples/result.frd	07a631589bf0925ce740c575ab8a3fa290df7064
07a631589bf0__calculix__result.frd	https://github.com/calculix/cgx_prool/blob/HEAD/cgx_2.11/examples/result.frd	07a631589bf0925ce740c575ab8a3fa290df7064
07a631589bf0__calculix__result.frd	https://github.com/calculix/cgx_prool/blob/HEAD/cgx_2.8/examples/result.frd	07a631589bf0925ce740c575ab8a3fa290df7064
07a631589bf0__calculix__result.frd	https://github.com/calculix/cgx_prool/blob/HEAD/cgx_2.9/examples/result.frd	07a631589bf0925ce740c575ab8a3fa290df7064
07f8a3025bca__Alex-tru__conv_limit_5e-02_beam2.frd	https://github.com/Alex-tru/MSc-Thesis/blob/HEAD/test/conv_studies/convergence_limit/convergence_limit_dt2e-02/conv_limit_5e-02_beam2.frd	07f8a3025bcac80c6d3c79b17bc76ef6e841be2f
083815da30b0__spolanski__fine-quad-hex.frd	https://github.com/spolanski/CoFEA/blob/HEAD/benchmarks/05-hemispherical-shell-point-load/model_setup/Model_Calculix/Results/fine-quad-hex/fine-quad-hex.frd	083815da30b0dc4108de19e9c72535ab5736a611
083af6406da2__mbrennwa__MonkeyCoffin20181229_12PR320_1m_hor_+75.frd	https://github.com/mbrennwa/osmcdoc/blob/HEAD/plots/raw_drivers/spliced_curves/MonkeyCoffin20181229_12PR320_1m_hor_+75.frd	083af6406da2ff3dddb44d86826ad702aae5b61a
083eed10b4f9__romain-o__ND105-4_15deg.frd	https://github.com/romain-o/FindMyCrossover/blob/HEAD/data/Woofers/FRD/15deg/ND105-4_15deg.frd	083eed10b4f93742e76376667940217fa48244db
087f06270514__romain-o__RC180-55_45deg.frd	https://github.com/romain-o/FindMyCrossover/blob/HEAD/data/Woofers/FRD/45deg/RC180-55_45deg.frd	087f06270514f7ba5a4b66d9711c11aba36058cf
08aeed480c9f__Taur-Tech__F144OB.frd	https://github.com/Taur-Tech/Project-Ryu---Loudspeaker-Drivers/blob/HEAD/Drivers/F144/models/F144OB/frd/F144OB.frd	08aeed480c9f59026904c36a5a79f2c5a7d253a5
08b9c709d1e6__StephenGhool__RS100-4@30.frd	https://github.com/StephenGhool/Speaker-Box-Design/blob/HEAD/Full-range/295-378--Dayton-Audio-RS100-4_data/FRD/RS100-4@30.frd	08b9c709d1e65e332c378e3bd8b39de054d854c0
0961682cacf0__rbkmoney__countGroupBy.frd	https://github.com/rbkmoney/fraudo/blob/HEAD/src/test/resources/rules/countGroupBy.frd	0961682cacf06fb1eb7a51066aa41bf3193df25f
0961682cacf0__rbkmoney__countGroupBy.frd	https://github.com/rbkmoney/fraudo/blob/HEAD/src/test/resources/rules/p2p/countGroupBy.frd	0961682cacf06fb1eb7a51066aa41bf3193df25f
0961682cacf0__valitydev__countGroupBy.frd	https://github.com/valitydev/fraudo/blob/HEAD/src/test/resources/rules/countGroupBy.frd	0961682cacf06fb1eb7a51066aa41bf3193df25f
0a1b770febdb__makkemal__Test_TotalStrain.frd	https://github.com/makkemal/NGIMASEM/blob/HEAD/Testprobs/Test_TotalStrain.frd	0a1b770febdbf358355ecdbf9b27f2beb2b72545
0a4c9b7edfc5__coldmayo__Morel_MDT40-spec.frd	https://github.com/coldmayo/KlaudSpeakerSim/blob/HEAD/src/driverFiles/Morel MDT40-spec.frd	0a4c9b7edfc5f7b3b6ec7681df802c9e292f15d0
0a9a6e59cecb__pierreaubert__Aalto_3_Passive_ver_-100.frd	https://github.com/pierreaubert/spinorama/blob/HEAD/datas/measurements/Aalto Speakers Aalto 3 Passive/vendor/Originals/Aalto 3 Passive ver -100.frd	0a9a6e59cecbc184b456c18627eec2fd3e7334ae
0ac37550840e__Bushi-Laodi__test1_Simulation_Case_calculix.frd	https://github.com/Bushi-Laodi/MyCAE/blob/HEAD/samples/projects/box_pressure_demo/solver/calculix/test1_Simulation_Case_20260525_174648_319/test1_Simulation_Case_calculix.frd	0ac37550840e7d018f0775365f70661e44eb2ad3
0b83b7cf0823__2832347486__thermomech_spine.frd	https://github.com/2832347486/free-cad/blob/HEAD/src/Mod/Fem/femtest/data/calculix/thermomech_spine.frd	0b83b7cf0823551d0e9e067813615d0b83b792ad
0b83b7cf0823__CPP-FreeCAD-Null-Pointer-Exception__thermomech_spine.frd	https://github.com/CPP-FreeCAD-Null-Pointer-Exception/FreeCAD/blob/HEAD/src/Mod/Fem/femtest/data/calculix/thermomech_spine.frd	0b83b7cf0823551d0e9e067813615d0b83b792ad
0b83b7cf0823__FynnFrei__thermomech_spine.frd	https://github.com/FynnFrei/pycad/blob/HEAD/FreeCAD 0.20/Mod/Fem/femtest/data/calculix/thermomech_spine.frd	0b83b7cf0823551d0e9e067813615d0b83b792ad
0b83b7cf0823__OldStreetll__thermomech_spine.frd	https://github.com/OldStreetll/FC0191/blob/HEAD/FreeCAD-0.19.1/src/Mod/Fem/femtest/data/calculix/thermomech_spine.frd	0b83b7cf0823551d0e9e067813615d0b83b792ad
0b83b7cf0823__Power-Progress-Community__spine_thermomech.frd	https://github.com/Power-Progress-Community/freecad-18/blob/HEAD/src/Mod/Fem/femtest/testfiles/ccx/spine_thermomech.frd	0b83b7cf0823551d0e9e067813615d0b83b792ad
0b83b7cf0823__Sino-Data__spine_thermomech.frd	https://github.com/Sino-Data/freecad/blob/HEAD/src/Mod/Fem/femtest/testfiles/ccx/spine_thermomech.frd	0b83b7cf0823551d0e9e067813615d0b83b792ad
0b83b7cf0823__Zaubentrucker__spine_thermomech.frd	https://github.com/Zaubentrucker/FreeCAD/blob/HEAD/src/Mod/Fem/femtest/data/ccx/spine_thermomech.frd	0b83b7cf0823551d0e9e067813615d0b83b792ad
0b83b7cf0823__berndhahnebach__spine_thermomech.frd	https://github.com/berndhahnebach/All_FreeCAD/blob/HEAD/src/Mod/Fem/femtest/data/ccx/spine_thermomech.frd	0b83b7cf0823551d0e9e067813615d0b83b792ad
0b83b7cf0823__felixlee868__thermomech_spine.frd	https://github.com/felixlee868/FreeCAD/blob/HEAD/src/Mod/Fem/femtest/data/calculix/thermomech_spine.frd	0b83b7cf0823551d0e9e067813615d0b83b792ad
0b83b7cf0823__merlinepedra__thermomech_spine.frd	https://github.com/merlinepedra/FREECAD/blob/HEAD/src/Mod/Fem/femtest/data/calculix/thermomech_spine.frd	0b83b7cf0823551d0e9e067813615d0b83b792ad
0b83b7cf0823__wsteffe__thermomech_spine.frd	https://github.com/wsteffe/layoutDD_FreeCAD/blob/HEAD/Mod/Fem/femtest/data/calculix/thermomech_spine.frd	0b83b7cf0823551d0e9e067813615d0b83b792ad
0b83b7cf0823__yorikvanhavre__spine_thermomech.frd	https://github.com/yorikvanhavre/FreeCAD-old/blob/HEAD/src/Mod/Fem/femtest/testfiles/ccx/spine_thermomech.frd	0b83b7cf0823551d0e9e067813615d0b83b792ad
0ddfee0b3449__romain-o__PS95-8_30deg.frd	https://github.com/romain-o/FindMyCrossover/blob/HEAD/data/Woofers/FRD/30deg/PS95-8_30deg.frd	0ddfee0b34498303a5fcd11bb73e3f9ee63325f3
0e31735f75e4__DAv-Project-Team-UADER__box_static.frd	https://github.com/DAv-Project-Team-UADER/DAV/blob/HEAD/FREECAD/src/Mod/Fem/femtest/data/calculix/box_static.frd	0e31735f75e433c42a39b0b752921bd1542d02f4
0e31735f75e4__Jiayinf__box_static.frd	https://github.com/Jiayinf/freeCAD/blob/HEAD/Build/Mod/Fem/femtest/data/calculix/box_static.frd	0e31735f75e433c42a39b0b752921bd1542d02f4
0e31735f75e4__Jiayinf__box_static.frd	https://github.com/Jiayinf/freeCAD/blob/HEAD/FreeCAD/src/Mod/Fem/femtest/data/calculix/box_static.frd	0e31735f75e433c42a39b0b752921bd1542d02f4
0e31735f75e4__githubgoog__box_static.frd	https://github.com/githubgoog/LinuxCAD/blob/HEAD/engine/src/Mod/Fem/femtest/data/calculix/box_static.frd	0e31735f75e433c42a39b0b752921bd1542d02f4
0e31735f75e4__snorkel-marlin-repos__box_static.frd	https://github.com/snorkel-marlin-repos/FreeCAD_FreeCAD_pr_22751_18e62b7f-b959-4468-9d44-a1456f9ebd49/blob/HEAD/src/Mod/Fem/femtest/data/calculix/box_static.frd	0e31735f75e433c42a39b0b752921bd1542d02f4
0e31735f75e4__snorkel-marlin-repos__box_static.frd	https://github.com/snorkel-marlin-repos/FreeCAD_FreeCAD_pr_22817_92c56470-fb7a-467e-8f6b-7f5429e3d7ee/blob/HEAD/src/Mod/Fem/femtest/data/calculix/box_static.frd	0e31735f75e433c42a39b0b752921bd1542d02f4
0e31735f75e4__snorkel-marlin-repos__box_static.frd	https://github.com/snorkel-marlin-repos/FreeCAD_FreeCAD_pr_22869_1c3d9a6c-7535-4474-ba36-0747579ce5b9/blob/HEAD/src/Mod/Fem/femtest/data/calculix/box_static.frd	0e31735f75e433c42a39b0b752921bd1542d02f4
0e31735f75e4__snorkel-marlin-repos__box_static.frd	https://github.com/snorkel-marlin-repos/FreeCAD_FreeCAD_pr_23019_084706e8-52dc-48b9-97f4-bd54f71142c4/blob/HEAD/src/Mod/Fem/femtest/data/calculix/box_static.frd	0e31735f75e433c42a39b0b752921bd1542d02f4
0e31735f75e4__snorkel-marlin-repos__box_static.frd	https://github.com/snorkel-marlin-repos/FreeCAD_FreeCAD_pr_23291_caab13a2-95d9-4284-8717-e25db8b34f16/blob/HEAD/src/Mod/Fem/femtest/data/calculix/box_static.frd	0e31735f75e433c42a39b0b752921bd1542d02f4
0e31735f75e4__somebodyishere-kgp__box_static.frd	https://github.com/somebodyishere-kgp/AURACAD/blob/HEAD/src/src/Mod/Fem/femtest/data/calculix/box_static.frd	0e31735f75e433c42a39b0b752921bd1542d02f4
0e31735f75e4__wsteffe__box_static.frd	https://github.com/wsteffe/klayout_FreeCAD/blob/HEAD/Mod/Fem/femtest/data/calculix/box_static.frd	0e31735f75e433c42a39b0b752921bd1542d02f4
0e6a60ee10b8__romain-o__SIG120-4_45deg.frd	https://github.com/romain-o/FindMyCrossover/blob/HEAD/data/Woofers/FRD/45deg/SIG120-4_45deg.frd	0e6a60ee10b8f5e8ffc903d94749ce032d93f790
0ea369f45c3c__romain-o__DS135-8_15deg.frd	https://github.com/romain-o/FindMyCrossover/blob/HEAD/data/Midranges/FRD/15deg/DS135-8_15deg.frd	0ea369f45c3c9b5f0d332be6d9de4cfde53f6b24
0f44ed442823__lpaiu-cs__8834_apollo15_crd_250307_1955_0.frd	https://github.com/lpaiu-cs/self-mass-unobservability/blob/HEAD/data/request4_llr/monthly_split_probe_apollo15_202503/8834_apollo15_crd_250307_1955_0.frd	0f44ed4428234cab9ec7c4ef262b338fcb3fe18c
102dc4bd3915__DriftingOtter__Frequnecy_Response.frd	https://github.com/DriftingOtter/Project-Resonator/blob/HEAD/BA Driver Spec Sheets/Knowles_TEC_30033/Frequnecy_Response.frd	102dc4bd3915c3ff8d7e37e45e227d830265f1ee
10557e065685__mckayreedmoore__cube.frd	https://github.com/mckayreedmoore/mini-moonboard/blob/HEAD/fea/mortar_build/baseline-cube-y1j5w_j0/mortar_0p25-packaged-new-libraries/cube.frd	10557e0656854e42fa619b0916cd1efb490ea207
10557e065685__mckayreedmoore__cube.frd	https://github.com/mckayreedmoore/mini-moonboard/blob/HEAD/fea/mortar_build/baseline-cube-y1j5w_j0/mortar_0p25-packaged-original/cube.frd	10557e0656854e42fa619b0916cd1efb490ea207
1180714071a6__mbrennwa__MonkeyCoffin20181229_SCANR2904WG148_1m_hor_+90.frd	https://github.com/mbrennwa/osmcdoc/blob/HEAD/plots/raw_drivers/spliced_curves/MonkeyCoffin20181229_SCANR2904WG148_1m_hor_+90.frd	1180714071a65f9208cef6f14ebbde7ff889a14b
119d459b10fc__lpaiu-cs__8834_apollo15_crd_250308_1852_0.frd	https://github.com/lpaiu-cs/self-mass-unobservability/blob/HEAD/data/request4_llr/monthly_split_probe_apollo15_202503/8834_apollo15_crd_250308_1852_0.frd	119d459b10fc6f4c418405a86da3f29e8709ffd1
1268a3d3280d__fzqing__Kconfig.frd	https://github.com/fzqing/linux-2.6/blob/HEAD/lib/Kconfig.FRD	1268a3d3280d9d62c2fee5652f3de01807ede71e
12bc1991f9f8__pierreaubert__Aalto_3_Passive_ver_20.frd	https://github.com/pierreaubert/spinorama/blob/HEAD/datas/measurements/Aalto Speakers Aalto 3 Passive/vendor/Originals/Aalto 3 Passive ver 20.frd	12bc1991f9f85d0607c1a86a0c69c48d3167bb74
1364abef8ba4__spolanski__Coarse_Lin_Tet.frd	https://github.com/spolanski/CoFEA/blob/HEAD/benchmarks/02-cooks-membrane/calculix/poisson_0_33/Coarse_Lin_Tet/Coarse_Lin_Tet.frd	1364abef8ba40cd762c5f60168151bb48f7017be
136fd1ad78ae__Alex-tru__conv_limit_5e-02_beam1.frd	https://github.com/Alex-tru/MSc-Thesis/blob/HEAD/test/conv_studies/convergence_limit/convergence_limit_dt2e-02/conv_limit_5e-02_beam1.frd	136fd1ad78aea1dd051ed23b8fb8e4bbcd962c4f
1373d8453507__mbrennwa__MonkeyCoffin20181229_VM752_1m_hor_+45.frd	https://github.com/mbrennwa/osmcdoc/blob/HEAD/plots/raw_drivers/spliced_curves/MonkeyCoffin20181229_VM752_1m_hor_+45.frd	1373d845350703a49687f08740dc83e4f9c579ab
1379706cf35a__romain-o__AMT3-4_45deg.frd	https://github.com/romain-o/FindMyCrossover/blob/HEAD/data/Tweeters/FRD/45deg/AMT3-4_45deg.frd	1379706cf35af643dedf309ee788f9e051c7bf06
13fcd3646426__Alex-tru__conv_limit_1e-05_beam2.frd	https://github.com/Alex-tru/MSc-Thesis/blob/HEAD/test/conv_studies/convergence_limit/convergence_limit_dt2e-02/conv_limit_1e-05_beam2.frd	13fcd36464269188635dfddfc0785639bae0fc87
140531acc7cd__romain-o__DC28FS-8_0deg.frd	https://github.com/romain-o/FindMyCrossover/blob/HEAD/data/Tweeters/FRD/0deg/DC28FS-8_0deg.frd	140531acc7cdf7e7baf7f70b5c7c4b1ac0d690ea
1428da34a7d3__romain-o__295-369_15deg.frd	https://github.com/romain-o/FindMyCrossover/blob/HEAD/data/Woofers/FRD/15deg/295-369_15deg.frd	1428da34a7d3a2634849d6a07081c0d11ec95ceb
146d95beda9a__romain-o__DC28F-8_0deg.frd	https://github.com/romain-o/FindMyCrossover/blob/HEAD/data/Tweeters/FRD/0deg/DC28F-8_0deg.frd	146d95beda9a29167e31cbaa568458b08b8c6c88
14e0ed717c3d__Prosper1030__current_avl_compromise_conservative_closed_lf_2p00.frd	https://github.com/Prosper1030/hpa-mdo/blob/HEAD/output/go_mode_main_wing_closed_loop_final/fem_case_package/calculix/lf_2p00/current_avl_compromise_conservative_closed_lf_2p00.frd	14e0ed717c3d87c235d3bdb44b46ae29a5ea36b9
14eaec54da2e__romain-o__SIG270-4_0deg.frd	https://github.com/romain-o/FindMyCrossover/blob/HEAD/data/Woofers/FRD/0deg/SIG270-4_0deg.frd	14eaec54da2eb402c0c854d4fdd1d3ef5d89def8
152ef3eb6ff3__romain-o__RS225P-8A_30deg.frd	https://github.com/romain-o/FindMyCrossover/blob/HEAD/data/Woofers/FRD/30deg/RS225P-8A_30deg.frd	152ef3eb6ff33a227f0b044e32fc24aa0e09a395
154bb6c45ef7__mbrennwa__MonkeyCoffin20181229_SCANR2904WG148_1m_hor_+15.frd	https://github.com/mbrennwa/osmcdoc/blob/HEAD/plots/raw_drivers/spliced_curves/MonkeyCoffin20181229_SCANR2904WG148_1m_hor_+15.frd	154bb6c45ef7662b5006cfd08ef092f41806da9c
15a3ea4f845a__lpaiu-cs__8834_apollo15_crd_250307_1722_0.frd	https://github.com/lpaiu-cs/self-mass-unobservability/blob/HEAD/data/request4_llr/monthly_split_probe_apollo15_202503/8834_apollo15_crd_250307_1722_0.frd	15a3ea4f845a187c0f15e717b5102f253c2b77b6
15d59b819ac4__romain-o__DSA90-8_0deg.frd	https://github.com/romain-o/FindMyCrossover/blob/HEAD/data/Woofers/FRD/0deg/DSA90-8_0deg.frd	15d59b819ac451ab81435cadc263aac189348452
15f010ac1f48__srinivas486__merged_target.frd	https://github.com/srinivas486/audyssey-rew-tuner/blob/HEAD/output/merged_target.frd	15f010ac1f48cc1ede384a2fd8c5214569db159b
1671a2f9b6fd__romain-o__SIG180-4_45deg.frd	https://github.com/romain-o/FindMyCrossover/blob/HEAD/data/Woofers/FRD/45deg/SIG180-4_45deg.frd	1671a2f9b6fdcc5860d1953c0c0d691eec7224a9
16c7422abaa1__romain-o__DC160-4_45deg.frd	https://github.com/romain-o/FindMyCrossover/blob/HEAD/data/Woofers/FRD/45deg/DC160-4_45deg.frd	16c7422abaa1f326b13c4164b1a8cd7b3f942424
18269f4f058c__mbrennwa__MonkeyCoffin20181229_12PR320_1m_hor_+30.frd	https://github.com/mbrennwa/osmcdoc/blob/HEAD/plots/raw_drivers/spliced_curves/MonkeyCoffin20181229_12PR320_1m_hor_+30.frd	18269f4f058cae585b503d480d65f051fc55f9e0
1850d4a1cdb1__of-matches__RST28F-4@30.frd	https://github.com/of-matches/FreedomSystem/blob/HEAD/DriverDatabase/Manufacturer Data/RST28F-4_data/FRD/RST28F-4@30.frd	1850d4a1cdb1d61c1731d11b3aaa653a76711f10
18665a5f2653__romain-o__DSA135-8_15deg.frd	https://github.com/romain-o/FindMyCrossover/blob/HEAD/data/Woofers/FRD/15deg/DSA135-8_15deg.frd	18665a5f26533ec67c4eff929c27d3a19a29f7c9
18b1a3cc7745__pierreaubert__Aalto_3_Active_Pro_hor_-50.frd	https://github.com/pierreaubert/spinorama/blob/HEAD/datas/measurements/Aalto Speakers Aalto 3 Active Pro/vendor/Originals/Aalto 3 Active Pro hor -50.frd	18b1a3cc77459ec81f185766caf86571384f652e
18bd5a55e8d7__romain-o__DSA315-8_15deg.frd	https://github.com/romain-o/FindMyCrossover/blob/HEAD/data/Woofers/FRD/15deg/DSA315-8_15deg.frd	18bd5a55e8d769565bb6e8f3e93ef1ce66188840
19017337a2fe__romain-o__PS95-8_0deg.frd	https://github.com/romain-o/FindMyCrossover/blob/HEAD/data/Woofers/FRD/0deg/PS95-8_0deg.frd	19017337a2fecab7fb01de9c7ba8e22183b19664
1919f22d42b9__lpaiu-cs__8834_apollo15_crd_250307_1749_0.frd	https://github.com/lpaiu-cs/self-mass-unobservability/blob/HEAD/data/request4_llr/monthly_split_probe_apollo15_202503/8834_apollo15_crd_250307_1749_0.frd	1919f22d42b9a77843073c918d456107fdf47861
191e653b4c60__lpaiu-cs__8834_apollo15_crd_250308_1920_0.frd	https://github.com/lpaiu-cs/self-mass-unobservability/blob/HEAD/data/request4_llr/monthly_split_probe_apollo15_202503/8834_apollo15_crd_250308_1920_0.frd	191e653b4c603393e534dc6c807919bf5e0cfb9a
19bf0b1fa89c__romain-o__DC130B-4_45deg.frd	https://github.com/romain-o/FindMyCrossover/blob/HEAD/data/Woofers/FRD/45deg/DC130B-4_45deg.frd	19bf0b1fa89c132838f229755153806be5d428df
19dc5bce999e__pierreaubert__Aalto_3_Active_Pro_ver_-130.frd	https://github.com/pierreaubert/spinorama/blob/HEAD/datas/measurements/Aalto Speakers Aalto 3 Active Pro/vendor/Originals/Aalto 3 Active Pro ver -130.frd	19dc5bce999ebea103bea001ed04308d474c2f5f
1a54a21cf8e0__jonronen__woofer.frd	https://github.com/jonronen/speaker-measurements/blob/HEAD/dayton e180he morel cat408/woofer.frd	1a54a21cf8e046a0e0507530871ee1a4c7bb2607
1ae29051df67__tnakaicode__compr-rotor.frd	https://github.com/tnakaicode/PlotGallery/blob/HEAD/ccx_gallery/compr-rotor.frd	1ae29051df6784f036cae900faf232e4e45b79fe
1b05cdcc8139__dpohanlon__TCP115-8@0.frd	https://github.com/dpohanlon/crossover/blob/HEAD/data/TCP115-8@0.frd	1b05cdcc8139b32c0a09edbd2f540a4da854c2e9
1b541e0569d9__jonronen__Woofer_and_Tweeter.frd	https://github.com/jonronen/speaker-measurements/blob/HEAD/Sealed SIG120 DX25TG59/Woofer and Tweeter.frd	1b541e0569d9d456c295cb39b7a431413debe7a9
1c0e91960c05__Dhondtguido__global_2d3d.frd	https://github.com/Dhondtguido/CalculiX/blob/HEAD/test/global_2d3d.frd	1c0e91960c05c26c71d15905a05e50dec0254a70
1c0e91960c05__jwharington__global_2d3d.frd	https://github.com/jwharington/CalculiX/blob/HEAD/test/global_2d3d.frd	1c0e91960c05c26c71d15905a05e50dec0254a70
1c16013f73f2__YongleEncyclopedia__cantilever_hex8_medium.frd	https://github.com/YongleEncyclopedia/parallel-global-stiffness-assembly-research-and-implementation/blob/HEAD/parallel_global_stiffness_assembly/cpu_parallel_stiffness_assembly/results/validation-export/2026-05-23-linux-intel-calculix/cantilever_hex8_medium/calculix/cantilever_hex8_medium.frd	1c16013f73f20ab3844cb298575bbc826532bfb2
1c6a5e117cfd__airpocket-soundman__hit_d5.frd	https://github.com/airpocket-soundman/acrylic_pan/blob/HEAD/web/assets/simulation/calculix/hit_d5.frd	1c6a5e117cfd9f6d74f01f9714e8c9f76c22b511
1c6a5e117cfd__airpocket-soundman__hit_d5.frd	https://github.com/airpocket-soundman/acrylic_pan_uno_q/blob/HEAD/web/assets/simulation/calculix/hit_d5.frd	1c6a5e117cfd9f6d74f01f9714e8c9f76c22b511
1c82a9d1afa2__rbkmoney__is_trusted_with_payments_and_withdrawals_conditions.frd	https://github.com/rbkmoney/fraudo/blob/HEAD/src/test/resources/rules/is_trusted_with_payments_and_withdrawals_conditions.frd	1c82a9d1afa20d002d979ab0ce00404b54efbef3
1c82a9d1afa2__valitydev__is_trusted_with_payments_and_withdrawals_conditions.frd	https://github.com/valitydev/fraudo/blob/HEAD/src/test/resources/rules/is_trusted_with_payments_and_withdrawals_conditions.frd	1c82a9d1afa20d002d979ab0ce00404b54efbef3
1c86726891df__rbkmoney__cardCategory.frd	https://github.com/rbkmoney/fraudo/blob/HEAD/src/test/resources/rules/cardCategory.frd	1c86726891dfefa648bfed022ecc473cb40214c9
1c86726891df__valitydev__cardCategory.frd	https://github.com/valitydev/fraudo/blob/HEAD/src/test/resources/rules/cardCategory.frd	1c86726891dfefa648bfed022ecc473cb40214c9
1cc098c9dc6d__Cosvernauta__fnEstructuraRB.frd	https://github.com/Cosvernauta/rdeployer/blob/HEAD/util/fnEstructuraRB.frd	1cc098c9dc6de1d60399d1d0939ef97b0f2759e7
1da1944ae6ec__romain-o__PHT1-6_0deg.frd	https://github.com/romain-o/FindMyCrossover/blob/HEAD/data/Tweeters/FRD/0deg/PHT1-6_0deg.frd	1da1944ae6ec5b7e15af0585e3ff8156626a192c
2075991d5d5c__mbrennwa__SPL_OUTDOOR_12PR320_onAxis.frd	https://github.com/mbrennwa/osmcdoc/blob/HEAD/plots/osmc_analysis/data_outdoor/outdoor_20181227/SPL_OUTDOOR_12PR320_onAxis.FRD	2075991d5d5c28505b9ea14a29efaff86d92c016
2076a728c4ca__romain-o__ND20FA-6_30deg.frd	https://github.com/romain-o/FindMyCrossover/blob/HEAD/data/Tweeters/FRD/30deg/ND20FA-6_30deg.frd	2076a728c4caae642fc951f0dbcdba0f1288dcf1
21163f060839__romain-o__SS-18W8531G00_60deg.frd	https://github.com/romain-o/FindMyCrossover/blob/HEAD/data/Woofers/FRD/60deg/SS-18W8531G00_60deg.frd	21163f0608399c02e1b12bd5e72cbbf164a9c851
21c60c139979__spolanski__Fine_Lin_Hex.frd	https://github.com/spolanski/CoFEA/blob/HEAD/benchmarks/02-cooks-membrane/calculix/poisson_0_49/Fine_Lin_Hex/Fine_Lin_Hex.frd	21c60c139979c5892aac9c92c615ff8289ecb56c
21f38873c862__valitydev__countError.frd	https://github.com/valitydev/fraudo/blob/HEAD/src/test/resources/rules/countError.frd	21f38873c862775bd91d609bedac10eb68df2ed5
221f65eb1eb9__romain-o__TCP115-4_45deg.frd	https://github.com/romain-o/FindMyCrossover/blob/HEAD/data/Woofers/FRD/45deg/TCP115-4_45deg.frd	221f65eb1eb99a578ce7813b3f3f788255b772dc
233610741197__pierreaubert__Aalto_3_Active_Pro_hor_-120.frd	https://github.com/pierreaubert/spinorama/blob/HEAD/datas/measurements/Aalto Speakers Aalto 3 Active Pro/vendor/Originals/Aalto 3 Active Pro hor -120.frd	233610741197c40b97cf83f4c00c6d51f32c1d07
2365dd964c40__romain-o__RS125-4_0deg.frd	https://github.com/romain-o/FindMyCrossover/blob/HEAD/data/Woofers/FRD/0deg/RS125-4_0deg.frd	2365dd964c40ac7f6825f952bc33c2b919af35b5
2366bfc64748__romain-o__DC300-8_0deg.frd	https://github.com/romain-o/FindMyCrossover/blob/HEAD/data/Woofers/FRD/0deg/DC300-8_0deg.frd	2366bfc64748de4c39db60b04d706487add4e27b
238500b13a4f__romain-o__DSA90-8_45deg.frd	https://github.com/romain-o/FindMyCrossover/blob/HEAD/data/Woofers/FRD/45deg/DSA90-8_45deg.frd	238500b13a4f9632d237b2cdd521dc255f38a565
23cadeeab844__rbkmoney__in_currency.frd	https://github.com/rbkmoney/fraudo/blob/HEAD/src/test/resources/rules/in_currency.frd	23cadeeab8447250246f307d6bfc3b3ba2c23ffd
23cadeeab844__rbkmoney__in_currency.frd	https://github.com/rbkmoney/fraudo/blob/HEAD/src/test/resources/rules/p2p/in_currency.frd	23cadeeab8447250246f307d6bfc3b3ba2c23ffd
23e15dd456a2__romain-o__DA215-8_0deg.frd	https://github.com/romain-o/FindMyCrossover/blob/HEAD/data/Woofers/FRD/0deg/DA215-8_0deg.frd	23e15dd456a21096e8b2514b4e280dd67b7c18d9
24760cd215ed__Alex-tru__conv_limit_1e-03_beam2.frd	https://github.com/Alex-tru/MSc-Thesis/blob/HEAD/test/conv_studies/convergence_limit/convergence_limit_dt5e-02/conv_limit_1e-03_beam2.frd	24760cd215ede10b60b5c35a39322d920c446caf
249fbdbb93ec__Alex-tru__conv_limit_1e-05_beam2.frd	https://github.com/Alex-tru/MSc-Thesis/blob/HEAD/test/conv_studies/convergence_limit/convergence_limit_dt5e-02/conv_limit_1e-05_beam2.frd	249fbdbb93ec6b540ac17b6e6726598530c9eba9
24e5cfdcb535__JustinVijar__test.frd	https://github.com/JustinVijar/FreeERD/blob/HEAD/examples/test.frd	24e5cfdcb535d65551ddb11e11319f84b9156eb3
24eec346f20f__jonronen__Tweeter.frd	https://github.com/jonronen/speaker-measurements/blob/HEAD/SB15NRX2C30-4 SB26STCN-4/Tweeter.frd	24eec346f20f4b0e57893ab4c592b104a645a0cd
2520fdf02c6e__pierreaubert__Aalto_3_Passive_hor_-180.frd	https://github.com/pierreaubert/spinorama/blob/HEAD/datas/measurements/Aalto Speakers Aalto 3 Passive/vendor/Originals/Aalto 3 Passive hor -180.frd	2520fdf02c6e16c365f29bba7b018443b686a21f
2520fdf02c6e__pierreaubert__Aalto_3_Passive_ver_-180.frd	https://github.com/pierreaubert/spinorama/blob/HEAD/datas/measurements/Aalto Speakers Aalto 3 Passive/vendor/Originals/Aalto 3 Passive ver -180.frd	2520fdf02c6e16c365f29bba7b018443b686a21f
253b401d156e__romain-o__MB1025-8_15deg.frd	https://github.com/romain-o/FindMyCrossover/blob/HEAD/data/Woofers/FRD/15deg/MB1025-8_15deg.frd	253b401d156e90c0207e56998d271b0f13fa2c7c
255700d89c0d__romain-o__RS225P-8A_0deg.frd	https://github.com/romain-o/FindMyCrossover/blob/HEAD/data/Woofers/FRD/0deg/RS225P-8A_0deg.frd	255700d89c0d5cd649d7bf1d317726a6e8e0df28
25d73b376d4f__romain-o__DE250-8_0deg.frd	https://github.com/romain-o/FindMyCrossover/blob/HEAD/data/Tweeters/FRD/0deg/DE250-8_0deg.frd	25d73b376d4f9e46e11577f91988a101c63bf182
25dd97f169fc__emptiesvoid-cloud__calculix_precontact.frd	https://github.com/emptiesvoid-cloud/QF_solver/blob/HEAD/qualification/0_2_6/g09_lot3_mesh8/calculix_precontact.frd	25dd97f169fc0513c04ce1bea44761dc2396e628
261906124ad5__Alex-tru__conv_limit_5e-02_beam2.frd	https://github.com/Alex-tru/MSc-Thesis/blob/HEAD/test/conv_studies/convergence_limit/convergence_limit_dt5e-02/conv_limit_5e-02_beam2.frd	261906124ad50f1b456d27d86d3d2a40e6225684
2677dc34821c__nikossvr__magph.frd	https://github.com/nikossvr/beta12cx_monitor/blob/HEAD/magph.frd	2677dc34821c731b1e09e8a905821b4367d37ae0
2682195ee2b4__tnakaicode__hole-kt-study.frd	https://github.com/tnakaicode/PlotGallery/blob/HEAD/ccx_gallery/hole-kt-study.frd	2682195ee2b447c7b354da621a0933f856f41f2e
2688c3bbef7d__Alex-tru__beam_mono.frd	https://github.com/Alex-tru/MSc-Thesis/blob/HEAD/test/conv_studies/convergence_limit/convergence_limit_dt2e-02/reference/beam_mono.frd	2688c3bbef7dda702e93244d01362e4e478b3fc2
26988c46b470__pierreaubert__Aalto_3_Passive_ver_160.frd	https://github.com/pierreaubert/spinorama/blob/HEAD/datas/measurements/Aalto Speakers Aalto 3 Passive/vendor/Originals/Aalto 3 Passive ver 160.frd	26988c46b4708256f4f42680fdb8f6a0f7dab9b4
26c210297436__romain-o__RS100P-8_0deg.frd	https://github.com/romain-o/FindMyCrossover/blob/HEAD/data/Woofers/FRD/0deg/RS100P-8_0deg.frd	26c21029743638bc40faa8524ce8ddf003703c32
26d91b10c21a__romain-o__DC200-8_30deg.frd	https://github.com/romain-o/FindMyCrossover/blob/HEAD/data/Woofers/FRD/30deg/DC200-8_30deg.frd	26d91b10c21a3a3934fbf056e0840be7cd3578a7
2709bf56e040__romain-o__ND25FA-4_0deg.frd	https://github.com/romain-o/FindMyCrossover/blob/HEAD/data/Tweeters/FRD/0deg/ND25FA-4_0deg.frd	2709bf56e040c2a56de8abdce55b3e2a2b053dce
2709bf56e040__romain-o__ND25FN-4_0deg.frd	https://github.com/romain-o/FindMyCrossover/blob/HEAD/data/Tweeters/FRD/0deg/ND25FN-4_0deg.frd	2709bf56e040c2a56de8abdce55b3e2a2b053dce
27267b342be2__romain-o__PHT1-6_15deg.frd	https://github.com/romain-o/FindMyCrossover/blob/HEAD/data/Tweeters/FRD/15deg/PHT1-6_15deg.frd	27267b342be2f2a45137c4311c250f12170e2d16
274a3e63ffa6__DriftingOtter__Frequnecy_Response.frd	https://github.com/DriftingOtter/Project-Resonator/blob/HEAD/BA Driver Spec Sheets/Knowles_SR6438NWS/Frequnecy_Response.frd	274a3e63ffa6f92983fc04fb7a0329453173ba39
27823bf8f4ac__mbrennwa__MonkeyCoffin20181229_VM752_1m_hor_-15.frd	https://github.com/mbrennwa/osmcdoc/blob/HEAD/plots/raw_drivers/spliced_curves/MonkeyCoffin20181229_VM752_1m_hor_-15.frd	27823bf8f4ac1a24c9a8be79b286e60e83a83464
27ade4fe9fdd__Katona-lab__230125_006.frd	https://github.com/Katona-lab/BayesLayerAnalyst/blob/HEAD/20230125_AR2G_1OLD/Experiment_1/230125_006.frd	27ade4fe9fdd550e84a358589d1d2e8e77e072b8
27d91935d23c__romain-o__GF180-4_15deg.frd	https://github.com/romain-o/FindMyCrossover/blob/HEAD/data/Woofers/FRD/15deg/GF180-4_15deg.frd	27d91935d23cee4f442ecde0d2d8ee0773553ecf
2842b2c54344__romain-o__RS150-8_0deg.frd	https://github.com/romain-o/FindMyCrossover/blob/HEAD/data/Woofers/FRD/0deg/RS150-8_0deg.frd	2842b2c5434488def58b63cd795f66a0c62ffb21
2846505fc057__vicentebolea__V3V100008_006-0037.frd	https://github.com/vicentebolea/nrtk_explorer_datasets/blob/HEAD/OIRDS_v1_0/DataSet_1/metadata/V3V100008_006-0037.frd	2846505fc0577ca3c7f84a02255185c2f189b230
28a627165709__pierreaubert__Aalto_3_Passive_ver_130.frd	https://github.com/pierreaubert/spinorama/blob/HEAD/datas/measurements/Aalto Speakers Aalto 3 Passive/vendor/Originals/Aalto 3 Passive ver 130.frd	28a62716570986a669ca81d393609b9fc540f685
28b0c5a4c361__Dhondtguido__beamfrdwrite.frd	https://github.com/Dhondtguido/CalculiX/blob/HEAD/test/beamfrdwrite.frd	28b0c5a4c36104b8f906d890b19c69a57301f9f1
28b0c5a4c361__Konstantin8105__beamfrdwrite.frd	https://github.com/Konstantin8105/inp/blob/HEAD/testdata/beamfrdwrite.frd	28b0c5a4c36104b8f906d890b19c69a57301f9f1
28b0c5a4c361__jwharington__beamfrdwrite.frd	https://github.com/jwharington/CalculiX/blob/HEAD/test/beamfrdwrite.frd	28b0c5a4c36104b8f906d890b19c69a57301f9f1
2967a7443bc5__lpaiu-cs__8834_apollo15_crd_250306_1856_0.frd	https://github.com/lpaiu-cs/self-mass-unobservability/blob/HEAD/data/request4_llr/monthly_split_probe_apollo15_202503/8834_apollo15_crd_250306_1856_0.frd	2967a7443bc54975ed6b90948c9d9ce9ef56c384
297ecde7da7c__joachimth__tweeter_raw.frd	https://github.com/joachimth/mk3-reference-loudspeaker/blob/HEAD/simulations/frd/tweeter_raw.frd	297ecde7da7c16efdbe47000c0e7cd0b3aff2427
2a0357bca311__pierreaubert__Aalto_3_Active_Pro_ver_150.frd	https://github.com/pierreaubert/spinorama/blob/HEAD/datas/measurements/Aalto Speakers Aalto 3 Active Pro/vendor/Originals/Aalto 3 Active Pro ver 150.frd	2a0357bca311fdffec730f193e6a6d1bfbbd5c55
2a98986f6909__romain-o__TD25-4_30deg.frd	https://github.com/romain-o/FindMyCrossover/blob/HEAD/data/Tweeters/FRD/30deg/TD25-4_30deg.frd	2a98986f69093f4d48c4a8b8f1c25aea5c82b585
2b20339512f6__romain-o__ND25FA-4_30deg.frd	https://github.com/romain-o/FindMyCrossover/blob/HEAD/data/Tweeters/FRD/30deg/ND25FA-4_30deg.frd	2b20339512f6318d25730cb41acc4c7e57d07b5f
2b20339512f6__romain-o__ND25FN-4_30deg.frd	https://github.com/romain-o/FindMyCrossover/blob/HEAD/data/Tweeters/FRD/30deg/ND25FN-4_30deg.frd	2b20339512f6318d25730cb41acc4c7e57d07b5f
2b45c46b3337__romain-o__DC130BS-4_15deg.frd	https://github.com/romain-o/FindMyCrossover/blob/HEAD/data/Woofers/FRD/15deg/DC130BS-4_15deg.frd	2b45c46b3337b68b85a09b19a8a9bb26e35eaf90
2c29be4de57a__Alex-tru__conv_limit_1e-02_beam1.frd	https://github.com/Alex-tru/MSc-Thesis/blob/HEAD/test/conv_studies/convergence_limit/convergence_limit_dt5e-02/conv_limit_1e-02_beam1.frd	2c29be4de57a54642517f89e1dccd49b03ed4c66
2ca66bd9c401__Alex-tru__conv_limit_1e-02_beam2.frd	https://github.com/Alex-tru/MSc-Thesis/blob/HEAD/test/conv_studies/convergence_limit/convergence_limit_dt1e-02/conv_limit_1e-02_beam2.frd	2ca66bd9c401b4c6497e24f1554d24b84dd5077f
2cf76db13660__romain-o__AMT2-4_0deg.frd	https://github.com/romain-o/FindMyCrossover/blob/HEAD/data/Tweeters/FRD/0deg/AMT2-4_0deg.frd	2cf76db13660ec95043581948ebc39751814aa83
2d620c082781__ziutek__W.27.400.8.MC.frd	https://github.com/ziutek/WinISD/blob/HEAD/drivers/W.27.400.8.MC.frd	2d620c082781abd34cf3d4ed9dc8074866f9c931
2d6a33c2daf6__romain-o__ND20FA-6_45deg.frd	https://github.com/romain-o/FindMyCrossover/blob/HEAD/data/Tweeters/FRD/45deg/ND20FA-6_45deg.frd	2d6a33c2daf63b475ca56daae4d873d4312fa431
2d75c22e41b3__romain-o__DC250-8_0deg.frd	https://github.com/romain-o/FindMyCrossover/blob/HEAD/data/Woofers/FRD/0deg/DC250-8_0deg.frd	2d75c22e41b3edf6ddb994812e70609900bda003
2de5ba70aff5__rbkmoney__count_chargeback_refund.frd	https://github.com/rbkmoney/fraudo/blob/HEAD/src/test/resources/rules/count_chargeback_refund.frd	2de5ba70aff5088f28cc99a3ed44a72e48c300b7
2de5ba70aff5__valitydev__count_chargeback_refund.frd	https://github.com/valitydev/fraudo/blob/HEAD/src/test/resources/rules/count_chargeback_refund.frd	2de5ba70aff5088f28cc99a3ed44a72e48c300b7
2e599f0c7b32__Estia-advanced-programming__0_201_MiG-23MLD.frd	https://github.com/Estia-advanced-programming/estia-advanced-programming-2025-pandora-2025-pandora-starterpack/blob/HEAD/test/resources/common/0_201_MiG-23MLD.frd	2e599f0c7b328ed299120626a907912a4b7f99ea
2e8a3798d93c__romain-o__RS52AN-8_30deg.frd	https://github.com/romain-o/FindMyCrossover/blob/HEAD/data/Midranges/FRD/30deg/RS52AN-8_30deg.frd	2e8a3798d93cb43e60e8b7d6aba207712f3226ae
2ed64f600e99__romain-o__RS270-8_0deg.frd	https://github.com/romain-o/FindMyCrossover/blob/HEAD/data/Woofers/FRD/0deg/RS270-8_0deg.frd	2ed64f600e99a71ef6b777aa55664a4d1170858f
2f9ae3bf3f66__Alex-tru__QR1_limit_1e-05_beam1.frd	https://github.com/Alex-tru/MSc-Thesis/blob/HEAD/test/conv_studies/QR1/QR1_limit_1e-05_beam1.frd	2f9ae3bf3f660c43a320a616942b9bc578dabca6
2f9ae3bf3f66__Alex-tru__QR2_limit_1e-03_beam1.frd	https://github.com/Alex-tru/MSc-Thesis/blob/HEAD/test/conv_studies/QR2/QR2_limit_1e-03_beam1.frd	2f9ae3bf3f660c43a320a616942b9bc578dabca6
2f9ae3bf3f66__Alex-tru__QR2_limit_1e-05_beam1.frd	https://github.com/Alex-tru/MSc-Thesis/blob/HEAD/test/conv_studies/QR2/QR2_limit_1e-05_beam1.frd	2f9ae3bf3f660c43a320a616942b9bc578dabca6
2f9ae3bf3f66__Alex-tru__QR2_limit_1e-06_beam1.frd	https://github.com/Alex-tru/MSc-Thesis/blob/HEAD/test/conv_studies/QR2/QR2_limit_1e-06_beam1.frd	2f9ae3bf3f660c43a320a616942b9bc578dabca6
2f9ae3bf3f66__Alex-tru__QR2_limit_1e-08_beam1.frd	https://github.com/Alex-tru/MSc-Thesis/blob/HEAD/test/conv_studies/QR2/QR2_limit_1e-08_beam1.frd	2f9ae3bf3f660c43a320a616942b9bc578dabca6
2f9ae3bf3f66__Alex-tru__QR2_limit_1e-09_beam1.frd	https://github.com/Alex-tru/MSc-Thesis/blob/HEAD/test/conv_studies/QR2/QR2_limit_1e-09_beam1.frd	2f9ae3bf3f660c43a320a616942b9bc578dabca6
2f9ae3bf3f66__Alex-tru__QR2_limit_1e-10_beam1.frd	https://github.com/Alex-tru/MSc-Thesis/blob/HEAD/test/conv_studies/QR2/QR2_limit_1e-10_beam1.frd	2f9ae3bf3f660c43a320a616942b9bc578dabca6
2f9ae3bf3f66__Alex-tru__QR2_limit_2e-03_beam1.frd	https://github.com/Alex-tru/MSc-Thesis/blob/HEAD/test/conv_studies/QR2/QR2_limit_2e-03_beam1.frd	2f9ae3bf3f660c43a320a616942b9bc578dabca6
2f9ae3bf3f66__Alex-tru__QR2_limit_2e-04_beam1.frd	https://github.com/Alex-tru/MSc-Thesis/blob/HEAD/test/conv_studies/QR2/QR2_limit_2e-04_beam1.frd	2f9ae3bf3f660c43a320a616942b9bc578dabca6
2f9ae3bf3f66__Alex-tru__QR2_limit_2e-05_beam1.frd	https://github.com/Alex-tru/MSc-Thesis/blob/HEAD/test/conv_studies/QR2/QR2_limit_2e-05_beam1.frd	2f9ae3bf3f660c43a320a616942b9bc578dabca6
2f9ae3bf3f66__Alex-tru__QR2_limit_2e-06_beam1.frd	https://github.com/Alex-tru/MSc-Thesis/blob/HEAD/test/conv_studies/QR2/QR2_limit_2e-06_beam1.frd	2f9ae3bf3f660c43a320a616942b9bc578dabca6
2f9ae3bf3f66__Alex-tru__QR2_limit_2e-07_beam1.frd	https://github.com/Alex-tru/MSc-Thesis/blob/HEAD/test/conv_studies/QR2/QR2_limit_2e-07_beam1.frd	2f9ae3bf3f660c43a320a616942b9bc578dabca6
2f9ae3bf3f66__Alex-tru__QR2_limit_2e-08_beam1.frd	https://github.com/Alex-tru/MSc-Thesis/blob/HEAD/test/conv_studies/QR2/QR2_limit_2e-08_beam1.frd	2f9ae3bf3f660c43a320a616942b9bc578dabca6
2f9ae3bf3f66__Alex-tru__QR2_limit_2e-10_beam1.frd	https://github.com/Alex-tru/MSc-Thesis/blob/HEAD/test/conv_studies/QR2/QR2_limit_2e-10_beam1.frd	2f9ae3bf3f660c43a320a616942b9bc578dabca6
2f9ae3bf3f66__Alex-tru__QR2_limit_4e-03_beam1.frd	https://github.com/Alex-tru/MSc-Thesis/blob/HEAD/test/conv_studies/QR2/QR2_limit_4e-03_beam1.frd	2f9ae3bf3f660c43a320a616942b9bc578dabca6
2f9ae3bf3f66__Alex-tru__QR2_limit_4e-04_beam1.frd	https://github.com/Alex-tru/MSc-Thesis/blob/HEAD/test/conv_studies/QR2/QR2_limit_4e-04_beam1.frd	2f9ae3bf3f660c43a320a616942b9bc578dabca6
2f9ae3bf3f66__Alex-tru__QR2_limit_4e-05_beam1.frd	https://github.com/Alex-tru/MSc-Thesis/blob/HEAD/test/conv_studies/QR2/QR2_limit_4e-05_beam1.frd	2f9ae3bf3f660c43a320a616942b9bc578dabca6
2f9ae3bf3f66__Alex-tru__QR2_limit_4e-06_beam1.frd	https://github.com/Alex-tru/MSc-Thesis/blob/HEAD/test/conv_studies/QR2/QR2_limit_4e-06_beam1.frd	2f9ae3bf3f660c43a320a616942b9bc578dabca6
2f9ae3bf3f66__Alex-tru__QR2_limit_4e-08_beam1.frd	https://github.com/Alex-tru/MSc-Thesis/blob/HEAD/test/conv_studies/QR2/QR2_limit_4e-08_beam1.frd	2f9ae3bf3f660c43a320a616942b9bc578dabca6
2f9ae3bf3f66__Alex-tru__QR2_limit_5e-04_beam1.frd	https://github.com/Alex-tru/MSc-Thesis/blob/HEAD/test/conv_studies/QR2/QR2_limit_5e-04_beam1.frd	2f9ae3bf3f660c43a320a616942b9bc578dabca6
2f9ae3bf3f66__Alex-tru__QR2_limit_5e-05_beam1.frd	https://github.com/Alex-tru/MSc-Thesis/blob/HEAD/test/conv_studies/QR2/QR2_limit_5e-05_beam1.frd	2f9ae3bf3f660c43a320a616942b9bc578dabca6
2f9ae3bf3f66__Alex-tru__QR2_limit_5e-06_beam1.frd	https://github.com/Alex-tru/MSc-Thesis/blob/HEAD/test/conv_studies/QR2/QR2_limit_5e-06_beam1.frd	2f9ae3bf3f660c43a320a616942b9bc578dabca6
2f9ae3bf3f66__Alex-tru__QR2_limit_6e-03_beam1.frd	https://github.com/Alex-tru/MSc-Thesis/blob/HEAD/test/conv_studies/QR2/QR2_limit_6e-03_beam1.frd	2f9ae3bf3f660c43a320a616942b9bc578dabca6
2f9ae3bf3f66__Alex-tru__QR2_limit_6e-04_beam1.frd	https://github.com/Alex-tru/MSc-Thesis/blob/HEAD/test/conv_studies/QR2/QR2_limit_6e-04_beam1.frd	2f9ae3bf3f660c43a320a616942b9bc578dabca6
2f9ae3bf3f66__Alex-tru__QR2_limit_6e-06_beam1.frd	https://github.com/Alex-tru/MSc-Thesis/blob/HEAD/test/conv_studies/QR2/QR2_limit_6e-06_beam1.frd	2f9ae3bf3f660c43a320a616942b9bc578dabca6
2f9ae3bf3f66__Alex-tru__QR2_limit_6e-07_beam1.frd	https://github.com/Alex-tru/MSc-Thesis/blob/HEAD/test/conv_studies/QR2/QR2_limit_6e-07_beam1.frd	2f9ae3bf3f660c43a320a616942b9bc578dabca6
2f9ae3bf3f66__Alex-tru__QR2_limit_6e-08_beam1.frd	https://github.com/Alex-tru/MSc-Thesis/blob/HEAD/test/conv_studies/QR2/QR2_limit_6e-08_beam1.frd	2f9ae3bf3f660c43a320a616942b9bc578dabca6
2f9ae3bf3f66__Alex-tru__QR2_limit_7e-04_beam1.frd	https://github.com/Alex-tru/MSc-Thesis/blob/HEAD/test/conv_studies/QR2/QR2_limit_7e-04_beam1.frd	2f9ae3bf3f660c43a320a616942b9bc578dabca6
2f9ae3bf3f66__Alex-tru__QR2_limit_7e-07_beam1.frd	https://github.com/Alex-tru/MSc-Thesis/blob/HEAD/test/conv_studies/QR2/QR2_limit_7e-07_beam1.frd	2f9ae3bf3f660c43a320a616942b9bc578dabca6
2f9ae3bf3f66__Alex-tru__QR2_limit_8e-03_beam1.frd	https://github.com/Alex-tru/MSc-Thesis/blob/HEAD/test/conv_studies/QR2/QR2_limit_8e-03_beam1.frd	2f9ae3bf3f660c43a320a616942b9bc578dabca6
2f9ae3bf3f66__Alex-tru__QR2_limit_8e-10_beam1.frd	https://github.com/Alex-tru/MSc-Thesis/blob/HEAD/test/conv_studies/QR2/QR2_limit_8e-10_beam1.frd	2f9ae3bf3f660c43a320a616942b9bc578dabca6
2f9ae3bf3f66__Alex-tru__QR2_limit_9e-04_beam1.frd	https://github.com/Alex-tru/MSc-Thesis/blob/HEAD/test/conv_studies/QR2/QR2_limit_9e-04_beam1.frd	2f9ae3bf3f660c43a320a616942b9bc578dabca6
2f9ae3bf3f66__Alex-tru__QR2_limit_9e-07_beam1.frd	https://github.com/Alex-tru/MSc-Thesis/blob/HEAD/test/conv_studies/QR2/QR2_limit_9e-07_beam1.frd	2f9ae3bf3f660c43a320a616942b9bc578dabca6
2f9ae3bf3f66__Alex-tru__conv_limit_1e-06_beam1.frd	https://github.com/Alex-tru/MSc-Thesis/blob/HEAD/test/conv_studies/convergence_limit/convergence_limit_dt25e-04/conv_limit_1e-06_beam1.frd	2f9ae3bf3f660c43a320a616942b9bc578dabca6
2f9ae3bf3f66__Krande__static_line_cantilever_calculix.frd	https://github.com/Krande/adapy/blob/HEAD/files/fem_files/cantilever/calculix/static_line_cantilever_calculix.frd	2f9ae3bf3f660c43a320a616942b9bc578dabca6
2f9ae3bf3f66__PGKTN__R1_freq.frd	https://github.com/PGKTN/VCAO/blob/HEAD/inp/R1_freq.frd	2f9ae3bf3f660c43a320a616942b9bc578dabca6
2f9ae3bf3f66__chandrasekhar-jinendran__blade.frd	https://github.com/chandrasekhar-jinendran/Turbine-blade-FSI/blob/HEAD/Turbine_Blade_FSI/Solid/blade.frd	2f9ae3bf3f660c43a320a616942b9bc578dabca6
2f9ae3bf3f66__wr1__zerocoeff.frd	https://github.com/wr1/frd2vtu/blob/HEAD/test/frds/zerocoeff.frd	2f9ae3bf3f660c43a320a616942b9bc578dabca6
2fa574c2cee5__romain-o__DS315-8_45deg.frd	https://github.com/romain-o/FindMyCrossover/blob/HEAD/data/Woofers/FRD/45deg/DS315-8_45deg.frd	2fa574c2cee596bd0c44ae75e9cae875b4775060
2fa899f6b839__CS-SI__glonass125_trunc.frd	https://github.com/CS-SI/Orekit/blob/HEAD/src/test/resources/ilrs/glonass125_trunc.frd	2fa899f6b83907cf9a9a8c04ae8a82a3dd90cce3
2fa899f6b839__Unity-Billal-mesloub__glonass125_trunc.frd	https://github.com/Unity-Billal-mesloub/Orekit./blob/HEAD/src/test/resources/ilrs/glonass125_trunc.frd	2fa899f6b83907cf9a9a8c04ae8a82a3dd90cce3
2fa899f6b839__petrushy__glonass125_trunc.frd	https://github.com/petrushy/orekit_python_artifacts/blob/HEAD/test/resources/ilrs/glonass125_trunc.frd	2fa899f6b83907cf9a9a8c04ae8a82a3dd90cce3
3070ea746cc3__mbrennwa__MonkeyCoffin20181229_12PR320_1m_hor_+90.frd	https://github.com/mbrennwa/osmcdoc/blob/HEAD/plots/raw_drivers/spliced_curves/MonkeyCoffin20181229_12PR320_1m_hor_+90.frd	3070ea746cc364679c77a9c4769914a127c6d071
314af28cb178__Alex-tru__conv_limit_1e-03_beam1.frd	https://github.com/Alex-tru/MSc-Thesis/blob/HEAD/test/conv_studies/convergence_limit/convergence_limit_dt5e-02/conv_limit_1e-03_beam1.frd	314af28cb178cb710632cb97ec85e302b6baeaaf
3217e8f08f19__Rsantct__L_0.frd	https://github.com/Rsantct/DRC/blob/HEAD/doc/L_0.frd	3217e8f08f1902b3e71861197f2f8fd701083351
323d68029381__romain-o__DSA175-8_15deg.frd	https://github.com/romain-o/FindMyCrossover/blob/HEAD/data/Woofers/FRD/15deg/DSA175-8_15deg.frd	323d6802938157f312e8c970eeb08fd320fb6ba2
324638bf6ee5__ziutek__D.14.1000.8.TI-318x150.frd	https://github.com/ziutek/WinISD/blob/HEAD/drivers/D.14.1000.8.TI-318x150.frd	324638bf6ee521f2b935e674b0de6151fec75b1c
324c021aff7d__Alex-tru__conv_limit_1e-05_beam1.frd	https://github.com/Alex-tru/MSc-Thesis/blob/HEAD/test/conv_studies/convergence_limit/convergence_limit_dt5e-02/conv_limit_1e-05_beam1.frd	324c021aff7d80de962d3cbf6b6cf029ee0fa8ab
325ac68591e7__lpaiu-cs__8834_apollo15_crd_250308_1829_0.frd	https://github.com/lpaiu-cs/self-mass-unobservability/blob/HEAD/data/request4_llr/monthly_split_probe_apollo15_202503/8834_apollo15_crd_250308_1829_0.frd	325ac68591e7a52091f23efdfa28892acaab26ef
32cf5f5f7260__cs1240954__flap.frd	https://github.com/cs1240954/Hypersonic-Multi-Physics-Simulation-Framework/blob/HEAD/solid-calculix/flap.frd	32cf5f5f7260f55cd0f95f646fed4b7a1f9c1994
32d5f3473539__YongleEncyclopedia__cantilever_hex8_small.frd	https://github.com/YongleEncyclopedia/parallel-global-stiffness-assembly-research-and-implementation/blob/HEAD/parallel_global_stiffness_assembly/cpu_parallel_stiffness_assembly/results/validation-export/2026-05-23-linux-intel-calculix/cantilever_hex8_small/calculix/cantilever_hex8_small.frd	32d5f3473539930befcf6d044cb43f8060b15965
334c5fa492d1__ARICOMA-D365BC__twuix23o.frd	https://github.com/ARICOMA-D365BC/AC-IB-dynamics365smb-docs/blob/HEAD/business-central/obj/.cache/build/czh0dozq.l4w/twuix23o.frd	334c5fa492d14b2174cecca7e8960a5cad150ea5
334d073d577d__Johnlon__DC28FS-8@45.frd	https://github.com/Johnlon/speaker/blob/HEAD/research/speakers/datafiles/DC28FS-8/FRD/DC28FS-8@45.frd	334d073d577dab2c8e0b50b89fd3f2f49de48366
335770f0b26f__NUGUY2022__flap.frd	https://github.com/NUGUY2022/overset_preCICE_multiphase/blob/HEAD/Solid/flap.frd	335770f0b26f6c0bc4e2318f87bcd090d0376e3d
33991089ab07__Katona-lab__230125_015.frd	https://github.com/Katona-lab/BayesLayerAnalyst/blob/HEAD/20230125_AR2G_1OLD_INVERSE/Experiment_1/230125_015.frd	33991089ab07a8a1e0fb27e17b92a09da97df14d
33feeaad1275__mckayreedmoore__cube.frd	https://github.com/mckayreedmoore/mini-moonboard/blob/HEAD/fea/mortar_build/baseline-cube-y1j5w_j0/mortar_0p25-upstream/cube.frd	33feeaad127585dc8f6ea6b37f0cb8e15abf6f7e
3437feaf36c9__calculix__beam.frd	https://github.com/calculix/pygccx/blob/HEAD/tests/tests_result_reader/test_data/beam.frd	3437feaf36c9a907252db8247ce7e37238a7f4c9
347564c5f08a__Katona-lab__230125_002.frd	https://github.com/Katona-lab/BayesLayerAnalyst/blob/HEAD/20230125_AR2G_1OLD/Experiment_1/230125_002.frd	347564c5f08a285b3afb8a43228f9303f9b2eeb6
349fd92d678e__StephenGhool__RS100-4@0.frd	https://github.com/StephenGhool/Speaker-Box-Design/blob/HEAD/Full-range/295-378--Dayton-Audio-RS100-4_data/FRD/RS100-4@0.frd	349fd92d678e648219754b821ee3ee77505e89ca
3506e033e058__romain-o__RS100-4_0deg.frd	https://github.com/romain-o/FindMyCrossover/blob/HEAD/data/Woofers/FRD/0deg/RS100-4_0deg.frd	3506e033e058a1f7ae719f61dc76e574ceaa3519
35149752716f__mckayreedmoore__cube.frd	https://github.com/mckayreedmoore/mini-moonboard/blob/HEAD/fea/mortar_kinematic_build/cube-9bidnnnr/mortar_0p125-upstream/cube.frd	35149752716fbe94c3842275b3ecb045d3cfbe26
3584766439e6__Alex-tru__conv_limit_1e-05_beam1.frd	https://github.com/Alex-tru/MSc-Thesis/blob/HEAD/test/conv_studies/convergence_limit/convergence_limit_dt2e-02/conv_limit_1e-05_beam1.frd	3584766439e6bf3bd1823b808dfaf2c444e0bc5a
35bc746fd1aa__Katona-lab__230125_002.frd	https://github.com/Katona-lab/BayesLayerAnalyst/blob/HEAD/20230125_AR2G_1OLD_INVERSE/Experiment_1/230125_002.frd	35bc746fd1aa9e3b6e4755dbb12ff9adf63c334e
35ea3e0441a0__lpaiu-cs__8834_apollo15_crd_250306_2023_0.frd	https://github.com/lpaiu-cs/self-mass-unobservability/blob/HEAD/data/request4_llr/monthly_split_probe_apollo15_202503/8834_apollo15_crd_250306_2023_0.frd	35ea3e0441a04ca1170ba114c5b53f2bfcc46a7b
36224d8b44f7__pyvista__mesh.frd	https://github.com/pyvista/data/blob/HEAD/Data/mesh.frd	36224d8b44f7d196ee91c55f3bd15feae6894ada
365093ae6c23__mckayreedmoore__cube.frd	https://github.com/mckayreedmoore/mini-moonboard/blob/HEAD/fea/mortar_kinematic_build/cube-9bidnnnr/mortar_0p125-observer/cube.frd	365093ae6c23611f6223daa0645ecd0e0c1f1dbf
36c8027a0479__PoliTeK__HiVi_M8N_1_BF_30.frd	https://github.com/PoliTeK/AcoustiTeK/blob/HEAD/driver_data/FR_ZMA/HiVi_M8N_1/HiVi_M8N_1_BF_30.frd	36c8027a04791ab87f080a4d8469867613e06d12
373f0be95b09__jonronen__sb26adc.frd	https://github.com/jonronen/speaker-measurements/blob/HEAD/Morel CAW938/sb26adc.frd	373f0be95b09c2f97e339267fab0d348637ae882
37d73a050cd3__calculix__default.frd	https://github.com/calculix/cae/blob/HEAD/examples/default.frd	37d73a050cd3b472cbd97891ef2c2de88af8d738
3818f2a2e314__romain-o__DC160-8_30deg.frd	https://github.com/romain-o/FindMyCrossover/blob/HEAD/data/Woofers/FRD/30deg/DC160-8_30deg.frd	3818f2a2e3147cf26b614cbd67155df1c7d4452a
3828137c8a0f__Estia-advanced-programming__missing_header.frd	https://github.com/Estia-advanced-programming/test-generator/blob/HEAD/Data/Errors/testFiles/missing_header.frd	3828137c8a0fcc4de2ea1be4239082b5afbec742
3828137c8a0f__Estia-advanced-programming__missing_header2.frd	https://github.com/Estia-advanced-programming/test-generator/blob/HEAD/Data/Errors/testFiles/missing_header2.frd	3828137c8a0fcc4de2ea1be4239082b5afbec742
3945ec2603d7__romain-o__DA215-8_30deg.frd	https://github.com/romain-o/FindMyCrossover/blob/HEAD/data/Woofers/FRD/30deg/DA215-8_30deg.frd	3945ec2603d7cb4720d40a644dd693146499a08d
398ec3599c29__romain-o__DC28F-8_30deg.frd	https://github.com/romain-o/FindMyCrossover/blob/HEAD/data/Tweeters/FRD/30deg/DC28F-8_30deg.frd	398ec3599c29b118f82ca013b24788b21e4045a8
39cebb6a32e9__rbkmoney__count_uniqGroupBy_window.frd	https://github.com/rbkmoney/fraudo/blob/HEAD/src/test/resources/rules/count_uniqGroupBy_window.frd	39cebb6a32e901f8f211dff4399ac74e603db49b
39cebb6a32e9__valitydev__count_uniqGroupBy_window.frd	https://github.com/valitydev/fraudo/blob/HEAD/src/test/resources/rules/count_uniqGroupBy_window.frd	39cebb6a32e901f8f211dff4399ac74e603db49b
3a7af1a3ac20__lpaiu-cs__8834_apollo15_crd_250306_1600_0.v1.frd	https://github.com/lpaiu-cs/self-mass-unobservability/blob/HEAD/data/request4_llr/monthly_split_probe_apollo15_202503/8834_apollo15_crd_250306_1600_0.v1.frd	3a7af1a3ac20f4e71ccffaa399cc29a4c4b78462
3a7c428bd592__romain-o__DA115-8_15deg.frd	https://github.com/romain-o/FindMyCrossover/blob/HEAD/data/Woofers/FRD/15deg/DA115-8_15deg.frd	3a7c428bd5929f6be2f2ca6d08032785d3fd4f74
3a961725f82b__romain-o__DC130BS-8_30deg.frd	https://github.com/romain-o/FindMyCrossover/blob/HEAD/data/Woofers/FRD/30deg/DC130BS-8_30deg.frd	3a961725f82becdfb276e88a122e1487002abd6a
3b0d009c0d0f__pierreaubert__Aalto_3_Active_Pro_hor_-30.frd	https://github.com/pierreaubert/spinorama/blob/HEAD/datas/measurements/Aalto Speakers Aalto 3 Active Pro/vendor/Originals/Aalto 3 Active Pro hor -30.frd	3b0d009c0d0f8fac477f1b37782d9e6ba56eea09
3b63613ef079__derpaule__20200529xSAXxNB1AxRBDHisxTITx0901_007.frd	https://github.com/derpaule/Ty1_octet_itc/blob/HEAD/data_octet/20200529xSAXxNB1AxRBDHisxTITx0901/20200529xSAXxNB1AxRBDHisxTITx0901_007.frd	3b63613ef079a10af536ae7db8fbd75d77125930
3b8493f7c3d1__adzetto__cantilever_calculix_modal.frd	https://github.com/adzetto/femlabpy/blob/HEAD/benchmarks/calculix_runs/cantilever_calculix_modal.frd	3b8493f7c3d193f46ae5cdd893f17a63f8688bc8
3bba8f335a63__romain-o__RS150P-8A_0deg.frd	https://github.com/romain-o/FindMyCrossover/blob/HEAD/data/Woofers/FRD/0deg/RS150P-8A_0deg.frd	3bba8f335a6386ca0751bc89098254ca92b5fdc7
3bc30c9ca89d__lpaiu-cs__8834_apollo15_crd_250307_2025_0.frd	https://github.com/lpaiu-cs/self-mass-unobservability/blob/HEAD/data/request4_llr/monthly_split_probe_apollo15_202503/8834_apollo15_crd_250307_2025_0.frd	3bc30c9ca89d20a44db3df56772eefabf50ca99c
3c8d7507caf0__romain-o__old_D262_60deg.frd	https://github.com/romain-o/FindMyCrossover/blob/HEAD/data/Tweeters/FRD/60deg/old_D262_60deg.frd	3c8d7507caf06ddf57194c101fca71fb9622575f
3cc02903b84e__mbrennwa__MonkeyCoffin20181229_VM752_1m_hor_-90.frd	https://github.com/mbrennwa/osmcdoc/blob/HEAD/plots/raw_drivers/spliced_curves/MonkeyCoffin20181229_VM752_1m_hor_-90.frd	3cc02903b84e150a7b9fd02056ff7ca987ef8f27
3d6a79edc508__romain-o__SB26CDC-004-4_60deg.frd	https://github.com/romain-o/FindMyCrossover/blob/HEAD/data/Tweeters/FRD/60deg/SB26CDC-004-4_60deg.frd	3d6a79edc508b1890224c1678744bdd47a5dfb1b
3d6c073b5aad__mbrennwa__MonkeyCoffin20181229_VM752_1m_hor_-75.frd	https://github.com/mbrennwa/osmcdoc/blob/HEAD/plots/raw_drivers/spliced_curves/MonkeyCoffin20181229_VM752_1m_hor_-75.frd	3d6c073b5aad014acaecb1c32e6b95080de21c55
3d726e2bbf31__mbrennwa__SPL_OUTDOOR_R2904WG148_30deg_inside.frd	https://github.com/mbrennwa/osmcdoc/blob/HEAD/plots/osmc_analysis/data_outdoor/outdoor_20181227/SPL_OUTDOOR_R2904WG148_30deg_inside.FRD	3d726e2bbf31f78a37ea3c2d2e43f664c9845da6
3d76a8a0c1e7__spolanski__Fine_Quad_Tet.frd	https://github.com/spolanski/CoFEA/blob/HEAD/benchmarks/02-cooks-membrane/calculix/poisson_0_33/Fine_Quad_Tet/Fine_Quad_Tet.frd	3d76a8a0c1e7cabd748988d1a092d4df8393e48d
3def8666512b__CS-SI__crd_all_fields.frd	https://github.com/CS-SI/Orekit/blob/HEAD/src/test/resources/ilrs/crd_all_fields.frd	3def8666512bac5dbe359c5d35c1bea3aea004db
3def8666512b__Unity-Billal-mesloub__crd_all_fields.frd	https://github.com/Unity-Billal-mesloub/Orekit./blob/HEAD/src/test/resources/ilrs/crd_all_fields.frd	3def8666512bac5dbe359c5d35c1bea3aea004db
3ee71f7b3846__StephenGhool__TCP115-4@45.frd	https://github.com/StephenGhool/Speaker-Box-Design/blob/HEAD/Woofer/TCP115-4_data/FRD/TCP115-4@45.frd	3ee71f7b3846a219a9fd7b9ca17d630986108035
3ff324a94285__pierreaubert__Aalto_3_Active_Pro_hor_-160.frd	https://github.com/pierreaubert/spinorama/blob/HEAD/datas/measurements/Aalto Speakers Aalto 3 Active Pro/vendor/Originals/Aalto 3 Active Pro hor -160.frd	3ff324a942853694b843916f02952906deda2840
3ff324a94285__pierreaubert__Aalto_3_Active_Pro_hor_160.frd	https://github.com/pierreaubert/spinorama/blob/HEAD/datas/measurements/Aalto Speakers Aalto 3 Active Pro/vendor/Originals/Aalto 3 Active Pro hor 160.frd	3ff324a942853694b843916f02952906deda2840
40548dd00b7f__vicentebolea__V3V100007_018-0023.frd	https://github.com/vicentebolea/nrtk_explorer_datasets/blob/HEAD/OIRDS_v1_0/DataSet_1/metadata/V3V100007_018-0023.frd	40548dd00b7f8a4715cfacbcf39c5f0b34f75d9e
407ccf747bca__romain-o__AN25F-4_30deg.frd	https://github.com/romain-o/FindMyCrossover/blob/HEAD/data/Tweeters/FRD/30deg/AN25F-4_30deg.frd	407ccf747bca368dcfacab5a0b501b2aa6340774
4080fb2ebc3c__romain-o__RS150P-8A_30deg.frd	https://github.com/romain-o/FindMyCrossover/blob/HEAD/data/Woofers/FRD/30deg/RS150P-8A_30deg.frd	4080fb2ebc3c02365966c171ea5b22ec2a60be64
41591f000624__jonronen__Tweeter.frd	https://github.com/jonronen/speaker-measurements/blob/HEAD/Morel CAW538 CAT408 MTM/Tweeter.frd	41591f000624d3c8ee4db0d6b0ec9fff0ddacb16
42086f666375__pierreaubert__Aalto_3_Active_Pro_hor_-180.frd	https://github.com/pierreaubert/spinorama/blob/HEAD/datas/measurements/Aalto Speakers Aalto 3 Active Pro/vendor/Originals/Aalto 3 Active Pro hor -180.frd	42086f6663753b24e5c2e3b549bde84f49d126d2
42086f666375__pierreaubert__Aalto_3_Active_Pro_ver_-180.frd	https://github.com/pierreaubert/spinorama/blob/HEAD/datas/measurements/Aalto Speakers Aalto 3 Active Pro/vendor/Originals/Aalto 3 Active Pro ver -180.frd	42086f6663753b24e5c2e3b549bde84f49d126d2
42086f666375__pierreaubert__Aalto_3_Active_Pro_ver_180.frd	https://github.com/pierreaubert/spinorama/blob/HEAD/datas/measurements/Aalto Speakers Aalto 3 Active Pro/vendor/Originals/Aalto 3 Active Pro ver 180.frd	42086f6663753b24e5c2e3b549bde84f49d126d2
4218dc4fcdf0__pierreaubert__Aalto_3_Passive_ver_100.frd	https://github.com/pierreaubert/spinorama/blob/HEAD/datas/measurements/Aalto Speakers Aalto 3 Passive/vendor/Originals/Aalto 3 Passive ver 100.frd	4218dc4fcdf0aad9e07ddaea619b3a5d6437f5b6
42551f9e93ab__romain-o__ND140-4_0deg.frd	https://github.com/romain-o/FindMyCrossover/blob/HEAD/data/Woofers/FRD/0deg/ND140-4_0deg.frd	42551f9e93ab024af0aa901cac2d1c24d6ec60d3
42755a5a3ea9__romain-o__RS150-8_30deg.frd	https://github.com/romain-o/FindMyCrossover/blob/HEAD/data/Woofers/FRD/30deg/RS150-8_30deg.frd	42755a5a3ea95ccef7af9100f64630ea9c498612
42e810fe8f42__airpocket-soundman__hit_e4.frd	https://github.com/airpocket-soundman/acrylic_pan/blob/HEAD/web/assets/simulation/calculix/hit_e4.frd	42e810fe8f4223762a981d9c6740a71ae47b0e33
42e810fe8f42__airpocket-soundman__hit_e4.frd	https://github.com/airpocket-soundman/acrylic_pan_uno_q/blob/HEAD/web/assets/simulation/calculix/hit_e4.frd	42e810fe8f4223762a981d9c6740a71ae47b0e33
445aa41d37f1__Alex-tru__conv_limit_4e-02_beam1.frd	https://github.com/Alex-tru/MSc-Thesis/blob/HEAD/test/conv_studies/convergence_limit/convergence_limit_dt5e-02/conv_limit_4e-02_beam1.frd	445aa41d37f153598705870bcc57a8c95fa21b78
44ebe3b54a5c__romain-o__AN25F-4_0deg.frd	https://github.com/romain-o/FindMyCrossover/blob/HEAD/data/Tweeters/FRD/0deg/AN25F-4_0deg.frd	44ebe3b54a5c8da8175429e8ec131122df00f40a
4549a96aab25__nicwulab__250201_002.frd	https://github.com/nicwulab/oPool_display/blob/HEAD/oPool_display/experimental_data/validation/BLI/oPool_competition_validation/MI15_H1/250201_002.frd	4549a96aab25cc537c66ff75b55de6859d2b8c66
4577eb69be3a__lpaiu-cs__8834_apollo15_crd_250307_1858_0.frd	https://github.com/lpaiu-cs/self-mass-unobservability/blob/HEAD/data/request4_llr/monthly_split_probe_apollo15_202503/8834_apollo15_crd_250307_1858_0.frd	4577eb69be3aef35933949d01d3f6100d8b7b35b
467398dbb54a__mbsim-env__calculix.frd	https://github.com/mbsim-env/mbsim/blob/HEAD/examples/xml/ffr_interface_node_frame/calculix.frd	467398dbb54a6e1f5f25477b323a0cc044fe7af5
4734c0930d0e__Alex-tru__conv_limit_4e-02_beam2.frd	https://github.com/Alex-tru/MSc-Thesis/blob/HEAD/test/conv_studies/convergence_limit/convergence_limit_dt2e-02/conv_limit_4e-02_beam2.frd	4734c0930d0e831a16acd4b18a83213ed7e80995
47b293b67f0c__Alex-tru__conv_limit_7e-02_beam2.frd	https://github.com/Alex-tru/MSc-Thesis/blob/HEAD/test/conv_studies/convergence_limit/convergence_limit_dt1e-02/conv_limit_7e-02_beam2.frd	47b293b67f0ce518572872be28a62a655dcdd880
48500a5b821a__mbrennwa__MonkeyCoffin20181229_VM752_1m_hor_-30.frd	https://github.com/mbrennwa/osmcdoc/blob/HEAD/plots/raw_drivers/spliced_curves/MonkeyCoffin20181229_VM752_1m_hor_-30.frd	48500a5b821a2861739779e9f8783fee150a26fc
485b79f38230__jonronen__Woofer_and_Tweeter.frd	https://github.com/jonronen/speaker-measurements/blob/HEAD/Dayton DC160-8 and Vifa DX25TG59-04/Woofer and Tweeter.frd	485b79f3823091262957ef26996701df40bc5812
48740110e390__romain-o__TCP115-4_0deg.frd	https://github.com/romain-o/FindMyCrossover/blob/HEAD/data/Woofers/FRD/0deg/TCP115-4_0deg.frd	48740110e390bfafab969f70b6ded3572964e60e
489d9815ddad__rbkmoney__is_trusted_with_payments_and_withdrawals_single_conditions.frd	https://github.com/rbkmoney/fraudo/blob/HEAD/src/test/resources/rules/is_trusted_with_payments_and_withdrawals_single_conditions.frd	489d9815ddad46e4af77b874ddf94474cbebe5a4
489d9815ddad__valitydev__is_trusted_with_payments_and_withdrawals_single_conditions.frd	https://github.com/valitydev/fraudo/blob/HEAD/src/test/resources/rules/is_trusted_with_payments_and_withdrawals_single_conditions.frd	489d9815ddad46e4af77b874ddf94474cbebe5a4
48e1619709c5__StephenGhool__TCP115-4@15.frd	https://github.com/StephenGhool/Speaker-Box-Design/blob/HEAD/Woofer/TCP115-4_data/FRD/TCP115-4@15.frd	48e1619709c5015bbd5a42021a11175153ebedab
48e1bf1d1098__romain-o__ND25FA-4_15deg.frd	https://github.com/romain-o/FindMyCrossover/blob/HEAD/data/Tweeters/FRD/15deg/ND25FA-4_15deg.frd	48e1bf1d1098df0ee38085d7d72e6622c862d277
4944bd4070f4__jonronen__woofer_and_tweeter.frd	https://github.com/jonronen/speaker-measurements/blob/HEAD/Morel CAW938/woofer and tweeter.frd	4944bd4070f4033e1441c0e8d174881706a53c51
494965b4b629__Alex-tru__conv_limit_1e-07_beam2.frd	https://github.com/Alex-tru/MSc-Thesis/blob/HEAD/test/conv_studies/convergence_limit/convergence_limit_dt1e-02/conv_limit_1e-07_beam2.frd	494965b4b629e9f90a33e87a0c83e8845739eafa
49d2366f9ad0__Alex-tru__conv_limit_5e-02_beam2.frd	https://github.com/Alex-tru/MSc-Thesis/blob/HEAD/test/conv_studies/convergence_limit/convergence_limit_dt1e-02/conv_limit_5e-02_beam2.frd	49d2366f9ad067bd2b09844473df0bc56801828e
49fd7e183ffe__romain-o__RS180P-8_30deg.frd	https://github.com/romain-o/FindMyCrossover/blob/HEAD/data/Woofers/FRD/30deg/RS180P-8_30deg.frd	49fd7e183ffee9f3495c85acec5f53ac8c855d22
4a3b77cdfa2c__derpaule__20200529xSAXxNB1AxRBDHisxTITx1001_008.frd	https://github.com/derpaule/Ty1_octet_itc/blob/HEAD/data_octet/20200529xSAXxNB1AxRBDHisxTITx1001/20200529xSAXxNB1AxRBDHisxTITx1001_008.frd	4a3b77cdfa2cc46d4ca3c8d0ead2c36002f9d676
4ad1f709f34d__ReinerHohn__spine_thermomech.frd	https://github.com/ReinerHohn/Test/blob/HEAD/src/Mod/Fem/test_files/ccx/spine_thermomech.frd	4ad1f709f34dfc720eab76f58bf1fc23fe99613a
4ad1f709f34d__rdacomp__spine_thermomech.frd	https://github.com/rdacomp/FreeCAD/blob/HEAD/src/Mod/Fem/femtest/testfiles/ccx/spine_thermomech.frd	4ad1f709f34dfc720eab76f58bf1fc23fe99613a
4ad56dc4d165__romain-o__ND105-4_30deg.frd	https://github.com/romain-o/FindMyCrossover/blob/HEAD/data/Woofers/FRD/30deg/ND105-4_30deg.frd	4ad56dc4d165436ffb32cbe8db9e28a0fc4bcaa7
4b0e8b554cf6__derpaule__20200529xSAXxNB1AxRBDHisxTITx1001_002.frd	https://github.com/derpaule/Ty1_octet_itc/blob/HEAD/data_octet/20200529xSAXxNB1AxRBDHisxTITx1001/20200529xSAXxNB1AxRBDHisxTITx1001_002.frd	4b0e8b554cf6ec63b0f6088724b9401897c3f3e2
4b2eed1283c6__mckayreedmoore__cube.frd	https://github.com/mckayreedmoore/mini-moonboard/blob/HEAD/fea/mortar_build/baseline-cube-zf7wgycd/mortar_0p125-packaged-original/cube.frd	4b2eed1283c65dabb499ed2791fd20e8cfc26606
4b47b159852b__ziutek__2xW32.frd	https://github.com/ziutek/WinISD/blob/HEAD/!FRD&ZMA/Data!br2/2xW32.frd	4b47b159852bd85d4e8b0526318acaa2d824aa01
4b47b159852b__ziutek__2xW32.frd	https://github.com/ziutek/WinISD/blob/HEAD/crossover/!FRD&ZMA/Data!br2/2xW32.frd	4b47b159852bd85d4e8b0526318acaa2d824aa01
4b54cac007a7__spolanski__Coarse_Quad_Hex.frd	https://github.com/spolanski/CoFEA/blob/HEAD/benchmarks/02-cooks-membrane/calculix/poisson_0_33/Coarse_Quad_Hex/Coarse_Quad_Hex.frd	4b54cac007a777f56ca5b6f4993a2d49f29c6e38
4b6022aad66f__romain-o__EC30-4_0deg.frd	https://github.com/romain-o/FindMyCrossover/blob/HEAD/data/Woofers/FRD/0deg/EC30-4_0deg.frd	4b6022aad66f70a9cf441c5df34b2dfc3c927d99
4ba021987af4__romain-o__CF18N-4_45deg.frd	https://github.com/romain-o/FindMyCrossover/blob/HEAD/data/Tweeters/FRD/45deg/CF18N-4_45deg.frd	4ba021987af442eebd2ccaeeece39179f99069a6
4ba3f76a28fd__pierreaubert__Aalto_3_Passive_ver_170.frd	https://github.com/pierreaubert/spinorama/blob/HEAD/datas/measurements/Aalto Speakers Aalto 3 Passive/vendor/Originals/Aalto 3 Passive ver 170.frd	4ba3f76a28fde1f3ba9edca66eaa645821aa00e2
4bb81fd5917a__Liangye9809__Mesh_4Element_An.frd	https://github.com/Liangye9809/Periodic-Forced-Response-Solver/blob/HEAD/two-solid system/FEM/singleTex/Mesh_4Element_An.frd	4bb81fd5917a169fd9b9b6fd0025aaede80c3b22
4bb81fd5917a__Liangye9809__Mesh_4Element_Linear_An.frd	https://github.com/Liangye9809/Periodic-Forced-Response-Solver/blob/HEAD/two-solid system/FEM/singleTex/Mesh_4Element_Linear_An.frd	4bb81fd5917a169fd9b9b6fd0025aaede80c3b22
4bb81fd5917a__Liangye9809__Mesh_single_element.frd	https://github.com/Liangye9809/Periodic-Forced-Response-Solver/blob/HEAD/two-solid system/FEM/test_box/Mesh_single_element.frd	4bb81fd5917a169fd9b9b6fd0025aaede80c3b22
4bb81fd5917a__Liangye9809__Mesh_single_element_Qua.frd	https://github.com/Liangye9809/Periodic-Forced-Response-Solver/blob/HEAD/two-solid system/FEM/test_box/Mesh_single_element_Qua.frd	4bb81fd5917a169fd9b9b6fd0025aaede80c3b22
4d75e8bd1a7b__Alex-tru__conv_limit_3e-02_beam2.frd	https://github.com/Alex-tru/MSc-Thesis/blob/HEAD/test/conv_studies/convergence_limit/convergence_limit_dt2e-02/conv_limit_3e-02_beam2.frd	4d75e8bd1a7b6dcc898574f64161c716da52b2ee
4daf34e8bd85__pwildfe1__bboy_kneel.frd	https://github.com/pwildfe1/calculixcontainer/blob/HEAD/bboy_kneel.frd	4daf34e8bd8579abfb8e1fd961d691090b7846f5
4ddf343aa9f7__romain-o__TD20F-4_30deg.frd	https://github.com/romain-o/FindMyCrossover/blob/HEAD/data/Tweeters/FRD/30deg/TD20F-4_30deg.frd	4ddf343aa9f7639a60369715f62ebf3faccd3ece
4ea31469896f__romain-o__ND16FA-6_0deg.frd	https://github.com/romain-o/FindMyCrossover/blob/HEAD/data/Tweeters/FRD/0deg/ND16FA-6_0deg.frd	4ea31469896fa58fe2b476c78ed5584bd50f5e03
4fc2e40c8397__wangafei__spine_thermomech.frd	https://github.com/wangafei/FreeCad/blob/HEAD/src/Mod/Fem/test_files/ccx/spine_thermomech.frd	4fc2e40c8397e9e0eb92e5f7261bdf629e5c597a
4ff2550e293d__romain-o__SB17MFC35-8_30deg.frd	https://github.com/romain-o/FindMyCrossover/blob/HEAD/data/Woofers/FRD/30deg/SB17MFC35-8_30deg.frd	4ff2550e293de245c9e691cfea7439d17531d142
4fffbe2e7ddd__pierreaubert__Aalto_3_Passive_ver_-150.frd	https://github.com/pierreaubert/spinorama/blob/HEAD/datas/measurements/Aalto Speakers Aalto 3 Passive/vendor/Originals/Aalto 3 Passive ver -150.frd	4fffbe2e7ddd1f349199fe4c3a4abbda5e6093b4
501ca9e786a7__lpaiu-cs__8834_apollo15_crd_250306_1756_0.frd	https://github.com/lpaiu-cs/self-mass-unobservability/blob/HEAD/data/request4_llr/monthly_split_probe_apollo15_202503/8834_apollo15_crd_250306_1756_0.frd	501ca9e786a77c86f68eb54077d4b74ef101dd7d
50619f8cd1f3__romain-o__RS150-8_15deg.frd	https://github.com/romain-o/FindMyCrossover/blob/HEAD/data/Woofers/FRD/15deg/RS150-8_15deg.frd	50619f8cd1f3bdb4fd8b250e1498ecc6110d39ae
50a51041790e__mbrennwa__MonkeyCoffin20181229_VM752_1m_hor_-45.frd	https://github.com/mbrennwa/osmcdoc/blob/HEAD/plots/raw_drivers/spliced_curves/MonkeyCoffin20181229_VM752_1m_hor_-45.frd	50a51041790e72ba35e7548e80fcd3f7b18865c1
50f5a340b4ff__Estia-advanced-programming__base.frd	https://github.com/Estia-advanced-programming/test-generator/blob/HEAD/Data/Errors/testFiles/base.frd	50f5a340b4ff227d58ffe97732035e6bde45375f
5143ab8e2672__mbrennwa__SPL_OUTDOOR_VM752_onAxis.frd	https://github.com/mbrennwa/osmcdoc/blob/HEAD/plots/osmc_analysis/data_outdoor/outdoor_20181227/SPL_OUTDOOR_VM752_onAxis.FRD	5143ab8e267226fab8ea55648ec473176700c4bc
52db8062d56f__ReinerHohn__cube_static.frd	https://github.com/ReinerHohn/Test/blob/HEAD/src/Mod/Fem/test_files/ccx/cube_static.frd	52db8062d56f46d1d85253cb281958cc71bfc6a1
52db8062d56f__rdacomp__cube_static.frd	https://github.com/rdacomp/FreeCAD/blob/HEAD/src/Mod/Fem/femtest/testfiles/ccx/cube_static.frd	52db8062d56f46d1d85253cb281958cc71bfc6a1
531a6f22b1aa__pierreaubert__Aalto_3_Passive_ver_150.frd	https://github.com/pierreaubert/spinorama/blob/HEAD/datas/measurements/Aalto Speakers Aalto 3 Passive/vendor/Originals/Aalto 3 Passive ver 150.frd	531a6f22b1aa153e7644fcf7fe8021224eea0561
533ac97268ee__rbkmoney__count_phone.frd	https://github.com/rbkmoney/fraudo/blob/HEAD/src/test/resources/rules/count_phone.frd	533ac97268ee1dae7f9c3631af94d60260780e79
533ac97268ee__valitydev__count_phone.frd	https://github.com/valitydev/fraudo/blob/HEAD/src/test/resources/rules/count_phone.frd	533ac97268ee1dae7f9c3631af94d60260780e79
535ce68e57df__romain-o__ND16FA-6_45deg.frd	https://github.com/romain-o/FindMyCrossover/blob/HEAD/data/Tweeters/FRD/45deg/ND16FA-6_45deg.frd	535ce68e57df915fac29ad536a7f96db6069d044
53abfaacb551__Katona-lab__230125_004.frd	https://github.com/Katona-lab/BayesLayerAnalyst/blob/HEAD/20230125_AR2G_1OLD_INVERSE/Experiment_1/230125_004.frd	53abfaacb551183f142ac0977b62ad613a66f902
53ead95fdb24__joachimth__woofer_v9.frd	https://github.com/joachimth/mk3-reference-loudspeaker/blob/HEAD/simulations/frd/woofer_v9.frd	53ead95fdb24183d59e44551697517c1dcd181c5
53ff197266a7__Alex-tru__conv_limit_2e-02_beam2.frd	https://github.com/Alex-tru/MSc-Thesis/blob/HEAD/test/conv_studies/convergence_limit/convergence_limit_dt5e-02/conv_limit_2e-02_beam2.frd	53ff197266a7c38450adb8ba3ed1ded26b2d1e2a
54500a1f11cb__airpocket-soundman__hit_d4.frd	https://github.com/airpocket-soundman/acrylic_pan/blob/HEAD/web/assets/simulation/calculix/hit_d4.frd	54500a1f11cb945bd332207ff395f28eaf4cdf70
54500a1f11cb__airpocket-soundman__hit_d4.frd	https://github.com/airpocket-soundman/acrylic_pan_uno_q/blob/HEAD/web/assets/simulation/calculix/hit_d4.frd	54500a1f11cb945bd332207ff395f28eaf4cdf70
545cf1a6a58a__nicwulab__250201_001.frd	https://github.com/nicwulab/oPool_display/blob/HEAD/oPool_display/experimental_data/validation/BLI/oPool_competition_validation/MI15_H1/250201_001.frd	545cf1a6a58a69d5d25a8ff61ef242e6fdedd97f
550718cfa124__spolanski__fine-lin-tet.frd	https://github.com/spolanski/CoFEA/blob/HEAD/benchmarks/04-eliptic-membrane/results/Results_Calculix/fine-lin-tet/fine-lin-tet.frd	550718cfa124f40e0f1675efabc2a47840386cbf
55665c562b23__romain-o__SIG150-4_45deg.frd	https://github.com/romain-o/FindMyCrossover/blob/HEAD/data/Woofers/FRD/45deg/SIG150-4_45deg.frd	55665c562b2336bd3fcedc3b427d1b27385d4203
56123601fe77__romain-o__SS-D3004-660000_60deg.frd	https://github.com/romain-o/FindMyCrossover/blob/HEAD/data/Tweeters/FRD/60deg/SS-D3004-660000_60deg.frd	56123601fe779dfefbc05bd21a1822217fd09e1e
57258ab9d634__romain-o__ND28F-6_15deg.frd	https://github.com/romain-o/FindMyCrossover/blob/HEAD/data/Tweeters/FRD/15deg/ND28F-6_15deg.frd	57258ab9d634342c68a15409b659149f07c51ceb
57535526ed79__of-matches__NFRS52FN-8@45.frd	https://github.com/of-matches/FreedomSystem/blob/HEAD/DriverDatabase/Manufacturer Data/RS52FN-8_data/FRD/NFRS52FN-8@45.frd	57535526ed7961fda408840754ddad609cc8bda4
5763c2323492__jonronen__Tweeter.frd	https://github.com/jonronen/speaker-measurements/blob/HEAD/Morel 638 378 bigger/Tweeter.frd	5763c23234929e96b78150cdb4c8fbe874b2a295
57695231e32f__romain-o__ND20FB-4_15deg.frd	https://github.com/romain-o/FindMyCrossover/blob/HEAD/data/Tweeters/FRD/15deg/ND20FB-4_15deg.frd	57695231e32f9ce709a23328d185096789e64f2e
57be1987e89a__Estia-advanced-programming__missing_colnames.frd	https://github.com/Estia-advanced-programming/test-generator/blob/HEAD/Data/Errors/testFiles/missing_colnames.frd	57be1987e89ade3da16386ef5ef222da0761aff5
580bdebf3bdc__romain-o__DA175-8_45deg.frd	https://github.com/romain-o/FindMyCrossover/blob/HEAD/data/Woofers/FRD/45deg/DA175-8_45deg.frd	580bdebf3bdc93bbf8a0dc53ea15610c544440d3
58a25ccc5af7__romain-o__DS175-8_15deg.frd	https://github.com/romain-o/FindMyCrossover/blob/HEAD/data/Woofers/FRD/15deg/DS175-8_15deg.frd	58a25ccc5af7a220988a29520fc9dc070dbf2f7d
59241ae8e6cd__romain-o__AN25F-4_45deg.frd	https://github.com/romain-o/FindMyCrossover/blob/HEAD/data/Tweeters/FRD/45deg/AN25F-4_45deg.frd	59241ae8e6cded8c2795cd16cffeacd2b4f3565a
5929a452fee1__makkemal__Test_ElasticStrain.frd	https://github.com/makkemal/NGIMASEM/blob/HEAD/Testprobs/Test_ElasticStrain.frd	5929a452fee1cf112c135497f4737fd3d1127133
5987b909c629__romain-o__BMS-4526ND_0deg.frd	https://github.com/romain-o/FindMyCrossover/blob/HEAD/data/Tweeters/FRD/0deg/BMS-4526ND_0deg.frd	5987b909c6293bc2cad3723beca275401f723d7b
59debbc3abaf__lpaiu-cs__8834_apollo15_crd_250307_1727_0.frd	https://github.com/lpaiu-cs/self-mass-unobservability/blob/HEAD/data/request4_llr/monthly_split_probe_apollo15_202503/8834_apollo15_crd_250307_1727_0.frd	59debbc3abaf452420616b5fc1c8d9f66e998f97
5a25fcf70a54__vicentebolea__V3V100010_005-1070.frd	https://github.com/vicentebolea/nrtk_explorer_datasets/blob/HEAD/OIRDS_v1_0/DataSet_1/metadata/V3V100010_005-1070.frd	5a25fcf70a54b8a18856b8ae946c121f2da14c19
5a2c238bb7bf__mckayreedmoore__cube.frd	https://github.com/mckayreedmoore/mini-moonboard/blob/HEAD/fea/mortar_build/baseline-cube-zf7wgycd/mortar_0p25-upstream/cube.frd	5a2c238bb7bfd95ccc1f904fa7dfe734e7d3670c
5ad5b19b4d5e__pierreaubert__Aalto_3_Active_Pro_ver_-100.frd	https://github.com/pierreaubert/spinorama/blob/HEAD/datas/measurements/Aalto Speakers Aalto 3 Active Pro/vendor/Originals/Aalto 3 Active Pro ver -100.frd	5ad5b19b4d5e09249fa59ad38c97cbdc2153eb92
5b194972d9d2__romain-o__295-369_0deg.frd	https://github.com/romain-o/FindMyCrossover/blob/HEAD/data/Woofers/FRD/0deg/295-369_0deg.frd	5b194972d9d204f391b1a4c72fc401629f58bd8d
5b1c6b6af80a__romain-o__AMTPRO-4_30deg.frd	https://github.com/romain-o/FindMyCrossover/blob/HEAD/data/Tweeters/FRD/30deg/AMTPRO-4_30deg.frd	5b1c6b6af80a012a9b4cabd0e10f233958f8113b
5b5cbc0b2a02__pierreaubert__Aalto_3_Active_Pro_ver_-110.frd	https://github.com/pierreaubert/spinorama/blob/HEAD/datas/measurements/Aalto Speakers Aalto 3 Active Pro/vendor/Originals/Aalto 3 Active Pro ver -110.frd	5b5cbc0b2a02a59faf85cec291ef3d0065b6cbb3
5bbc69d180df__romain-o__MB1025-8_30deg.frd	https://github.com/romain-o/FindMyCrossover/blob/HEAD/data/Woofers/FRD/30deg/MB1025-8_30deg.frd	5bbc69d180dff00197533c0d5f8c83214bef2d56
5c4fdb6aef44__pierreaubert__Aalto_3_Active_Pro_ver_100.frd	https://github.com/pierreaubert/spinorama/blob/HEAD/datas/measurements/Aalto Speakers Aalto 3 Active Pro/vendor/Originals/Aalto 3 Active Pro ver 100.frd	5c4fdb6aef444040eb0132b99366b0bac03ba7c1
5cd3be9b91db__pierreaubert__Aalto_3_Passive_hor_-90.frd	https://github.com/pierreaubert/spinorama/blob/HEAD/datas/measurements/Aalto Speakers Aalto 3 Passive/vendor/Originals/Aalto 3 Passive hor -90.frd	5cd3be9b91dbad16da223ce2765119f360e8ba03
5cd3be9b91db__pierreaubert__Aalto_3_Passive_hor_90.frd	https://github.com/pierreaubert/spinorama/blob/HEAD/datas/measurements/Aalto Speakers Aalto 3 Passive/vendor/Originals/Aalto 3 Passive hor 90.frd	5cd3be9b91dbad16da223ce2765119f360e8ba03
5cfd3c1ba456__romain-o__SIG180-4_15deg.frd	https://github.com/romain-o/FindMyCrossover/blob/HEAD/data/Woofers/FRD/15deg/SIG180-4_15deg.frd	5cfd3c1ba4567cc00c62539ca77d07fcffef5149
5d40e92eec92__rbkmoney__like.frd	https://github.com/rbkmoney/fraudo/blob/HEAD/src/test/resources/rules/like.frd	5d40e92eec92ea7fa90485bd65bc6e7ab25a6998
5d40e92eec92__valitydev__like.frd	https://github.com/valitydev/fraudo/blob/HEAD/src/test/resources/rules/like.frd	5d40e92eec92ea7fa90485bd65bc6e7ab25a6998
5d64ee7bf673__romain-o__DSA135-8_0deg.frd	https://github.com/romain-o/FindMyCrossover/blob/HEAD/data/Woofers/FRD/0deg/DSA135-8_0deg.frd	5d64ee7bf6737c9f9b25850ef8ddee04a6d1a0ca
5da3a20c5c1f__Liangye9809__analysis.frd	https://github.com/Liangye9809/Periodic-Forced-Response-Solver/blob/HEAD/two-solid system/FEM/test_box/analysis.frd	5da3a20c5c1fffc7c556b4c6840e433c1b3349b5
5dfed2cf7443__romain-o__E180HE-44_45deg.frd	https://github.com/romain-o/FindMyCrossover/blob/HEAD/data/Woofers/FRD/45deg/E180HE-44_45deg.frd	5dfed2cf7443230c044fcb5be46b7f0cb98d1d74
5e20d7d0b30f__ReinerHohn__Flow1D_thermomech.frd	https://github.com/ReinerHohn/Test/blob/HEAD/src/Mod/Fem/test_files/ccx/Flow1D_thermomech.frd	5e20d7d0b30f0ead6299c093daec334f99ef5172
5e20d7d0b30f__rdacomp__Flow1D_thermomech.frd	https://github.com/rdacomp/FreeCAD/blob/HEAD/src/Mod/Fem/femtest/testfiles/ccx/Flow1D_thermomech.frd	5e20d7d0b30f0ead6299c093daec334f99ef5172
5e5ceffd535d__romain-o__ND91-8_45deg.frd	https://github.com/romain-o/FindMyCrossover/blob/HEAD/data/Woofers/FRD/45deg/ND91-8_45deg.frd	5e5ceffd535df139300ad7cde43a5f661a110658
5f4f89153eb0__spolanski__coarse-lin-tet.frd	https://github.com/spolanski/CoFEA/blob/HEAD/benchmarks/04-eliptic-membrane/results/Results_Calculix/coarse-lin-tet/coarse-lin-tet.frd	5f4f89153eb0bae9d651aaccbe71d3f1251bec87
60142956de2b__romain-o__DS175-8_0deg.frd	https://github.com/romain-o/FindMyCrossover/blob/HEAD/data/Woofers/FRD/0deg/DS175-8_0deg.frd	60142956de2b305af52502eeebaf570502bdc1b8
607b5ee1468c__romain-o__SIG180-4_0deg.frd	https://github.com/romain-o/FindMyCrossover/blob/HEAD/data/Woofers/FRD/0deg/SIG180-4_0deg.frd	607b5ee1468cb0d5050b51b7017460da02969206
60de70cf6144__romain-o__PHT1-6_30deg.frd	https://github.com/romain-o/FindMyCrossover/blob/HEAD/data/Tweeters/FRD/30deg/PHT1-6_30deg.frd	60de70cf6144cc38e906400a48ca57c4d5f8f9f8
60e9f0970b5b__mbrennwa__MonkeyCoffin20181229_12PR320_1m_hor_+15.frd	https://github.com/mbrennwa/osmcdoc/blob/HEAD/plots/raw_drivers/spliced_curves/MonkeyCoffin20181229_12PR320_1m_hor_+15.frd	60e9f0970b5bfa7ec8dda7e5c721fa90d6fc71fd
61032e0866e3__mbrennwa__MonkeyCoffin20181229_VM752_1m_hor_0.frd	https://github.com/mbrennwa/osmcdoc/blob/HEAD/plots/raw_drivers/spliced_curves/MonkeyCoffin20181229_VM752_1m_hor_0.frd	61032e0866e30d7817e50ccb0fed14e9a2621302
613c22fcb385__rbkmoney__rule_is_not_fire.frd	https://github.com/rbkmoney/fraudo/blob/HEAD/src/test/resources/rules/rule_is_not_fire.frd	613c22fcb385a0c946340f197090067e8d1b772b
613c22fcb385__valitydev__rule_is_not_fire.frd	https://github.com/valitydev/fraudo/blob/HEAD/src/test/resources/rules/rule_is_not_fire.frd	613c22fcb385a0c946340f197090067e8d1b772b
6208caad05bc__romain-o__RS100-8_45deg.frd	https://github.com/romain-o/FindMyCrossover/blob/HEAD/data/Woofers/FRD/45deg/RS100-8_45deg.frd	6208caad05bcb3d604124d471a8103aae1596a2d
62275e61f5db__mbrennwa__IMPEDANCE_OUTDOOR_12PR320.frd	https://github.com/mbrennwa/osmcdoc/blob/HEAD/plots/osmc_analysis/data_outdoor/outdoor_20181227/IMPEDANCE_OUTDOOR_12PR320.FRD	62275e61f5db48058875d6cfc2efae74cf82bc67
62354e4de2c3__DriftingOtter__Frequnecy_Response.frd	https://github.com/DriftingOtter/Project-Resonator/blob/HEAD/BA Driver Spec Sheets/Knowles_ED_30262/Frequnecy_Response.frd	62354e4de2c34d3abd1de1f6b2f542bd2bf903e1
626033601485__Taur-Tech__F144W.frd	https://github.com/Taur-Tech/Project-Ryu---Loudspeaker-Drivers/blob/HEAD/Drivers/F144/models/F144W/frd/F144W.frd	6260336014856e3a5abab702b539241f55d5470a
62fbdf1411e7__romain-o__DC25T-8_0deg.frd	https://github.com/romain-o/FindMyCrossover/blob/HEAD/data/Tweeters/FRD/0deg/DC25T-8_0deg.frd	62fbdf1411e74ba435adf17e5ae3f18380e1a674
6334c083a31e__lpaiu-cs__8834_apollo15_crd_250307_2002_0.frd	https://github.com/lpaiu-cs/self-mass-unobservability/blob/HEAD/data/request4_llr/monthly_split_probe_apollo15_202503/8834_apollo15_crd_250307_2002_0.frd	6334c083a31e8504d0a10b28908f6425d7fc72ec
63511ff0dabb__mbrennwa__MonkeyCoffin20181229_VM752_1m_hor_+15.frd	https://github.com/mbrennwa/osmcdoc/blob/HEAD/plots/raw_drivers/spliced_curves/MonkeyCoffin20181229_VM752_1m_hor_+15.frd	63511ff0dabb1aee683b8564073758b5aabfee57
6381eacc9f1b__mckayreedmoore__cube.frd	https://github.com/mckayreedmoore/mini-moonboard/blob/HEAD/fea/mortar_build/baseline-cube-zf7wgycd/mortar_0p25-packaged-new-libraries/cube.frd	6381eacc9f1bf136cbaef2c21e80c5152bd3c524
6381eacc9f1b__mckayreedmoore__cube.frd	https://github.com/mckayreedmoore/mini-moonboard/blob/HEAD/fea/mortar_build/baseline-cube-zf7wgycd/mortar_0p25-packaged-original/cube.frd	6381eacc9f1bf136cbaef2c21e80c5152bd3c524
638cd34f3e0f__DriftingOtter__Frequency_Response.frd	https://github.com/DriftingOtter/Project-Resonator/blob/HEAD/BA Driver Spec Sheets/Sonion_38D1XJ007Mi8a/Frequency_Response.frd	638cd34f3e0fa8b11689d0d74c166f0de6cfdb53
63b5b8c67976__romain-o__RS180-8_0deg.frd	https://github.com/romain-o/FindMyCrossover/blob/HEAD/data/Woofers/FRD/0deg/RS180-8_0deg.frd	63b5b8c6797683be15051a6f76357040e8fef6b6
63fe27357344__romain-o__RS180-4_15deg.frd	https://github.com/romain-o/FindMyCrossover/blob/HEAD/data/Woofers/FRD/15deg/RS180-4_15deg.frd	63fe27357344aa65574672c1c2928d5d98c38c65
653eda705d3d__mckayreedmoore__cube.frd	https://github.com/mckayreedmoore/mini-moonboard/blob/HEAD/fea/mortar_observer_build/cube-qyk279w_/mortar_0p125-upstream/cube.frd	653eda705d3d7529fd72574200cfb5e000eaa885
65914be70e3d__of-matches__RST28F-4@0.frd	https://github.com/of-matches/FreedomSystem/blob/HEAD/DriverDatabase/Manufacturer Data/RST28F-4_data/FRD/RST28F-4@0.frd	65914be70e3dc8b644afbf8263a0a49955c12ea0
6607a992e9ea__pierreaubert__Aalto_3_Active_Pro_hor_-80.frd	https://github.com/pierreaubert/spinorama/blob/HEAD/datas/measurements/Aalto Speakers Aalto 3 Active Pro/vendor/Originals/Aalto 3 Active Pro hor -80.frd	6607a992e9ea882d93704273fc43ba1c94a4ec4b
6607a992e9ea__pierreaubert__Aalto_3_Active_Pro_hor_80.frd	https://github.com/pierreaubert/spinorama/blob/HEAD/datas/measurements/Aalto Speakers Aalto 3 Active Pro/vendor/Originals/Aalto 3 Active Pro hor 80.frd	6607a992e9ea882d93704273fc43ba1c94a4ec4b
662c7aaf64e5__pierreaubert__Aalto_3_Active_Pro_ver_40.frd	https://github.com/pierreaubert/spinorama/blob/HEAD/datas/measurements/Aalto Speakers Aalto 3 Active Pro/vendor/Originals/Aalto 3 Active Pro ver 40.frd	662c7aaf64e5b944850bae82b5dbf747c0b1ab40
66eb40c475e3__derpaule__20200529xSAXxNB1AxRBDHisxTITx1001_006.frd	https://github.com/derpaule/Ty1_octet_itc/blob/HEAD/data_octet/20200529xSAXxNB1AxRBDHisxTITx1001/20200529xSAXxNB1AxRBDHisxTITx1001_006.frd	66eb40c475e3311cfea960eaffc198cdcc1fbbbe
671b94960e46__rbkmoney__accept_with_notify.frd	https://github.com/rbkmoney/fraudo/blob/HEAD/src/test/resources/rules/accept_with_notify.frd	671b94960e46a7bb59b845d1dc58e7c1630c6fda
671b94960e46__valitydev__accept_with_notify.frd	https://github.com/valitydev/fraudo/blob/HEAD/src/test/resources/rules/accept_with_notify.frd	671b94960e46a7bb59b845d1dc58e7c1630c6fda
678a325f41ce__Alex-tru__conv_limit_3e-02_beam2.frd	https://github.com/Alex-tru/MSc-Thesis/blob/HEAD/test/conv_studies/convergence_limit/convergence_limit_dt5e-02/conv_limit_3e-02_beam2.frd	678a325f41ce421a543eee0364f86a4ebadade6d
67e3c0993b8d__airpocket-soundman__hit_c5.frd	https://github.com/airpocket-soundman/acrylic_pan/blob/HEAD/web/assets/simulation/calculix/hit_c5.frd	67e3c0993b8d6e89484e411ed0413cceb7452934
67e3c0993b8d__airpocket-soundman__hit_c5.frd	https://github.com/airpocket-soundman/acrylic_pan_uno_q/blob/HEAD/web/assets/simulation/calculix/hit_c5.frd	67e3c0993b8d6e89484e411ed0413cceb7452934
67ff6262c65d__ProgramCrafter__Demo.frd	https://github.com/ProgramCrafter/futuread-obsidian/blob/HEAD/demo/Demo.frd	67ff6262c65d4f7982110076be83c488337b6c33
682f9811599b__pierreaubert__Aalto_3_Passive_hor_-60.frd	https://github.com/pierreaubert/spinorama/blob/HEAD/datas/measurements/Aalto Speakers Aalto 3 Passive/vendor/Originals/Aalto 3 Passive hor -60.frd	682f9811599bb4c36085535393b99a12bbd86723
682f9811599b__pierreaubert__Aalto_3_Passive_hor_60.frd	https://github.com/pierreaubert/spinorama/blob/HEAD/datas/measurements/Aalto Speakers Aalto 3 Passive/vendor/Originals/Aalto 3 Passive hor 60.frd	682f9811599bb4c36085535393b99a12bbd86723
68603f818bcb__DriftingOtter__Frequnecy_Response.frd	https://github.com/DriftingOtter/Project-Resonator/blob/HEAD/BA Driver Spec Sheets/Knowles_SWFK_31736/Frequnecy_Response.frd	68603f818bcbb2ab8da001130ebc4962a0e8717a
68e3c35b346e__romain-o__RST28F-4_30deg.frd	https://github.com/romain-o/FindMyCrossover/blob/HEAD/data/Tweeters/FRD/30deg/RST28F-4_30deg.frd	68e3c35b346eb123a30156ce40f4289a07013db2
6901f772f2eb__romain-o__RS150-4_45deg.frd	https://github.com/romain-o/FindMyCrossover/blob/HEAD/data/Woofers/FRD/45deg/RS150-4_45deg.frd	6901f772f2eba11c9d49148719cf5a37cb69c5c4
693dc9425315__valitydev__trust.frd	https://github.com/valitydev/fraudo/blob/HEAD/src/test/resources/rules/trust.frd	693dc942531563cfb515bf5761dd2ce424cea418
697b5360fa96__wangafei__cube_static.frd	https://github.com/wangafei/FreeCad/blob/HEAD/src/Mod/Fem/test_files/ccx/cube_static.frd	697b5360fa96ed10c2d5084a36eda8af58c3f5d6
69b0b53de584__Finnitio__sum.frd	https://github.com/Finnitio/06-EQ-Optimizer/blob/HEAD/output/three_way_baseline/sum.frd	69b0b53de5843e3b35721699d2903e279f101cc8
69da78f4796d__rbkmoney__in_not.frd	https://github.com/rbkmoney/fraudo/blob/HEAD/src/test/resources/rules/in_not.frd	69da78f4796d8603af9b65ebfb690482b99944d3
69da78f4796d__valitydev__in_not.frd	https://github.com/valitydev/fraudo/blob/HEAD/src/test/resources/rules/in_not.frd	69da78f4796d8603af9b65ebfb690482b99944d3
6a06587b2ced__romain-o__DS135-8_45deg.frd	https://github.com/romain-o/FindMyCrossover/blob/HEAD/data/Midranges/FRD/45deg/DS135-8_45deg.frd	6a06587b2cedbfa7d5c9aa82c3e22be7eb26bc23
6a42d36f72b9__pierreaubert__Aalto_3_Active_Pro_hor_140.frd	https://github.com/pierreaubert/spinorama/blob/HEAD/datas/measurements/Aalto Speakers Aalto 3 Active Pro/vendor/Originals/Aalto 3 Active Pro hor 140.frd	6a42d36f72b9336fdc5d5111fdb45ba9a797d884
6a6014dca2cd__lpaiu-cs__7080_apollo15_crd_250306_1600_0.v1.frd	https://github.com/lpaiu-cs/self-mass-unobservability/blob/HEAD/data/request4_llr/monthly_split_probe_apollo15_202503/7080_apollo15_crd_250306_1600_0.v1.frd	6a6014dca2cd071fab056bf425b8aaba1eb7efa9
6a664f871b83__romain-o__TCP115-8_15deg.frd	https://github.com/romain-o/FindMyCrossover/blob/HEAD/data/Woofers/FRD/15deg/TCP115-8_15deg.frd	6a664f871b83d0e916d88b09073d2cba4d9f3bed
6bc9f0bdaf3c__mckayreedmoore__cube.frd	https://github.com/mckayreedmoore/mini-moonboard/blob/HEAD/fea/mortar_build/baseline-cube-y1j5w_j0/mortar_0p125-packaged-new-libraries/cube.frd	6bc9f0bdaf3cb6bd1dcf2ad1d97a3919da188652
6bc9f0bdaf3c__mckayreedmoore__cube.frd	https://github.com/mckayreedmoore/mini-moonboard/blob/HEAD/fea/mortar_build/baseline-cube-y1j5w_j0/mortar_0p125-packaged-original/cube.frd	6bc9f0bdaf3cb6bd1dcf2ad1d97a3919da188652
6bcbf8f3ebb5__Alex-tru__conv_limit_1e-03_beam2.frd	https://github.com/Alex-tru/MSc-Thesis/blob/HEAD/test/conv_studies/convergence_limit/convergence_limit_dt2e-02/conv_limit_1e-03_beam2.frd	6bcbf8f3ebb5ff47e8d1532b756b9eeb3b409df5
6bf8b6d9535b__ReinerHohn__cube_frequency.frd	https://github.com/ReinerHohn/Test/blob/HEAD/src/Mod/Fem/test_files/ccx/cube_frequency.frd	6bf8b6d9535b0aa245d088fcac5bc7c5ddb6fcaa
6bf8b6d9535b__rdacomp__cube_frequency.frd	https://github.com/rdacomp/FreeCAD/blob/HEAD/src/Mod/Fem/femtest/testfiles/ccx/cube_frequency.frd	6bf8b6d9535b0aa245d088fcac5bc7c5ddb6fcaa
6ce86cf3159e__spolanski__Fine_Lin_Hex.frd	https://github.com/spolanski/CoFEA/blob/HEAD/benchmarks/02-cooks-membrane/calculix/poisson_0_33/Fine_Lin_Hex/Fine_Lin_Hex.frd	6ce86cf3159e90d127c75197d28bc24b21736289
6d1a8d2c5d1f__romain-o__RS150-8_45deg.frd	https://github.com/romain-o/FindMyCrossover/blob/HEAD/data/Woofers/FRD/45deg/RS150-8_45deg.frd	6d1a8d2c5d1f05906a30180b58d0939627c32c18
6d1f5410c248__spolanski__Fine_Quad_Hex.frd	https://github.com/spolanski/CoFEA/blob/HEAD/benchmarks/02-cooks-membrane/calculix/poisson_0_49/Fine_Quad_Hex/Fine_Quad_Hex.frd	6d1f5410c248a12c0512002fb51df0bd7e545f2a
6e1e75837228__lpaiu-cs__8834_apollo15_crd_250307_1550_0.frd	https://github.com/lpaiu-cs/self-mass-unobservability/blob/HEAD/data/request4_llr/monthly_split_probe_apollo15_202503/8834_apollo15_crd_250307_1550_0.frd	6e1e75837228954efc04e77e9bc663d665cb9f88
6e3428beefb4__llama-ccx__beam_closed_form.frd	https://github.com/llama-ccx/llama-ccx/blob/HEAD/Llama.Test/generated/beam_closed_form/20260321-225127/beam_closed_form.frd	6e3428beefb4bf22b22d07f935affbac09562c7a
6eddf3bc315d__Alex-tru__conv_limit_1e-04_beam2.frd	https://github.com/Alex-tru/MSc-Thesis/blob/HEAD/test/conv_studies/convergence_limit/convergence_limit_dt2e-02/conv_limit_1e-04_beam2.frd	6eddf3bc315db3bfd169acf9d89b81a84d8c97e8
6fd56fdc9df0__romain-o__ND16FA-4_30deg.frd	https://github.com/romain-o/FindMyCrossover/blob/HEAD/data/Tweeters/FRD/30deg/ND16FA-4_30deg.frd	6fd56fdc9df042c8b44fc7304aa2a2026475dfa2
704526fbc08e__romain-o__RS125P-4_0deg.frd	https://github.com/romain-o/FindMyCrossover/blob/HEAD/data/Woofers/FRD/0deg/RS125P-4_0deg.frd	704526fbc08e499bdc510a2b0be7e6d415b094c8
705b357f2d44__rbkmoney__is_trusted.frd	https://github.com/rbkmoney/fraudo/blob/HEAD/src/test/resources/rules/is_trusted.frd	705b357f2d44d1a0cb16351bf835a3d330d31b3c
705b357f2d44__rbkmoney__is_trusted_with_template_name.frd	https://github.com/rbkmoney/fraudo/blob/HEAD/src/test/resources/rules/is_trusted_with_template_name.frd	705b357f2d44d1a0cb16351bf835a3d330d31b3c
705b357f2d44__valitydev__is_trusted.frd	https://github.com/valitydev/fraudo/blob/HEAD/src/test/resources/rules/is_trusted.frd	705b357f2d44d1a0cb16351bf835a3d330d31b3c
705b357f2d44__valitydev__is_trusted_with_template_name.frd	https://github.com/valitydev/fraudo/blob/HEAD/src/test/resources/rules/is_trusted_with_template_name.frd	705b357f2d44d1a0cb16351bf835a3d330d31b3c
708eddc1aac4__Katona-lab__230125_001.frd	https://github.com/Katona-lab/BayesLayerAnalyst/blob/HEAD/20230125_AR2G_1OLD/Experiment_1/230125_001.frd	708eddc1aac4cbc0c14b10582fffbf443237ba22
70d34953c9fb__romain-o__DSA90-8_15deg.frd	https://github.com/romain-o/FindMyCrossover/blob/HEAD/data/Woofers/FRD/15deg/DSA90-8_15deg.frd	70d34953c9fb3424d9435932317eecc006c3b110
7115bbb85818__romain-o__RS225-4_15deg.frd	https://github.com/romain-o/FindMyCrossover/blob/HEAD/data/Woofers/FRD/15deg/RS225-4_15deg.frd	7115bbb85818a2df1e5f9fded20322b0a95b411b
716825044349__pierreaubert__Aalto_3_Passive_hor_40.frd	https://github.com/pierreaubert/spinorama/blob/HEAD/datas/measurements/Aalto Speakers Aalto 3 Passive/vendor/Originals/Aalto 3 Passive hor 40.frd	716825044349f97fef78da3d7be6527a80a41bb5
716ff899882b__spolanski__Coarse_Quad_Tet.frd	https://github.com/spolanski/CoFEA/blob/HEAD/benchmarks/02-cooks-membrane/calculix/poisson_0_49/Coarse_Quad_Tet/Coarse_Quad_Tet.frd	716ff899882b6be31f16c7cd35d2aa1c11fde987
7245d6d4de7a__Katona-lab__230125_012.frd	https://github.com/Katona-lab/BayesLayerAnalyst/blob/HEAD/20230125_AR2G_1OLD_INVERSE/Experiment_1/230125_012.frd	7245d6d4de7a59660f65f9dc58ee3a17fade38f8
728181b1b2c4__mbrennwa__MonkeyCoffin20181229_VM752_1m_hor_+60.frd	https://github.com/mbrennwa/osmcdoc/blob/HEAD/plots/raw_drivers/spliced_curves/MonkeyCoffin20181229_VM752_1m_hor_+60.frd	728181b1b2c4a2922c215843d4168a7df9c5a4a1
72a2b52a74e2__romain-o__SB17MFC35-8_0deg.frd	https://github.com/romain-o/FindMyCrossover/blob/HEAD/data/Woofers/FRD/0deg/SB17MFC35-8_0deg.frd	72a2b52a74e29f914b2ce884e523ad89f1c06cc4
72c690b0eecc__Dhondtguido__circ11p.urf.frd	https://github.com/Dhondtguido/CalculiX/blob/HEAD/test/circ11p.urf.frd	72c690b0eecc4b9f8bd5e6b8fd582b202d717e77
72c690b0eecc__jwharington__circ11p.urf.frd	https://github.com/jwharington/CalculiX/blob/HEAD/test/circ11p.urf.frd	72c690b0eecc4b9f8bd5e6b8fd582b202d717e77
730f91768dd1__srinivas486__c_target.frd	https://github.com/srinivas486/audyssey-rew-tuner/blob/HEAD/output/c_target.frd	730f91768dd185bb5d5487288012485bc17657e3
73199facaa04__rbkmoney__eq_country.frd	https://github.com/rbkmoney/fraudo/blob/HEAD/src/test/resources/rules/eq_country.frd	73199facaa04429f41c40b140724422d28293c5d
73199facaa04__rbkmoney__eq_country.frd	https://github.com/rbkmoney/fraudo/blob/HEAD/src/test/resources/rules/p2p/eq_country.frd	73199facaa04429f41c40b140724422d28293c5d
73199facaa04__valitydev__eq_country.frd	https://github.com/valitydev/fraudo/blob/HEAD/src/test/resources/rules/eq_country.frd	73199facaa04429f41c40b140724422d28293c5d
731e92fe654b__Alex-tru__conv_limit_2e-02_beam1.frd	https://github.com/Alex-tru/MSc-Thesis/blob/HEAD/test/conv_studies/convergence_limit/convergence_limit_dt5e-02/conv_limit_2e-02_beam1.frd	731e92fe654bc7f7429c0223cdef4e7285b488c9
7395f1061bb9__romain-o__RS75-4_0deg.frd	https://github.com/romain-o/FindMyCrossover/blob/HEAD/data/Woofers/FRD/0deg/RS75-4_0deg.frd	7395f1061bb9ca007ea87de7f4659d9070aa7147
739b90a47d6a__derpaule__20200529xSAXxNBxRBDHisxCOMPx0501_004.frd	https://github.com/derpaule/Ty1_octet_itc/blob/HEAD/data_octet/20200529xSAXxNBxRBDHisxCOMPx0501/20200529xSAXxNBxRBDHisxCOMPx0501_004.frd	739b90a47d6aee3f24db53fa5268c4ad3dedb323
74830bf5256c__romain-o__5FE120-8_45deg.frd	https://github.com/romain-o/FindMyCrossover/blob/HEAD/data/Midranges/FRD/45deg/5FE120-8_45deg.frd	74830bf5256c2f9ea92a20c07c0d9f194d8967ac
74fb3f95c6c6__Alex-tru__beam2.frd	https://github.com/Alex-tru/MSc-Thesis/blob/HEAD/test/Results/28_06/Calculix2/beam2.frd	74fb3f95c6c66967e5536e95eb3b4eac5a8563c7
752ccd515b38__spolanski__Fine_Lin_Tet.frd	https://github.com/spolanski/CoFEA/blob/HEAD/benchmarks/02-cooks-membrane/calculix/poisson_0_33/Fine_Lin_Tet/Fine_Lin_Tet.frd	752ccd515b38bb85f53dd0327883be75288bb3ff
753319d24568__valitydev__withCalDaysTimeUnit.frd	https://github.com/valitydev/fraudo/blob/HEAD/src/test/resources/rules/time_window/withCalDaysTimeUnit.frd	753319d245685abb76054d889db13e17ae410bbb
75594fda6f11__romain-o__RST28A-4_15deg.frd	https://github.com/romain-o/FindMyCrossover/blob/HEAD/data/Tweeters/FRD/15deg/RST28A-4_15deg.frd	75594fda6f11fdeaeee428d1cd1a76cb75e3d0ca
75b749ae7346__max-wickham__response.frd	https://github.com/max-wickham/CrossoverSimulator/blob/HEAD/response.frd	75b749ae7346893272217ffb8f1262859a5264d6
75bbf23570f2__romain-o__DC160-4_0deg.frd	https://github.com/romain-o/FindMyCrossover/blob/HEAD/data/Woofers/FRD/0deg/DC160-4_0deg.frd	75bbf23570f2d6a171a80e58e9fee05fddc533f8
75df8d8cbe85__Katona-lab__230125_010.frd	https://github.com/Katona-lab/BayesLayerAnalyst/blob/HEAD/20230125_AR2G_1OLD_INVERSE/Experiment_1/230125_010.frd	75df8d8cbe8538ca643392ea4224070a72523bef
75fa295319fc__Alex-tru__conv_limit_4e-02_beam1.frd	https://github.com/Alex-tru/MSc-Thesis/blob/HEAD/test/conv_studies/convergence_limit/convergence_limit_dt2e-02/conv_limit_4e-02_beam1.frd	75fa295319fc9d8fd14f192605df7c6071b43624
7605be2c9a38__Prosper1030__current_avl_compromise_conservative_closed_lf_1p50.frd	https://github.com/Prosper1030/hpa-mdo/blob/HEAD/output/go_mode_main_wing_closed_loop_final/fem_case_package/calculix/lf_1p50/current_avl_compromise_conservative_closed_lf_1p50.frd	7605be2c9a38fc843c53450c579b6054af821816
765b016a05e8__airpocket-soundman__hit_g4.frd	https://github.com/airpocket-soundman/acrylic_pan/blob/HEAD/web/assets/simulation/calculix/hit_g4.frd	765b016a05e885db580ab43f628f89f1082836af
765b016a05e8__airpocket-soundman__hit_g4.frd	https://github.com/airpocket-soundman/acrylic_pan_uno_q/blob/HEAD/web/assets/simulation/calculix/hit_g4.frd	765b016a05e885db580ab43f628f89f1082836af
7766bdcca2fc__dpark01__sample.frd	https://github.com/dpark01/printlab/blob/HEAD/tests/fixtures/fea/sample.frd	7766bdcca2fc092c2ba49cba7736bbdfed3ce45e
7777bcb17d82__mbrennwa__MonkeyCoffin20181229_12PR320_1m_hor_+60.frd	https://github.com/mbrennwa/osmcdoc/blob/HEAD/plots/raw_drivers/spliced_curves/MonkeyCoffin20181229_12PR320_1m_hor_+60.frd	7777bcb17d820f0bc2a632bf1fe237e9d79767af
77b20ce8a96e__romain-o__SB26CDC-004-4_0deg.frd	https://github.com/romain-o/FindMyCrossover/blob/HEAD/data/Tweeters/FRD/0deg/SB26CDC-004-4_0deg.frd	77b20ce8a96efbd446ddaafc0b38f5941a1063df
77daa78e9c6a__romain-o__PHT1-6_45deg.frd	https://github.com/romain-o/FindMyCrossover/blob/HEAD/data/Tweeters/FRD/45deg/PHT1-6_45deg.frd	77daa78e9c6a78f85031fa331ef2487ad8d3fc6f
78489eb09d36__rbkmoney__highRisk.frd	https://github.com/rbkmoney/fraudo/blob/HEAD/src/test/resources/rules/highRisk.frd	78489eb09d36b79d4502f440bbfb2dfc32d61408
78489eb09d36__rbkmoney__highRisk.frd	https://github.com/rbkmoney/fraudo/blob/HEAD/src/test/resources/rules/p2p/highRisk.frd	78489eb09d36b79d4502f440bbfb2dfc32d61408
78489eb09d36__valitydev__highRisk.frd	https://github.com/valitydev/fraudo/blob/HEAD/src/test/resources/rules/highRisk.frd	78489eb09d36b79d4502f440bbfb2dfc32d61408
7896de542c32__mbrennwa__MonkeyCoffin20181229_SCANR2904WG148_1m_hor_-90.frd	https://github.com/mbrennwa/osmcdoc/blob/HEAD/plots/raw_drivers/spliced_curves/MonkeyCoffin20181229_SCANR2904WG148_1m_hor_-90.frd	7896de542c328ff0ee0e3b885b0579f6c157121c
7944d088ea68__llama-ccx__beam_closed_form.frd	https://github.com/llama-ccx/llama-ccx/blob/HEAD/Llama.Test/generated/beam_closed_form/20260322-205230/beam_closed_form.frd	7944d088ea680e65f8ac1c84a683405f8364068f
7954f027e346__romain-o__DC130BS-4_45deg.frd	https://github.com/romain-o/FindMyCrossover/blob/HEAD/data/Woofers/FRD/45deg/DC130BS-4_45deg.frd	7954f027e346150d1dceb77fedbed915e8f4deee
79c877b77b37__romain-o__DSA315-8_0deg.frd	https://github.com/romain-o/FindMyCrossover/blob/HEAD/data/Woofers/FRD/0deg/DSA315-8_0deg.frd	79c877b77b37bf03f6b536f72d3fb9d757237f8e
7a50cb4d5684__spolanski__coarse-lin-hex.frd	https://github.com/spolanski/CoFEA/blob/HEAD/benchmarks/05-hemispherical-shell-point-load/model_setup/Model_Calculix/Results/coarse-lin-hex/coarse-lin-hex.frd	7a50cb4d56844679048f0fb75d07c896d060130f
7ad8c6d8ada1__Teddy-van-Jerry__Mandelbrot_Sample_Ubuntu.frd	https://github.com/Teddy-van-Jerry/Fractal_Designer/blob/HEAD/usr/frd/Mandelbrot Sample Ubuntu.frd	7ad8c6d8ada197cfc32ad0b92c7c09c591821584
7b4fab42afa9__romain-o__RS125P-4_30deg.frd	https://github.com/romain-o/FindMyCrossover/blob/HEAD/data/Woofers/FRD/30deg/RS125P-4_30deg.frd	7b4fab42afa975b3886f86f12a391bdf509a3dfa
7bc3a4a9a590__romain-o__RS100-8_15deg.frd	https://github.com/romain-o/FindMyCrossover/blob/HEAD/data/Woofers/FRD/15deg/RS100-8_15deg.frd	7bc3a4a9a590f37c75acd9bfc393aee03f6c89ee
7c651827c8fc__romain-o__ND25TA-4_45deg.frd	https://github.com/romain-o/FindMyCrossover/blob/HEAD/data/Tweeters/FRD/45deg/ND25TA-4_45deg.frd	7c651827c8fc29602b8b60cabfe3170e00767a14
7c669a8e73f5__lpaiu-cs__8834_apollo15_crd_250308_1900_0.frd	https://github.com/lpaiu-cs/self-mass-unobservability/blob/HEAD/data/request4_llr/monthly_split_probe_apollo15_202503/8834_apollo15_crd_250308_1900_0.frd	7c669a8e73f58c765e8970ce02d70db1b65db61a
7c819dc3dd14__Johnlon__DC28F-8@15.frd	https://github.com/Johnlon/speaker/blob/HEAD/research/speakers/datafiles/DC28F-8/FRD/DC28F-8@15.frd	7c819dc3dd1431608109adc6bc27478302901d5f
7d013774e883__romain-o__E150MR-4_30deg.frd	https://github.com/romain-o/FindMyCrossover/blob/HEAD/data/Midranges/FRD/30deg/E150MR-4_30deg.frd	7d013774e88364753d8a587f6a46c32dfb66e64e
7d29fcd611bc__romain-o__DSA215-8_0deg.frd	https://github.com/romain-o/FindMyCrossover/blob/HEAD/data/Woofers/FRD/0deg/DSA215-8_0deg.frd	7d29fcd611bc5830555cdca7167f5bec59dde02f
7d342d47ac43__romain-o__DC200-8_15deg.frd	https://github.com/romain-o/FindMyCrossover/blob/HEAD/data/Woofers/FRD/15deg/DC200-8_15deg.frd	7d342d47ac43608604ef26604cd8d9fe5b9ff282
7d599bf46049__romain-o__DC130BS-4_30deg.frd	https://github.com/romain-o/FindMyCrossover/blob/HEAD/data/Woofers/FRD/30deg/DC130BS-4_30deg.frd	7d599bf4604910197fc178ca8aa677a5ac4dfd14
7d74839a25de__romain-o__RS100-4_45deg.frd	https://github.com/romain-o/FindMyCrossover/blob/HEAD/data/Woofers/FRD/45deg/RS100-4_45deg.frd	7d74839a25de34dcc2e56dc119243d3a082cb771
7e18d6c4e869__Zeeshan5249__xhsvjlqb.frd	https://github.com/Zeeshan5249/Tekla-Structures-3D-Optimisation/blob/HEAD/Source code/obj/.cache/build/bb0zjbvt.qc3/xhsvjlqb.frd	7e18d6c4e8697f2e144aadcf13b904ac54db9bed
7e35e7c77007__Alex-tru__conv_limit_1e-02_beam2.frd	https://github.com/Alex-tru/MSc-Thesis/blob/HEAD/test/conv_studies/convergence_limit/convergence_limit_dt2e-02/conv_limit_1e-02_beam2.frd	7e35e7c77007478d8553f9dae728d5f51884f728
7e37a84d6793__romain-o__DC130BS-8_15deg.frd	https://github.com/romain-o/FindMyCrossover/blob/HEAD/data/Woofers/FRD/15deg/DC130BS-8_15deg.frd	7e37a84d67933b8cfba331c57fa9c8ee59701537
7ec73b530509__of-matches__NFRS52FN-8@15.frd	https://github.com/of-matches/FreedomSystem/blob/HEAD/DriverDatabase/Manufacturer Data/RS52FN-8_data/FRD/NFRS52FN-8@15.frd	7ec73b530509e54018b8c1f58936f34418d83faa
7ee7815784a4__romain-o__RS180P-8_15deg.frd	https://github.com/romain-o/FindMyCrossover/blob/HEAD/data/Woofers/FRD/15deg/RS180P-8_15deg.frd	7ee7815784a42936847841b2e88bb642a7a02347
7ff492f2cef9__czjnoe__Dictionary.frd	https://github.com/czjnoe/GitHubDemo/blob/HEAD/FastReportDemo/FastReportDemo/Frx/Dictionary.frd	7ff492f2cef96a1f8a2a4588ee1bc56b95ea52cc
804d232a91b6__nicwulab__250201_003.frd	https://github.com/nicwulab/oPool_display/blob/HEAD/oPool_display/experimental_data/validation/BLI/oPool_competition_validation/MI15_H1/250201_003.frd	804d232a91b6156a00753c9d022c07eb8ab8e2d6
805030c3ad8c__rbkmoney__blacklist.frd	https://github.com/rbkmoney/fraudo/blob/HEAD/src/test/resources/rules/blacklist.frd	805030c3ad8c04d55eb6f8b42511fdcc1b86f723
808173226362__romain-o__PT2C-8_30deg.frd	https://github.com/romain-o/FindMyCrossover/blob/HEAD/data/Tweeters/FRD/30deg/PT2C-8_30deg.frd	8081732263620d18374ead3737f24616908149a9
80d4f5269de6__pierreaubert__Aalto_3_Passive_ver_-70.frd	https://github.com/pierreaubert/spinorama/blob/HEAD/datas/measurements/Aalto Speakers Aalto 3 Passive/vendor/Originals/Aalto 3 Passive ver -70.frd	80d4f5269de615725966e3cde01ae6a9e54d93b4
810b82566d2d__jonronen__Woofer_and_Tweeter.frd	https://github.com/jonronen/speaker-measurements/blob/HEAD/SB15NRX2C30-4 SB26STCN-4/Woofer and Tweeter.frd	810b82566d2db8fb41babe403037c03ce1147ab8
8164697b5362__modernecotech__chassis-track-twist-screen.frd	https://github.com/modernecotech/OpenSourceRail/blob/HEAD/design/component-catalogue/catalog/fea/chassis-track-twist-screen/chassis-track-twist-screen.frd	8164697b53620463ef30a336e0830a802e822703
81b7d7b1b8a0__Alex-tru__conv_limit_1e-02_beam1.frd	https://github.com/Alex-tru/MSc-Thesis/blob/HEAD/test/conv_studies/convergence_limit/convergence_limit_dt2e-02/conv_limit_1e-02_beam1.frd	81b7d7b1b8a0dd4ec1ea13fabcc5f63907b66a01
81cdbd319d9c__romain-o__RS125-8_15deg.frd	https://github.com/romain-o/FindMyCrossover/blob/HEAD/data/Woofers/FRD/15deg/RS125-8_15deg.frd	81cdbd319d9ca3b0ff67fca134385fed04e80215
820fa13dfae8__pierreaubert__Aalto_3_Passive_hor_-100.frd	https://github.com/pierreaubert/spinorama/blob/HEAD/datas/measurements/Aalto Speakers Aalto 3 Passive/vendor/Originals/Aalto 3 Passive hor -100.frd	820fa13dfae805a821814cf34c21e28cce754b8b
82128e523dbd__Alex-tru__conv_limit_4e-02_beam2.frd	https://github.com/Alex-tru/MSc-Thesis/blob/HEAD/test/conv_studies/convergence_limit/convergence_limit_dt1e-02/conv_limit_4e-02_beam2.frd	82128e523dbd9f1ea0fab1be9560c4038fa8d44d
82492a5b598d__pierreaubert__Aalto_3_Active_Pro_ver_10.frd	https://github.com/pierreaubert/spinorama/blob/HEAD/datas/measurements/Aalto Speakers Aalto 3 Active Pro/vendor/Originals/Aalto 3 Active Pro ver 10.frd	82492a5b598d20db042958cc2221a160319c204d
82908166d6fd__modernecotech__bogie-brake-traction-screen.frd	https://github.com/modernecotech/OpenSourceRail/blob/HEAD/design/component-catalogue/catalog/fea/bogie-brake-traction-screen/bogie-brake-traction-screen.frd	82908166d6fd413341b74a3a65593c04c0d31ea6
82ae1efe6645__romain-o__RS100P-8_45deg.frd	https://github.com/romain-o/FindMyCrossover/blob/HEAD/data/Woofers/FRD/45deg/RS100P-8_45deg.frd	82ae1efe66454c710a3e4e952232a072c6075c0a
841be879e370__romain-o__RS125P-8_0deg.frd	https://github.com/romain-o/FindMyCrossover/blob/HEAD/data/Woofers/FRD/0deg/RS125P-8_0deg.frd	841be879e3706c269d34c9c184bbcaa2e43058c7
8499d7484798__mbrennwa__MonkeyCoffin20181229_VM752_1m_hor_+30.frd	https://github.com/mbrennwa/osmcdoc/blob/HEAD/plots/raw_drivers/spliced_curves/MonkeyCoffin20181229_VM752_1m_hor_+30.frd	8499d74847986e3152ba545d85e876c4a2fdafc0
84c3e6da9fc0__romain-o__SB17MFC35-4_0deg.frd	https://github.com/romain-o/FindMyCrossover/blob/HEAD/data/Woofers/FRD/0deg/SB17MFC35-4_0deg.frd	84c3e6da9fc059333a81e9f3f74f18b0c95b6c0a
84fbe9078846__makkemal__Test_WignerStrain.frd	https://github.com/makkemal/NGIMASEM/blob/HEAD/Testprobs/Test_WignerStrain.frd	84fbe907884631cb1f185371b16d41368a04b0c6
852858297478__pierreaubert__Aalto_3_Active_Pro_ver_-150.frd	https://github.com/pierreaubert/spinorama/blob/HEAD/datas/measurements/Aalto Speakers Aalto 3 Active Pro/vendor/Originals/Aalto 3 Active Pro ver -150.frd	852858297478affaad6d8759b27f8e68d3e83594
855d5711fcc9__Alex-tru__conv_limit_5e-02_beam1.frd	https://github.com/Alex-tru/MSc-Thesis/blob/HEAD/test/conv_studies/convergence_limit/convergence_limit_dt5e-02/conv_limit_5e-02_beam1.frd	855d5711fcc9ce5da9a5834cfb56fd50cb7ec5ad
85669ef5d830__Johnlon__DC28FT-8@45.frd	https://github.com/Johnlon/speaker/blob/HEAD/research/speakers/datafiles/DC28FT-8/FRD/DC28FT-8@45.frd	85669ef5d830766ccca4bfc8f97862c3bd8de8bb
856706912c75__calculix__1.frd	https://github.com/calculix/cgx_prool/blob/HEAD/cgx_2.10.1/src/1.frd	856706912c75627e7cd25fb80970c185b3e2a177
856706912c75__calculix__1.frd	https://github.com/calculix/cgx_prool/blob/HEAD/cgx_2.10/src/1.frd	856706912c75627e7cd25fb80970c185b3e2a177
856706912c75__calculix__1.frd	https://github.com/calculix/cgx_prool/blob/HEAD/cgx_2.11/src/1.frd	856706912c75627e7cd25fb80970c185b3e2a177
856706912c75__calculix__1.frd	https://github.com/calculix/cgx_prool/blob/HEAD/cgx_2.12/src/1.frd	856706912c75627e7cd25fb80970c185b3e2a177
856706912c75__calculix__1.frd	https://github.com/calculix/cgx_prool/blob/HEAD/cgx_2.14/src/1.frd	856706912c75627e7cd25fb80970c185b3e2a177
856706912c75__calculix__1.frd	https://github.com/calculix/cgx_prool/blob/HEAD/cgx_2.15/src/1.frd	856706912c75627e7cd25fb80970c185b3e2a177
856706912c75__calculix__1.frd	https://github.com/calculix/cgx_prool/blob/HEAD/cgx_2.16/src/1.frd	856706912c75627e7cd25fb80970c185b3e2a177
856706912c75__calculix__1.frd	https://github.com/calculix/cgx_prool/blob/HEAD/cgx_2.18/src/1.frd	856706912c75627e7cd25fb80970c185b3e2a177
856706912c75__calculix__1.frd	https://github.com/calculix/cgx_prool/blob/HEAD/cgx_2.19/src/1.frd	856706912c75627e7cd25fb80970c185b3e2a177
856706912c75__calculix__1.frd	https://github.com/calculix/cgx_prool/blob/HEAD/cgx_2.20/src/1.frd	856706912c75627e7cd25fb80970c185b3e2a177
856706912c75__calculix__1.frd	https://github.com/calculix/cgx_prool/blob/HEAD/cgx_2.8/src/1.frd	856706912c75627e7cd25fb80970c185b3e2a177
856706912c75__calculix__1.frd	https://github.com/calculix/cgx_prool/blob/HEAD/cgx_2.9/src/1.frd	856706912c75627e7cd25fb80970c185b3e2a177
8579eb0fdd97__lpaiu-cs__8834_apollo15_crd_250307_1632_0.frd	https://github.com/lpaiu-cs/self-mass-unobservability/blob/HEAD/data/request4_llr/monthly_split_probe_apollo15_202503/8834_apollo15_crd_250307_1632_0.frd	8579eb0fdd975aa62c719ebb7396dc47e55bf87a
8623a473fc9f__mckayreedmoore__cube.frd	https://github.com/mckayreedmoore/mini-moonboard/blob/HEAD/fea/mortar_observer_build/cube-qyk279w_/mortar_0p125-observer/cube.frd	8623a473fc9f47125dc9135c320c4ea5d85c67b2
865446b15554__rbkmoney__count_uniq.frd	https://github.com/rbkmoney/fraudo/blob/HEAD/src/test/resources/rules/count_uniq.frd	865446b1555462a0e63abb8fe583e05c1144e036
865446b15554__valitydev__count_uniq.frd	https://github.com/valitydev/fraudo/blob/HEAD/src/test/resources/rules/count_uniq.frd	865446b1555462a0e63abb8fe583e05c1144e036
8724e52ec1f0__romain-o__215-GMF-8_0deg.frd	https://github.com/romain-o/FindMyCrossover/blob/HEAD/data/Woofers/FRD/0deg/215-GMF-8_0deg.frd	8724e52ec1f08ee27c92c5bb3a4c106d8ec5a586
875fe4c3720a__Estia-advanced-programming__flightReport_fl12.frd	https://github.com/Estia-advanced-programming/test-generator/blob/HEAD/staging/flightReport_fl12.frd	875fe4c3720ad3aac02a50247103c8d98d0d7ae4
883c13404659__romain-o__TD20F-4_15deg.frd	https://github.com/romain-o/FindMyCrossover/blob/HEAD/data/Tweeters/FRD/15deg/TD20F-4_15deg.frd	883c13404659c6599c2101f4168df883b1ea7994
88d41f64ca95__lpaiu-cs__8834_apollo15_crd_250306_1850_0.frd	https://github.com/lpaiu-cs/self-mass-unobservability/blob/HEAD/data/request4_llr/monthly_split_probe_apollo15_202503/8834_apollo15_crd_250306_1850_0.frd	88d41f64ca9532e3b5207831480c6d8bfae78d8c
890e9dc02df4__Alex-tru__conv_limit_1e-01_beam2.frd	https://github.com/Alex-tru/MSc-Thesis/blob/HEAD/test/conv_studies/convergence_limit/convergence_limit_dt1e-02/conv_limit_1e-01_beam2.frd	890e9dc02df47eb5e715f863a71813a2731225cb
8928a8e8fcd7__romain-o__PS220-8_0deg.frd	https://github.com/romain-o/FindMyCrossover/blob/HEAD/data/Woofers/FRD/0deg/PS220-8_0deg.frd	8928a8e8fcd77083cb857836a620e3c9edb8b719
89d4685c032a__spolanski__fine-quad-tet.frd	https://github.com/spolanski/CoFEA/blob/HEAD/benchmarks/04-eliptic-membrane/results/Results_Calculix/fine-quad-tet/fine-quad-tet.frd	89d4685c032a4d50069e9b73a56d6e40a1b73660
8a37cea97363__derpaule__20200529xSAXxNBxRBDHisxCOMPx0501_001.frd	https://github.com/derpaule/Ty1_octet_itc/blob/HEAD/data_octet/20200529xSAXxNBxRBDHisxCOMPx0501/20200529xSAXxNBxRBDHisxCOMPx0501_001.frd	8a37cea973633120eb54b83fbe69cc887d827d74
8a5f2745cf75__derpaule__20200529xSAXxNBxRBDHisxCOMPx0501_002.frd	https://github.com/derpaule/Ty1_octet_itc/blob/HEAD/data_octet/20200529xSAXxNBxRBDHisxCOMPx0501/20200529xSAXxNBxRBDHisxCOMPx0501_002.frd	8a5f2745cf7580104f05dd91def752d0c82315ad
8ae3acf8783c__Katona-lab__230125_011.frd	https://github.com/Katona-lab/BayesLayerAnalyst/blob/HEAD/20230125_AR2G_1OLD/Experiment_1/230125_011.frd	8ae3acf8783c50477af98fc16bb21cea6c1e2343
8b0ae301abca__romain-o__RS125P-4_15deg.frd	https://github.com/romain-o/FindMyCrossover/blob/HEAD/data/Woofers/FRD/15deg/RS125P-4_15deg.frd	8b0ae301abca9cf791dfd17b82a2877e5b9c25e3
8bc21082f114__romain-o__AMTHR-4_DATS_30deg.frd	https://github.com/romain-o/FindMyCrossover/blob/HEAD/data/Tweeters/FRD/30deg/AMTHR-4 DATS_30deg.frd	8bc21082f114f0e5ae0ae7276a87bfd7b3460533
8d107649a39c__lpaiu-cs__8834_apollo15_crd_250307_1551_0.frd	https://github.com/lpaiu-cs/self-mass-unobservability/blob/HEAD/data/request4_llr/monthly_split_probe_apollo15_202503/8834_apollo15_crd_250307_1551_0.frd	8d107649a39c7308d8a38f904df201ee5af96ce7
8d57c887b2de__pierreaubert__Aalto_3_Active_Pro_hor_90.frd	https://github.com/pierreaubert/spinorama/blob/HEAD/datas/measurements/Aalto Speakers Aalto 3 Active Pro/vendor/Originals/Aalto 3 Active Pro hor 90.frd	8d57c887b2de4bacce4096364b15f8169066557a
8e301285672b__romain-o__RS225P-4A_30deg.frd	https://github.com/romain-o/FindMyCrossover/blob/HEAD/data/Woofers/FRD/30deg/RS225P-4A_30deg.frd	8e301285672bde863b1685eea80d32c6df12d587
8e3b12f0fe09__Alex-tru__conv_limit_1e-04_beam2.frd	https://github.com/Alex-tru/MSc-Thesis/blob/HEAD/test/conv_studies/convergence_limit/convergence_limit_dt1e-02/conv_limit_1e-04_beam2.frd	8e3b12f0fe09f838bc0f4b01b3d001848fe6e135
8ef9b18f76f5__lpaiu-cs__8834_apollo15_crd_250306_2008_0.frd	https://github.com/lpaiu-cs/self-mass-unobservability/blob/HEAD/data/request4_llr/monthly_split_probe_apollo15_202503/8834_apollo15_crd_250306_2008_0.frd	8ef9b18f76f5b49a2ce64cc65497d651822376f0
8f62ea7bcc89__Johnlon__SB19ST-C000-4_DIGITISED@30.frd	https://github.com/Johnlon/speaker/blob/HEAD/research/speakers/datafiles/SB19ST-C000-4/FRD/SB19ST-C000-4_DIGITISED@30.frd	8f62ea7bcc89f6aeda81ebe210c735b1af17b9f9
8fba8eee0089__romain-o__215-GMF-8_30deg.frd	https://github.com/romain-o/FindMyCrossover/blob/HEAD/data/Woofers/FRD/30deg/215-GMF-8_30deg.frd	8fba8eee008963f48ed750bdbc82f239d06adfa1
8fc5b1b718f0__romain-o__ND25TA-4_15deg.frd	https://github.com/romain-o/FindMyCrossover/blob/HEAD/data/Tweeters/FRD/15deg/ND25TA-4_15deg.frd	8fc5b1b718f08f8c99784d1719e3a335021ebe42
90713ab569e2__DriftingOtter__Frequnecy_Response.frd	https://github.com/DriftingOtter/Project-Resonator/blob/HEAD/BA Driver Spec Sheets/Knowles_HODVTEC-31618/Frequnecy_Response.frd	90713ab569e23d263bc21f1095094d8f6499ba89
909eb15c9225__Dhondtguido__global_2d3d_thermal.frd	https://github.com/Dhondtguido/CalculiX/blob/HEAD/test/global_2d3d_thermal.frd	909eb15c92258715504e86308cd46c37359afae8
909eb15c9225__jwharington__global_2d3d_thermal.frd	https://github.com/jwharington/CalculiX/blob/HEAD/test/global_2d3d_thermal.frd	909eb15c92258715504e86308cd46c37359afae8
90fd42754de1__Katona-lab__230125_010.frd	https://github.com/Katona-lab/BayesLayerAnalyst/blob/HEAD/20230125_AR2G_1OLD/Experiment_1/230125_010.frd	90fd42754de13526450c2adbbee80f4d1813e74b
910f9a14efee__Estia-advanced-programming__missing_column1.frd	https://github.com/Estia-advanced-programming/test-generator/blob/HEAD/Data/Errors/testFiles/missing_column1.frd	910f9a14efee013c432dda1821c605776dddc100
91869ba3236e__Alex-tru__conv_limit_2e-02_beam1.frd	https://github.com/Alex-tru/MSc-Thesis/blob/HEAD/test/conv_studies/convergence_limit/convergence_limit_dt2e-02/conv_limit_2e-02_beam1.frd	91869ba3236edc74f3d8d259086d54bfa6a910d1
91ed28cdc1c0__romain-o__SS-D3004-660000_30deg.frd	https://github.com/romain-o/FindMyCrossover/blob/HEAD/data/Tweeters/FRD/30deg/SS-D3004-660000_30deg.frd	91ed28cdc1c08dca6c5eafbeefc9dea0d6fb64b6
920df1c7dc0a__Katona-lab__230125_007.frd	https://github.com/Katona-lab/BayesLayerAnalyst/blob/HEAD/20230125_AR2G_1OLD/Experiment_1/230125_007.frd	920df1c7dc0ac3b18813c7d1108a22125bf282ae
92336cf2e996__joachimth__woofer_raw.frd	https://github.com/joachimth/mk3-reference-loudspeaker/blob/HEAD/simulations/frd/woofer_raw.frd	92336cf2e99681640c6c8b2b7f247598bc4921d6
92ee31ca15f2__romain-o__RS270-8_30deg.frd	https://github.com/romain-o/FindMyCrossover/blob/HEAD/data/Woofers/FRD/30deg/RS270-8_30deg.frd	92ee31ca15f272b9a6a19f496cfeaa52e54a447e
9386620a2986__romain-o__D262_0deg.frd	https://github.com/romain-o/FindMyCrossover/blob/HEAD/data/Tweeters/FRD/0deg/D262_0deg.frd	9386620a2986f9cc96396495e965ef2d72cbe3c1
93c74939940c__pwildfe1__bboy_kneel_leaned.frd	https://github.com/pwildfe1/calculixcontainer/blob/HEAD/bboy_kneel_leaned.frd	93c74939940ca2fb69611e98e7a1cb32d78116da
94cf0767d1f6__mckayreedmoore__cube.frd	https://github.com/mckayreedmoore/mini-moonboard/blob/HEAD/fea/mortar_observer_build/cube-qyk279w_/mortar_0p25-observer/cube.frd	94cf0767d1f6f592f507f14c3a137d1c4dbd849b
94e3a2e5deb8__romain-o__AMTPRO-4_15deg.frd	https://github.com/romain-o/FindMyCrossover/blob/HEAD/data/Tweeters/FRD/15deg/AMTPRO-4_15deg.frd	94e3a2e5deb80827dd758d06aac267cf14180b70
94f2c3defcd6__romain-o__DC380-8_15deg.frd	https://github.com/romain-o/FindMyCrossover/blob/HEAD/data/Woofers/FRD/15deg/DC380-8_15deg.frd	94f2c3defcd638533099ed026cfa56725d6c9fc2
9558b124bb86__srinivas486__fl_target.frd	https://github.com/srinivas486/audyssey-rew-tuner/blob/HEAD/output/fl_target.frd	9558b124bb8658d89e176d54296ed8cdf9dd1719
956d21eb237a__pierreaubert__Aalto_3_Passive_ver_-170.frd	https://github.com/pierreaubert/spinorama/blob/HEAD/datas/measurements/Aalto Speakers Aalto 3 Passive/vendor/Originals/Aalto 3 Passive ver -170.frd	956d21eb237ab9334769ee65289dce5b326e4ca2
963b0df24b7b__airpocket-soundman__hit_c4.frd	https://github.com/airpocket-soundman/acrylic_pan/blob/HEAD/web/assets/simulation/calculix/hit_c4.frd	963b0df24b7bc2c4faa7222cc88a631e093f4874
963b0df24b7b__airpocket-soundman__hit_c4.frd	https://github.com/airpocket-soundman/acrylic_pan_uno_q/blob/HEAD/web/assets/simulation/calculix/hit_c4.frd	963b0df24b7bc2c4faa7222cc88a631e093f4874
96c457c154d4__romain-o__RS125P-4_45deg.frd	https://github.com/romain-o/FindMyCrossover/blob/HEAD/data/Woofers/FRD/45deg/RS125P-4_45deg.frd	96c457c154d42d041a1de3d1a15fbac368b75238
96cc4ace28da__romain-o__215-GMF-8_60deg.frd	https://github.com/romain-o/FindMyCrossover/blob/HEAD/data/Woofers/FRD/60deg/215-GMF-8_60deg.frd	96cc4ace28da4c35327dc2abc639544f7890e843
9765c523980c__mbrennwa__MonkeyCoffin20181229_SCANR2904WG148_1m_hor_-15.frd	https://github.com/mbrennwa/osmcdoc/blob/HEAD/plots/raw_drivers/spliced_curves/MonkeyCoffin20181229_SCANR2904WG148_1m_hor_-15.frd	9765c523980cdff00f7ab6a92794bbb8897d69c1
979300eebaa2__nicwulab__250201_004.frd	https://github.com/nicwulab/oPool_display/blob/HEAD/oPool_display/experimental_data/validation/BLI/oPool_competition_validation/MI15_H1/250201_004.frd	979300eebaa2ca446d118027c0db09adde001228
9871fdd42520__romain-o__DA115-8_0deg.frd	https://github.com/romain-o/FindMyCrossover/blob/HEAD/data/Woofers/FRD/0deg/DA115-8_0deg.frd	9871fdd4252012c341de15bff2389ffbab56eedc
98aefd137911__pierreaubert__Aalto_3_Passive_hor_-170.frd	https://github.com/pierreaubert/spinorama/blob/HEAD/datas/measurements/Aalto Speakers Aalto 3 Passive/vendor/Originals/Aalto 3 Passive hor -170.frd	98aefd137911cba5dbdf7af6e932f74169a404a2
98aefd137911__pierreaubert__Aalto_3_Passive_hor_170.frd	https://github.com/pierreaubert/spinorama/blob/HEAD/datas/measurements/Aalto Speakers Aalto 3 Passive/vendor/Originals/Aalto 3 Passive hor 170.frd	98aefd137911cba5dbdf7af6e932f74169a404a2
99285fdcc22b__rbkmoney__paren.frd	https://github.com/rbkmoney/fraudo/blob/HEAD/src/test/resources/rules/p2p/paren.frd	99285fdcc22b0a15ff000c748e35e06c61bc11ee
996cb51a81af__romain-o__RST28F-4_45deg.frd	https://github.com/romain-o/FindMyCrossover/blob/HEAD/data/Tweeters/FRD/45deg/RST28F-4_45deg.frd	996cb51a81af8c0273f179bf07463a5f6605a2cd
9a935567f4c7__dpohanlon__AN25F-4@0.frd	https://github.com/dpohanlon/crossover/blob/HEAD/data/AN25F-4@0.frd	9a935567f4c7f3ca5e3389f3b91abf5f880ae43c
9afead8e8408__romain-o__AMTPOD-4_30deg.frd	https://github.com/romain-o/FindMyCrossover/blob/HEAD/data/Tweeters/FRD/30deg/AMTPOD-4_30deg.frd	9afead8e8408c353df994cfe1ffed7fcbcd9ed3a
9b343d0fc53a__romain-o__CF18N-4_0deg.frd	https://github.com/romain-o/FindMyCrossover/blob/HEAD/data/Tweeters/FRD/0deg/CF18N-4_0deg.frd	9b343d0fc53a38468ca4197d5ec60498c1509307
9c23a2b8a162__romain-o__DC28FS-8_45deg.frd	https://github.com/romain-o/FindMyCrossover/blob/HEAD/data/Tweeters/FRD/45deg/DC28FS-8_45deg.frd	9c23a2b8a162d7d9babb5cc69fb0300485828818
9c51b35f3c79__of-matches__NFRS52FN-8@0.frd	https://github.com/of-matches/FreedomSystem/blob/HEAD/DriverDatabase/Manufacturer Data/RS52FN-8_data/FRD/NFRS52FN-8@0.frd	9c51b35f3c790ff4220b3409e6d6a2744a9f3130
9cfdb5de344d__binghe__idl.frd	https://github.com/binghe/ml-idl/blob/HEAD/src/Parser/old-fred-based/idl.frd	9cfdb5de344d5df4e34681597b05967d2325ba76
9d2773fe2cf3__romain-o__DS135-8_0deg.frd	https://github.com/romain-o/FindMyCrossover/blob/HEAD/data/Midranges/FRD/0deg/DS135-8_0deg.frd	9d2773fe2cf339eb9186fa417333bfa78167e1fb
9d2773fe2cf3__romain-o__DS135-8_0deg.frd	https://github.com/romain-o/FindMyCrossover/blob/HEAD/data/Woofers/FRD/0deg/DS135-8_0deg.frd	9d2773fe2cf339eb9186fa417333bfa78167e1fb
9d2ea05a73ff__spolanski__Coarse_Lin_Tet.frd	https://github.com/spolanski/CoFEA/blob/HEAD/benchmarks/02-cooks-membrane/calculix/poisson_0_49/Coarse_Lin_Tet/Coarse_Lin_Tet.frd	9d2ea05a73ff6613a03fa59af9753a709ce601c3
9d3bd47f0ccb__lpaiu-cs__8834_apollo15_crd_250306_1656_0.frd	https://github.com/lpaiu-cs/self-mass-unobservability/blob/HEAD/data/request4_llr/monthly_split_probe_apollo15_202503/8834_apollo15_crd_250306_1656_0.frd	9d3bd47f0ccb448fd494b04896034cb0143dc6a7
9d3e0cfbd0fc__romain-o__ND16FA-4_0deg.frd	https://github.com/romain-o/FindMyCrossover/blob/HEAD/data/Tweeters/FRD/0deg/ND16FA-4_0deg.frd	9d3e0cfbd0fc9a6ffeee2be76bb03950dd3cde93
9d4cd010a645__jonronen__combined.frd	https://github.com/jonronen/speaker-measurements/blob/HEAD/SB12PFCR25-4 and SB21RDCN-4/combined.frd	9d4cd010a645940433c781656e42a7d8c4e0c966
9dffadd6d153__romain-o__DS135-8_30deg.frd	https://github.com/romain-o/FindMyCrossover/blob/HEAD/data/Midranges/FRD/30deg/DS135-8_30deg.frd	9dffadd6d15368a27eaf1fb27b7afe15af7e067f
9e24bc58bb11__mbrennwa__Volt_VM752_driver-A_impedance.frd	https://github.com/mbrennwa/osmcdoc/blob/HEAD/plots/raw_drivers/impedance/Volt_VM752_driver-A_impedance.frd	9e24bc58bb112baef476f94d77ed2f77eb858b8e
9e35e907d465__jonronen__All.frd	https://github.com/jonronen/speaker-measurements/blob/HEAD/Morel CAW538 CAT408 MTM/All.frd	9e35e907d465606ca4459b37a157bd4ab73c5d3c
9f7ad72f5250__romain-o__RS225P-4A_15deg.frd	https://github.com/romain-o/FindMyCrossover/blob/HEAD/data/Woofers/FRD/15deg/RS225P-4A_15deg.frd	9f7ad72f52507eeaa4bae7b5cb7f1c88295ad215
9fd23f8e0282__romain-o__CF18N-4_30deg.frd	https://github.com/romain-o/FindMyCrossover/blob/HEAD/data/Tweeters/FRD/30deg/CF18N-4_30deg.frd	9fd23f8e0282d7822f67f622488f0a0d93de0462
a07b34207dc8__romain-o__DC300-8_45deg.frd	https://github.com/romain-o/FindMyCrossover/blob/HEAD/data/Woofers/FRD/45deg/DC300-8_45deg.frd	a07b34207dc898cfdca6785836ca0f78345c8eb3
a109c6c05e1d__lpaiu-cs__8834_apollo15_crd_250308_1931_0.frd	https://github.com/lpaiu-cs/self-mass-unobservability/blob/HEAD/data/request4_llr/monthly_split_probe_apollo15_202503/8834_apollo15_crd_250308_1931_0.frd	a109c6c05e1db5f313b999c87d2a2eb6e57ffd1f
a125829f6d6a__jonronen__Woofer.frd	https://github.com/jonronen/speaker-measurements/blob/HEAD/Morel 638 378 bigger/Woofer.frd	a125829f6d6a8ccb3995f8a8be960f45d88ce5f2
a1f1e12640cb__romain-o__RS125-4_15deg.frd	https://github.com/romain-o/FindMyCrossover/blob/HEAD/data/Woofers/FRD/15deg/RS125-4_15deg.frd	a1f1e12640cb2e06466ee0f6f45f162e3b1edfd7
a30d89dceb21__Alex-tru__conv_limit_3e-02_beam2.frd	https://github.com/Alex-tru/MSc-Thesis/blob/HEAD/test/conv_studies/convergence_limit/convergence_limit_dt1e-02/conv_limit_3e-02_beam2.frd	a30d89dceb21779ecb0dc01d82866bf41cea417d
a3242bc63c58__romain-o__295-369_45deg.frd	https://github.com/romain-o/FindMyCrossover/blob/HEAD/data/Woofers/FRD/45deg/295-369_45deg.frd	a3242bc63c5810783c687f8217356563a1d179c1
a37c6f07794e__Alex-tru__beam_mono.frd	https://github.com/Alex-tru/MSc-Thesis/blob/HEAD/test/conv_studies/convergence_limit/convergence_limit_dt5e-02/reference/beam_mono.frd	a37c6f07794e7e9ce44d1ea1848c343ac903cd1d
a3a71f605e43__romain-o__DC130B-4_15deg.frd	https://github.com/romain-o/FindMyCrossover/blob/HEAD/data/Woofers/FRD/15deg/DC130B-4_15deg.frd	a3a71f605e43020318d30e6613c4aa467a37b5ce
a3b5e40bffa1__mbrennwa__MonkeyCoffin20181229_VM752_1m_hor_+90.frd	https://github.com/mbrennwa/osmcdoc/blob/HEAD/plots/raw_drivers/spliced_curves/MonkeyCoffin20181229_VM752_1m_hor_+90.frd	a3b5e40bffa159cd541f237a13024b83c9dd57e7
a3bbb07c01fb__spolanski__fine-quad-hex.frd	https://github.com/spolanski/CoFEA/blob/HEAD/benchmarks/04-eliptic-membrane/results/Results_Calculix/fine-quad-hex/fine-quad-hex.frd	a3bbb07c01fbb39af366bfa2357457aa537a1f5e
a45b52207644__pierreaubert__Aalto_3_Active_Pro_ver_-160.frd	https://github.com/pierreaubert/spinorama/blob/HEAD/datas/measurements/Aalto Speakers Aalto 3 Active Pro/vendor/Originals/Aalto 3 Active Pro ver -160.frd	a45b52207644a21a9a52eef9f700db4833327e05
a498f566b8e9__romain-o__RS150P-8A_15deg.frd	https://github.com/romain-o/FindMyCrossover/blob/HEAD/data/Woofers/FRD/15deg/RS150P-8A_15deg.frd	a498f566b8e9dd851a92779c3c52ca2b19ad2a24
a511b249a27e__romain-o__RS180P-4_45deg.frd	https://github.com/romain-o/FindMyCrossover/blob/HEAD/data/Woofers/FRD/45deg/RS180P-4_45deg.frd	a511b249a27e3557e36040f5dd4f17ef4f1e3592
a57562ab748c__romain-o__MB1025-8_0deg.frd	https://github.com/romain-o/FindMyCrossover/blob/HEAD/data/Woofers/FRD/0deg/MB1025-8_0deg.frd	a57562ab748c520f65df4f476a7849108e0662cf
a583e88adc13__rbkmoney__count_card_token.frd	https://github.com/rbkmoney/fraudo/blob/HEAD/src/test/resources/rules/count_card_token.frd	a583e88adc134d1937283b891d20ba080f26d474
a583e88adc13__valitydev__count_card_token.frd	https://github.com/valitydev/fraudo/blob/HEAD/src/test/resources/rules/count_card_token.frd	a583e88adc134d1937283b891d20ba080f26d474
a5e543542ff0__romain-o__MB1025-8_45deg.frd	https://github.com/romain-o/FindMyCrossover/blob/HEAD/data/Woofers/FRD/45deg/MB1025-8_45deg.frd	a5e543542ff0e090171d5ce22903898c46934951
a65f1591d7cd__lpaiu-cs__8834_apollo15_crd_250307_2010_0.frd	https://github.com/lpaiu-cs/self-mass-unobservability/blob/HEAD/data/request4_llr/monthly_split_probe_apollo15_202503/8834_apollo15_crd_250307_2010_0.frd	a65f1591d7cda5548e0c70bab4445580bb77bd60
a69be8a4ef41__Alex-tru__conv_limit_8e-02_beam2.frd	https://github.com/Alex-tru/MSc-Thesis/blob/HEAD/test/conv_studies/convergence_limit/convergence_limit_dt1e-02/conv_limit_8e-02_beam2.frd	a69be8a4ef4150f3b97b95a2ccaffd570e3d51b0
a6a6e1295cbd__pierreaubert__Aalto_3_Passive_hor_-110.frd	https://github.com/pierreaubert/spinorama/blob/HEAD/datas/measurements/Aalto Speakers Aalto 3 Passive/vendor/Originals/Aalto 3 Passive hor -110.frd	a6a6e1295cbdf95323c6cbe32f601faa99f3c47c
a6a6e1295cbd__pierreaubert__Aalto_3_Passive_hor_110.frd	https://github.com/pierreaubert/spinorama/blob/HEAD/datas/measurements/Aalto Speakers Aalto 3 Passive/vendor/Originals/Aalto 3 Passive hor 110.frd	a6a6e1295cbdf95323c6cbe32f601faa99f3c47c
a6ff62dc8e7f__ziutek__CD-10Fe_N.frd	https://github.com/ziutek/WinISD/blob/HEAD/!FRD&ZMA/Data!br/CD-10Fe_N.frd	a6ff62dc8e7fc8988f487fe30ee010a5f1f04a60
a6ff62dc8e7f__ziutek__CD-10Fe_N.frd	https://github.com/ziutek/WinISD/blob/HEAD/!FRD&ZMA/Data!br2/CD-10Fe_N.frd	a6ff62dc8e7fc8988f487fe30ee010a5f1f04a60
a6ff62dc8e7f__ziutek__CD-10Fe_N.frd	https://github.com/ziutek/WinISD/blob/HEAD/crossover/!FRD&ZMA/Data!br2/CD-10Fe_N.frd	a6ff62dc8e7fc8988f487fe30ee010a5f1f04a60
a6ff62dc8e7f__ziutek__CD-10Fe_N.frd	https://github.com/ziutek/WinISD/blob/HEAD/crossover/!FRD&ZMA/Data!br3/CD-10Fe_N.frd	a6ff62dc8e7fc8988f487fe30ee010a5f1f04a60
a6ff62dc8e7f__ziutek__CD-10Fe_N.frd	https://github.com/ziutek/WinISD/blob/HEAD/crossover/!FRD&ZMA/Data!br4/CD-10Fe_N.frd	a6ff62dc8e7fc8988f487fe30ee010a5f1f04a60
a7d25b53e982__mckayreedmoore__cube.frd	https://github.com/mckayreedmoore/mini-moonboard/blob/HEAD/fea/mortar_kinematic_build/cube-9bidnnnr/mortar_0p25-observer/cube.frd	a7d25b53e982809ebae5374a4280abebbdb1e097
a836440f1c15__romain-o__AMT2-4_15deg.frd	https://github.com/romain-o/FindMyCrossover/blob/HEAD/data/Tweeters/FRD/15deg/AMT2-4_15deg.frd	a836440f1c15d0b25e944fe9a6ca826482ac6351
a92e1305c902__romain-o__RS75-4_45deg.frd	https://github.com/romain-o/FindMyCrossover/blob/HEAD/data/Woofers/FRD/45deg/RS75-4_45deg.frd	a92e1305c902a83d386db5b36cf449e13289a738
a96d758ca055__coldmayo__Fountek_JP-3.frd	https://github.com/coldmayo/KlaudSpeakerSim/blob/HEAD/src/driverFiles/Fountek JP-3.frd	a96d758ca0559c2fab1d84dff136bb0ef7a4d67b
a97a7262f972__ziutek__D.14.1000.8.TI-195x155.frd	https://github.com/ziutek/WinISD/blob/HEAD/drivers/D.14.1000.8.TI-195x155.frd	a97a7262f972ce467ffa209353607df296a29a4d
aa3cac62ba6a__romain-o__PS180-8_15deg.frd	https://github.com/romain-o/FindMyCrossover/blob/HEAD/data/Woofers/FRD/15deg/PS180-8_15deg.frd	aa3cac62ba6ab0cecdb7dd1cfcfee4ee446da389
ab0b11aaa7b0__rbkmoney__in_country.frd	https://github.com/rbkmoney/fraudo/blob/HEAD/src/test/resources/rules/p2p/in_country.frd	ab0b11aaa7b0584e651bd1bdaeacf69729cff95b
abb320d055ea__pierreaubert__Aalto_3_Passive_ver_-10.frd	https://github.com/pierreaubert/spinorama/blob/HEAD/datas/measurements/Aalto Speakers Aalto 3 Passive/vendor/Originals/Aalto 3 Passive ver -10.frd	abb320d055ea195eca4ab09e98e0d0bb8d255b68
ac3acf7f0fde__spolanski__Coarse_Lin_Hex.frd	https://github.com/spolanski/CoFEA/blob/HEAD/benchmarks/02-cooks-membrane/calculix/poisson_0_49/Coarse_Lin_Hex/Coarse_Lin_Hex.frd	ac3acf7f0fde644bd5933dd84c488d7db70cfdca
ac49a0f4037a__lpaiu-cs__8834_apollo15_crd_250307_1940_0.frd	https://github.com/lpaiu-cs/self-mass-unobservability/blob/HEAD/data/request4_llr/monthly_split_probe_apollo15_202503/8834_apollo15_crd_250307_1940_0.frd	ac49a0f4037a72c28cadd78e12526498ce2ed320
ad09ac3289c2__romain-o__CF18N-4_15deg.frd	https://github.com/romain-o/FindMyCrossover/blob/HEAD/data/Tweeters/FRD/15deg/CF18N-4_15deg.frd	ad09ac3289c29084bb3adfafdf6a55053a25100d
ad8e9e31dca7__romain-o__ND140-4_45deg.frd	https://github.com/romain-o/FindMyCrossover/blob/HEAD/data/Woofers/FRD/45deg/ND140-4_45deg.frd	ad8e9e31dca793725fa6c0579a76069970445f85
adb2650e3f0a__nicwulab__250201_006.frd	https://github.com/nicwulab/oPool_display/blob/HEAD/oPool_display/experimental_data/validation/BLI/oPool_competition_validation/MI15_H1/250201_006.frd	adb2650e3f0a54804b4d4f264feefb335cb018bf
adda8ab87c23__joachimth__system_v9_inroom.frd	https://github.com/joachimth/mk3-reference-loudspeaker/blob/HEAD/simulations/frd/system_v9_inroom.frd	adda8ab87c2313cb6428867d274fef0611b52ecb
ae2e53c1709c__romain-o__RS180P-4_30deg.frd	https://github.com/romain-o/FindMyCrossover/blob/HEAD/data/Woofers/FRD/30deg/RS180P-4_30deg.frd	ae2e53c1709c2e78c533be5e71ca102504324273
ae8414e28df3__jonronen__Tweeter.frd	https://github.com/jonronen/speaker-measurements/blob/HEAD/Sealed SIG120 DX25TG59/Tweeter.frd	ae8414e28df305b39545022a1c853cd3456f5779
aeff8c74e965__mbrennwa__SPL_OUTDOOR_12PR320_30deg.frd	https://github.com/mbrennwa/osmcdoc/blob/HEAD/plots/osmc_analysis/data_outdoor/outdoor_20181227/SPL_OUTDOOR_12PR320_30deg.FRD	aeff8c74e965f566f6388392e7a82c497161b356
b035cfd31bbf__romain-o__DC130B-4_30deg.frd	https://github.com/romain-o/FindMyCrossover/blob/HEAD/data/Woofers/FRD/30deg/DC130B-4_30deg.frd	b035cfd31bbf5f0e30dbd02398a1259a123450d5
b0721cf50f3f__Alex-tru__conv_limit_9e-02_beam2.frd	https://github.com/Alex-tru/MSc-Thesis/blob/HEAD/test/conv_studies/convergence_limit/convergence_limit_dt1e-02/conv_limit_9e-02_beam2.frd	b0721cf50f3fafca63d1333c27ffa2d298c32a53
b0966db247d7__romain-o__DS215-8_15deg.frd	https://github.com/romain-o/FindMyCrossover/blob/HEAD/data/Woofers/FRD/15deg/DS215-8_15deg.frd	b0966db247d7f36683094984cca63c13494bb94d
b119685aec12__romain-o__SIG270-4_15deg.frd	https://github.com/romain-o/FindMyCrossover/blob/HEAD/data/Woofers/FRD/15deg/SIG270-4_15deg.frd	b119685aec122454981c4b79c933ef74205cbfd1
b202c406a7fe__romain-o__RST28F-4_0deg.frd	https://github.com/romain-o/FindMyCrossover/blob/HEAD/data/Tweeters/FRD/0deg/RST28F-4_0deg.frd	b202c406a7fe2dd6bb2e08506d114a496387ba68
b22b4cbb2924__luvres__flange.frd	https://github.com/luvres/calculix/blob/HEAD/CalculiX.12/cgx_2.12/examples/pressfit/flange.frd	b22b4cbb2924573c3211ef612eb854e2b8003ae6
b25fbd6ab666__pierreaubert__Aalto_3_Passive_hor_-30.frd	https://github.com/pierreaubert/spinorama/blob/HEAD/datas/measurements/Aalto Speakers Aalto 3 Passive/vendor/Originals/Aalto 3 Passive hor -30.frd	b25fbd6ab666f3fad4c82e2f3a16731eb1094969
b3289d472d43__Katona-lab__230125_014.frd	https://github.com/Katona-lab/BayesLayerAnalyst/blob/HEAD/20230125_AR2G_1OLD/Experiment_1/230125_014.frd	b3289d472d432f90869dcc2e055ed5594d71db67
b32ee9705eb1__romain-o__DSA215-8_15deg.frd	https://github.com/romain-o/FindMyCrossover/blob/HEAD/data/Woofers/FRD/15deg/DSA215-8_15deg.frd	b32ee9705eb1be442f112f65f5ff5da66f9a316e
b375d16e0c4a__pierreaubert__Aalto_3_Passive_ver_80.frd	https://github.com/pierreaubert/spinorama/blob/HEAD/datas/measurements/Aalto Speakers Aalto 3 Passive/vendor/Originals/Aalto 3 Passive ver 80.frd	b375d16e0c4a9c4d3bd0c2a0e9ca29d575d267a4
b3b9e73333bd__llama-ccx__test_beam.frd	https://github.com/llama-ccx/llama-ccx/blob/HEAD/Llama.Test/example_1/test_beam.frd	b3b9e73333bda631f12b01d5efae9dcf8a8e2621
b4262c219fe7__jonronen__woofer.frd	https://github.com/jonronen/speaker-measurements/blob/HEAD/dayton rs225 morel et448/woofer.frd	b4262c219fe7cbb9896875940c2c3247799b6ef5
b42e9a9cb21c__Katona-lab__230125_003.frd	https://github.com/Katona-lab/BayesLayerAnalyst/blob/HEAD/20230125_AR2G_1OLD/Experiment_1/230125_003.frd	b42e9a9cb21c2ff1769c4267135af9127969a0a2
b44e479cc64d__romain-o__DC25T-8_45deg.frd	https://github.com/romain-o/FindMyCrossover/blob/HEAD/data/Tweeters/FRD/45deg/DC25T-8_45deg.frd	b44e479cc64d1e5c597690fd15c65ae9e6d464d2
b46a121b21cc__romain-o__PS220-8_30deg.frd	https://github.com/romain-o/FindMyCrossover/blob/HEAD/data/Woofers/FRD/30deg/PS220-8_30deg.frd	b46a121b21ccc589cbe832d13653ec4dab067045
b621f4be8d0f__rbkmoney__combine_rule.frd	https://github.com/rbkmoney/fraudo/blob/HEAD/src/test/resources/rules/combine_rule.frd	b621f4be8d0fd4d6a9ba1a955771aad130b68cfd
b6796318df94__pierreaubert__Aalto_3_Passive_ver_-90.frd	https://github.com/pierreaubert/spinorama/blob/HEAD/datas/measurements/Aalto Speakers Aalto 3 Passive/vendor/Originals/Aalto 3 Passive ver -90.frd	b6796318df943ba12c27ca76ad11cd025d0ecdee
b68bf91cb399__airpocket-soundman__hit_a4.frd	https://github.com/airpocket-soundman/acrylic_pan/blob/HEAD/web/assets/simulation/calculix/hit_a4.frd	b68bf91cb3990b35f9dac27a899b341695b97b3d
b68bf91cb399__airpocket-soundman__hit_a4.frd	https://github.com/airpocket-soundman/acrylic_pan_uno_q/blob/HEAD/web/assets/simulation/calculix/hit_a4.frd	b68bf91cb3990b35f9dac27a899b341695b97b3d
b6ae081d6111__romain-o__EC30-4_45deg.frd	https://github.com/romain-o/FindMyCrossover/blob/HEAD/data/Tweeters/FRD/45deg/EC30-4_45deg.frd	b6ae081d6111a4fa42a208758ee9c0b69a8ead77
b762fecc896d__DAv-Project-Team-UADER__box_frequency.frd	https://github.com/DAv-Project-Team-UADER/DAV/blob/HEAD/FREECAD/src/Mod/Fem/femtest/data/calculix/box_frequency.frd	b762fecc896d59d21bb8faa63481cf647b83398f
b762fecc896d__Jiayinf__box_frequency.frd	https://github.com/Jiayinf/freeCAD/blob/HEAD/Build/Mod/Fem/femtest/data/calculix/box_frequency.frd	b762fecc896d59d21bb8faa63481cf647b83398f
b762fecc896d__Jiayinf__box_frequency.frd	https://github.com/Jiayinf/freeCAD/blob/HEAD/FreeCAD/src/Mod/Fem/femtest/data/calculix/box_frequency.frd	b762fecc896d59d21bb8faa63481cf647b83398f
b762fecc896d__githubgoog__box_frequency.frd	https://github.com/githubgoog/LinuxCAD/blob/HEAD/engine/src/Mod/Fem/femtest/data/calculix/box_frequency.frd	b762fecc896d59d21bb8faa63481cf647b83398f
b762fecc896d__snorkel-marlin-repos__box_frequency.frd	https://github.com/snorkel-marlin-repos/FreeCAD_FreeCAD_pr_22751_18e62b7f-b959-4468-9d44-a1456f9ebd49/blob/HEAD/src/Mod/Fem/femtest/data/calculix/box_frequency.frd	b762fecc896d59d21bb8faa63481cf647b83398f
b762fecc896d__snorkel-marlin-repos__box_frequency.frd	https://github.com/snorkel-marlin-repos/FreeCAD_FreeCAD_pr_22817_92c56470-fb7a-467e-8f6b-7f5429e3d7ee/blob/HEAD/src/Mod/Fem/femtest/data/calculix/box_frequency.frd	b762fecc896d59d21bb8faa63481cf647b83398f
b762fecc896d__snorkel-marlin-repos__box_frequency.frd	https://github.com/snorkel-marlin-repos/FreeCAD_FreeCAD_pr_22869_1c3d9a6c-7535-4474-ba36-0747579ce5b9/blob/HEAD/src/Mod/Fem/femtest/data/calculix/box_frequency.frd	b762fecc896d59d21bb8faa63481cf647b83398f
b762fecc896d__snorkel-marlin-repos__box_frequency.frd	https://github.com/snorkel-marlin-repos/FreeCAD_FreeCAD_pr_23019_084706e8-52dc-48b9-97f4-bd54f71142c4/blob/HEAD/src/Mod/Fem/femtest/data/calculix/box_frequency.frd	b762fecc896d59d21bb8faa63481cf647b83398f
b762fecc896d__snorkel-marlin-repos__box_frequency.frd	https://github.com/snorkel-marlin-repos/FreeCAD_FreeCAD_pr_23291_caab13a2-95d9-4284-8717-e25db8b34f16/blob/HEAD/src/Mod/Fem/femtest/data/calculix/box_frequency.frd	b762fecc896d59d21bb8faa63481cf647b83398f
b762fecc896d__somebodyishere-kgp__box_frequency.frd	https://github.com/somebodyishere-kgp/AURACAD/blob/HEAD/src/src/Mod/Fem/femtest/data/calculix/box_frequency.frd	b762fecc896d59d21bb8faa63481cf647b83398f
b762fecc896d__wsteffe__box_frequency.frd	https://github.com/wsteffe/klayout_FreeCAD/blob/HEAD/Mod/Fem/femtest/data/calculix/box_frequency.frd	b762fecc896d59d21bb8faa63481cf647b83398f
b786baacf1d9__derpaule__20200529xSAXxNB1AxRBDHisxTITx0901_003.frd	https://github.com/derpaule/Ty1_octet_itc/blob/HEAD/data_octet/20200529xSAXxNB1AxRBDHisxTITx0901/20200529xSAXxNB1AxRBDHisxTITx0901_003.frd	b786baacf1d95301c2ecfa01eac70da46483a3f6
b7b10cbcad66__romain-o__DC200-8_45deg.frd	https://github.com/romain-o/FindMyCrossover/blob/HEAD/data/Woofers/FRD/45deg/DC200-8_45deg.frd	b7b10cbcad668dd8d1d3c0c8c86da7ae7134bf50
b7bc4fa7a6bd__romain-o__RS225-8_15deg.frd	https://github.com/romain-o/FindMyCrossover/blob/HEAD/data/Woofers/FRD/15deg/RS225-8_15deg.frd	b7bc4fa7a6bdef65e3dcb72bdb1197f9eb472384
b7f16bd351d9__pierreaubert__Aalto_3_Active_Pro_hor_0.frd	https://github.com/pierreaubert/spinorama/blob/HEAD/datas/measurements/Aalto Speakers Aalto 3 Active Pro/vendor/Originals/Aalto 3 Active Pro hor 0.frd	b7f16bd351d9192c16d993c684b7925a7e185869
b8c4a1242b2e__Prosper1030__current_avl_compromise_conservative_closed_lf_1p00.frd	https://github.com/Prosper1030/hpa-mdo/blob/HEAD/output/go_mode_main_wing_closed_loop_final/fem_case_package/calculix/lf_1p00/current_avl_compromise_conservative_closed_lf_1p00.frd	b8c4a1242b2ee9aa0f9fecc45024700b016fa4e4
b8cd248114fb__romain-o__DC28F-8_15deg.frd	https://github.com/romain-o/FindMyCrossover/blob/HEAD/data/Tweeters/FRD/15deg/DC28F-8_15deg.frd	b8cd248114fb8c261d70656a4885d23ba1bb6a52
b943a92f9464__romain-o__ND20FA-6_15deg.frd	https://github.com/romain-o/FindMyCrossover/blob/HEAD/data/Tweeters/FRD/15deg/ND20FA-6_15deg.frd	b943a92f94649d3fc2c9058c08f010c1535c27a8
b953ef605c7d__Teddy-van-Jerry__Mandelbrot_Sample.frd	https://github.com/Teddy-van-Jerry/Fractal_Designer/blob/HEAD/usr/frd/Mandelbrot Sample.frd	b953ef605c7d6a9c941b377d35d20d0bc1dbb9c6
b97dca367f56__modernecotech__chassis-bogie-screen.frd	https://github.com/modernecotech/OpenSourceRail/blob/HEAD/design/component-catalogue/catalog/fea/chassis-bogie-screen/chassis-bogie-screen.frd	b97dca367f56cf8473d53c9169fe4673876d6dff
bb79cdc18d63__unicfdlab__beam.frd	https://github.com/unicfdlab/TwoDaysMeshingCourse/blob/HEAD/RU/Files/day1_4/beam-modelling/beam-ccx-static/beam.frd	bb79cdc18d634379a5fbae76d0826d3d66696331
bb975dadeb26__derpaule__20200529xSAXxNB1AxRBDHisxTITx1001_001.frd	https://github.com/derpaule/Ty1_octet_itc/blob/HEAD/data_octet/20200529xSAXxNB1AxRBDHisxTITx1001/20200529xSAXxNB1AxRBDHisxTITx1001_001.frd	bb975dadeb266bd807dc95e52e3f4b39d97670ef
bb985c20483d__romain-o__EC30-4_0deg.frd	https://github.com/romain-o/FindMyCrossover/blob/HEAD/data/Tweeters/FRD/0deg/EC30-4_0deg.frd	bb985c20483d9588b66a5137150463daebc67403
bbbece43dd81__airpocket-soundman__hit_e5.frd	https://github.com/airpocket-soundman/acrylic_pan/blob/HEAD/web/assets/simulation/calculix/hit_e5.frd	bbbece43dd8109b529828694f2de3e691eb01fdc
bbbece43dd81__airpocket-soundman__hit_e5.frd	https://github.com/airpocket-soundman/acrylic_pan_uno_q/blob/HEAD/web/assets/simulation/calculix/hit_e5.frd	bbbece43dd8109b529828694f2de3e691eb01fdc
bbe4c65476ef__romain-o__RS225P-8A_15deg.frd	https://github.com/romain-o/FindMyCrossover/blob/HEAD/data/Woofers/FRD/15deg/RS225P-8A_15deg.frd	bbe4c65476ef004352f7a45996fae5ac90fd1402
bc85dd382f15__romain-o__SB17MFC35-4_30deg.frd	https://github.com/romain-o/FindMyCrossover/blob/HEAD/data/Woofers/FRD/30deg/SB17MFC35-4_30deg.frd	bc85dd382f156a6d449395ed032665cd0d912c7a
bcb738ca8988__romain-o__GRS_10SW-4HE_0deg.frd	https://github.com/romain-o/FindMyCrossover/blob/HEAD/data/Woofers/FRD/0deg/GRS 10SW-4HE_0deg.frd	bcb738ca89881454c2847f1b098fd15f693aa041
bd0e433420b9__pierreaubert__Aalto_3_Passive_ver_-30.frd	https://github.com/pierreaubert/spinorama/blob/HEAD/datas/measurements/Aalto Speakers Aalto 3 Passive/vendor/Originals/Aalto 3 Passive ver -30.frd	bd0e433420b957d8134c718034134565e5eb3c97
bd4ca498c0ee__rbkmoney__unknownResult.frd	https://github.com/rbkmoney/fraudo/blob/HEAD/src/test/resources/rules/p2p/unknownResult.frd	bd4ca498c0eef1d35030413eaf4c89825b2d228f
be046244e0f0__makkemal__Test_ThermalStrain.frd	https://github.com/makkemal/NGIMASEM/blob/HEAD/Testprobs/Test_ThermalStrain.frd	be046244e0f0b75b13d1203244751f324f55ee8e
be54a7ada1fc__romain-o__TD25-4_15deg.frd	https://github.com/romain-o/FindMyCrossover/blob/HEAD/data/Tweeters/FRD/15deg/TD25-4_15deg.frd	be54a7ada1fc9036434ab593e6850b8ad8a12380
be7c4c38d350__Johnlon__SB21SDCN-C000-4_DIGITISED@60.frd	https://github.com/Johnlon/speaker/blob/HEAD/research/speakers/datafiles/SB21SDCN-C000-4/FRD/SB21SDCN-C000-4_DIGITISED@60.frd	be7c4c38d35054b6698d5b36f5ed5321a77e626c
bf1119016471__derpaule__20200529xSAXxNBxRBDHisxCOMPx0501_008.frd	https://github.com/derpaule/Ty1_octet_itc/blob/HEAD/data_octet/20200529xSAXxNBxRBDHisxCOMPx0501/20200529xSAXxNBxRBDHisxCOMPx0501_008.frd	bf1119016471402df15752ff10937a3c448926e5
bfc1082598ae__Smorodov__bell.frd	https://github.com/Smorodov/bell_design/blob/HEAD/bells/bell.frd	bfc1082598ae20cf0bdf4a7fedf8f2a6eec1da2d
bfc6c7730a3b__spolanski__Coarse_Quad_Hex.frd	https://github.com/spolanski/CoFEA/blob/HEAD/benchmarks/02-cooks-membrane/calculix/poisson_0_49/Coarse_Quad_Hex/Coarse_Quad_Hex.frd	bfc6c7730a3b07ccc090ec743741fef029a0e187
bfdbe3ec50e3__spolanski__coarse-quad-tet.frd	https://github.com/spolanski/CoFEA/blob/HEAD/benchmarks/04-eliptic-membrane/results/Results_Calculix/coarse-quad-tet/coarse-quad-tet.frd	bfdbe3ec50e3ccfd3241a948c13c925860bafc29
c04a4c3901b9__Alex-tru__conv_limit_3e-02_beam1.frd	https://github.com/Alex-tru/MSc-Thesis/blob/HEAD/test/conv_studies/convergence_limit/convergence_limit_dt5e-02/conv_limit_3e-02_beam1.frd	c04a4c3901b95f2a98c78217dff16aaacfcb33a6
c04d4f319b4b__mbrennwa__IMPEDANCE_OUTDOOR_VM752.frd	https://github.com/mbrennwa/osmcdoc/blob/HEAD/plots/osmc_analysis/data_outdoor/outdoor_20181227/IMPEDANCE_OUTDOOR_VM752.FRD	c04d4f319b4bb668c22974bbc57891845ab124a3
c0605eaf46d1__romain-o__ND25FW-4_30deg.frd	https://github.com/romain-o/FindMyCrossover/blob/HEAD/data/Tweeters/FRD/30deg/ND25FW-4_30deg.frd	c0605eaf46d1defa4167198dd128c223b871cbb7
c0c40bd3825a__romain-o__5NDL38-16_0deg.frd	https://github.com/romain-o/FindMyCrossover/blob/HEAD/data/Woofers/FRD/0deg/5NDL38-16_0deg.frd	c0c40bd3825a5b56ae8935121f70514086333285
c1081a924aed__romain-o__RS52AN-8_45deg.frd	https://github.com/romain-o/FindMyCrossover/blob/HEAD/data/Midranges/FRD/45deg/RS52AN-8_45deg.frd	c1081a924aed0a3644d2bc0932234dc3c355d927
c145a3e48495__mbrennwa__SPL_OUTDOOR_R2904WG148_onAxis.frd	https://github.com/mbrennwa/osmcdoc/blob/HEAD/plots/osmc_analysis/data_outdoor/outdoor_20181227/SPL_OUTDOOR_R2904WG148_onAxis.FRD	c145a3e48495cf2c47ea8e6d0d587c6919ac397d
c14ead8137a3__romain-o__RS125P-8_30deg.frd	https://github.com/romain-o/FindMyCrossover/blob/HEAD/data/Woofers/FRD/30deg/RS125P-8_30deg.frd	c14ead8137a343a729504fe1cdec565c80dc3aae
c2668865a24f__modernecotech__full-body-lateral-sway-screen.frd	https://github.com/modernecotech/OpenSourceRail/blob/HEAD/design/component-catalogue/catalog/fea/full-body-lateral-sway-screen/full-body-lateral-sway-screen.frd	c2668865a24fbfb1166583832a9eec020180aede
c275686944da__rbkmoney__accept.frd	https://github.com/rbkmoney/fraudo/blob/HEAD/src/test/resources/rules/p2p/accept.frd	c275686944daaa61963e3f32179a2c53640bbd3a
c33c6dd88415__romain-o__E180HE-44_15deg.frd	https://github.com/romain-o/FindMyCrossover/blob/HEAD/data/Woofers/FRD/15deg/E180HE-44_15deg.frd	c33c6dd884152ac00d18eb08e1c4c340980dc30b
c3483720f7ab__lpaiu-cs__8834_apollo15_crd_250308_1837_0.frd	https://github.com/lpaiu-cs/self-mass-unobservability/blob/HEAD/data/request4_llr/monthly_split_probe_apollo15_202503/8834_apollo15_crd_250308_1837_0.frd	c3483720f7ababad7bf8ec1dd1036c2930b5e43f
c39284b39d4f__tnakaicode__dam-eplot.frd	https://github.com/tnakaicode/PlotGallery/blob/HEAD/ccx_gallery/dam-eplot.frd	c39284b39d4fee9b48eec7c1afc9cd206638199d
c3dc00f788f7__alephobjects__spine_thermomech.frd	https://github.com/alephobjects/freecad/blob/HEAD/src/Mod/Fem/test_files/ccx/spine_thermomech.frd	c3dc00f788f721861cc358edc2958318c762d18b
c3dc00f788f7__eivindkv__spine_thermomech.frd	https://github.com/eivindkv/FreeCAD2/blob/HEAD/src/Mod/Fem/test_files/ccx/spine_thermomech.frd	c3dc00f788f721861cc358edc2958318c762d18b
c4723b0b0062__pierreaubert__Aalto_3_Passive_ver_-20.frd	https://github.com/pierreaubert/spinorama/blob/HEAD/datas/measurements/Aalto Speakers Aalto 3 Passive/vendor/Originals/Aalto 3 Passive ver -20.frd	c4723b0b00624e014a05afaf532857aba20278f4
c48d03068102__romain-o__RST28F-4_15deg.frd	https://github.com/romain-o/FindMyCrossover/blob/HEAD/data/Tweeters/FRD/15deg/RST28F-4_15deg.frd	c48d0306810204d510fdf9d0a5ede419452bff9f
c4ccad5bfebf__Estia-advanced-programming__incomplete_header4.frd	https://github.com/Estia-advanced-programming/test-generator/blob/HEAD/Data/Errors/testFiles/incomplete_header4.frd	c4ccad5bfebfc9508fa267a498c4598d8cf9249d
c5293b03c77f__tnakaicode__pinned-plate.frd	https://github.com/tnakaicode/PlotGallery/blob/HEAD/ccx_gallery/pinned-plate.frd	c5293b03c77f10703705252491fb8112ca66d597
c5d28a1b60ab__pierreaubert__Aalto_3_Active_Pro_ver_110.frd	https://github.com/pierreaubert/spinorama/blob/HEAD/datas/measurements/Aalto Speakers Aalto 3 Active Pro/vendor/Originals/Aalto 3 Active Pro ver 110.frd	c5d28a1b60aba6969a1f905226756859305218cc
c780ef53c6b5__pierreaubert__Aalto_3_Passive_hor_140.frd	https://github.com/pierreaubert/spinorama/blob/HEAD/datas/measurements/Aalto Speakers Aalto 3 Passive/vendor/Originals/Aalto 3 Passive hor 140.frd	c780ef53c6b5ed48ff51560d63ecd48f6a514098
c78af124eb5f__Alex-tru__conv_limit_1e-04_beam2.frd	https://github.com/Alex-tru/MSc-Thesis/blob/HEAD/test/conv_studies/convergence_limit/convergence_limit_dt5e-02/conv_limit_1e-04_beam2.frd	c78af124eb5f7e0b7c074c6cf20f4124e518fb71
c7fac2ac81d9__romain-o__E150MR-4_60deg.frd	https://github.com/romain-o/FindMyCrossover/blob/HEAD/data/Midranges/FRD/60deg/E150MR-4_60deg.frd	c7fac2ac81d9f2531ab0eac24a50adeea3f3ff73
c81a164bc518__Katona-lab__230125_001.frd	https://github.com/Katona-lab/BayesLayerAnalyst/blob/HEAD/20230125_AR2G_1OLD_INVERSE/Experiment_1/230125_001.frd	c81a164bc5182bc64ae4c46b336b0ee94b094591
c8cd59b5e59e__lpaiu-cs__8834_apollo15_crd_250306_1600_0.frd	https://github.com/lpaiu-cs/self-mass-unobservability/blob/HEAD/data/request4_llr/monthly_split_probe_apollo15_202503/8834_apollo15_crd_250306_1600_0.frd	c8cd59b5e59e8e2528c25409eb1c68674ce478b8
c8f2431a459d__romain-o__RS150-4_0deg.frd	https://github.com/romain-o/FindMyCrossover/blob/HEAD/data/Woofers/FRD/0deg/RS150-4_0deg.frd	c8f2431a459d74ad7052906f9ef2f5b4e5940600
c93de2ab2e12__romain-o__ND140-8_0deg.frd	https://github.com/romain-o/FindMyCrossover/blob/HEAD/data/Woofers/FRD/0deg/ND140-8_0deg.frd	c93de2ab2e12c6737466185891468a411d2b4b15
c9940bf3d592__CPP-FreeCAD-Null-Pointer-Exception__box_static.frd	https://github.com/CPP-FreeCAD-Null-Pointer-Exception/FreeCAD/blob/HEAD/src/Mod/Fem/femtest/data/calculix/box_static.frd	c9940bf3d5925540ec5ab97499bd197ebe003449
c9940bf3d592__Dimitris75__box_static.frd	https://github.com/Dimitris75/neoCAM/blob/HEAD/src/Mod/Fem/femtest/data/calculix/box_static.frd	c9940bf3d5925540ec5ab97499bd197ebe003449
c9940bf3d592__FynnFrei__box_static.frd	https://github.com/FynnFrei/pycad/blob/HEAD/FreeCAD 0.20/Mod/Fem/femtest/data/calculix/box_static.frd	c9940bf3d5925540ec5ab97499bd197ebe003449
c9940bf3d592__OldStreetll__box_static.frd	https://github.com/OldStreetll/FC0191/blob/HEAD/FreeCAD-0.19.1/src/Mod/Fem/femtest/data/calculix/box_static.frd	c9940bf3d5925540ec5ab97499bd197ebe003449
c9940bf3d592__Power-Progress-Community__cube_static.frd	https://github.com/Power-Progress-Community/freecad-18/blob/HEAD/src/Mod/Fem/femtest/testfiles/ccx/cube_static.frd	c9940bf3d5925540ec5ab97499bd197ebe003449
c9940bf3d592__Sino-Data__cube_static.frd	https://github.com/Sino-Data/freecad/blob/HEAD/src/Mod/Fem/femtest/testfiles/ccx/cube_static.frd	c9940bf3d5925540ec5ab97499bd197ebe003449
c9940bf3d592__Zaubentrucker__cube_static.frd	https://github.com/Zaubentrucker/FreeCAD/blob/HEAD/src/Mod/Fem/femtest/data/ccx/cube_static.frd	c9940bf3d5925540ec5ab97499bd197ebe003449
c9940bf3d592__berndhahnebach__cube_static.frd	https://github.com/berndhahnebach/All_FreeCAD/blob/HEAD/src/Mod/Fem/femtest/data/ccx/cube_static.frd	c9940bf3d5925540ec5ab97499bd197ebe003449
c9940bf3d592__felixlee868__box_static.frd	https://github.com/felixlee868/FreeCAD/blob/HEAD/src/Mod/Fem/femtest/data/calculix/box_static.frd	c9940bf3d5925540ec5ab97499bd197ebe003449
c9940bf3d592__kkremitzki__box_static.frd	https://github.com/kkremitzki/freecad-slimmed/blob/HEAD/src/Mod/Fem/femtest/data/calculix/box_static.frd	c9940bf3d5925540ec5ab97499bd197ebe003449
c9940bf3d592__merlinepedra__box_static.frd	https://github.com/merlinepedra/FREECAD/blob/HEAD/src/Mod/Fem/femtest/data/calculix/box_static.frd	c9940bf3d5925540ec5ab97499bd197ebe003449
c9940bf3d592__wsteffe__box_static.frd	https://github.com/wsteffe/layoutDD_FreeCAD/blob/HEAD/Mod/Fem/femtest/data/calculix/box_static.frd	c9940bf3d5925540ec5ab97499bd197ebe003449
c9940bf3d592__yorikvanhavre__cube_static.frd	https://github.com/yorikvanhavre/FreeCAD-old/blob/HEAD/src/Mod/Fem/femtest/testfiles/ccx/cube_static.frd	c9940bf3d5925540ec5ab97499bd197ebe003449
c9a525ae812e__spolanski__Coarse_Quad_Tet.frd	https://github.com/spolanski/CoFEA/blob/HEAD/benchmarks/02-cooks-membrane/calculix/poisson_0_33/Coarse_Quad_Tet/Coarse_Quad_Tet.frd	c9a525ae812e79af85b32bb8b9934beb357c188d
c9af9d9692c7__romain-o__ND16FA-6_15deg.frd	https://github.com/romain-o/FindMyCrossover/blob/HEAD/data/Tweeters/FRD/15deg/ND16FA-6_15deg.frd	c9af9d9692c7034c04b0048e96de53a3d2210a67
c9b0e4d692d4__romain-o__DS215-8_0deg.frd	https://github.com/romain-o/FindMyCrossover/blob/HEAD/data/Woofers/FRD/0deg/DS215-8_0deg.frd	c9b0e4d692d46e4c42f06f2d5b547ffa525f9a16
ca545f8505e7__jonronen__Tweeter.frd	https://github.com/jonronen/speaker-measurements/blob/HEAD/Dayton DC160-8 and Vifa DX25TG59-04/Tweeter.frd	ca545f8505e777f1b249106542767335fdbde877
cad42c9e4532__Katona-lab__230125_013.frd	https://github.com/Katona-lab/BayesLayerAnalyst/blob/HEAD/20230125_AR2G_1OLD/Experiment_1/230125_013.frd	cad42c9e4532470d04e547cd558352ad9f3adebb
caebeef3186e__romain-o__22W-8534G00_60deg.frd	https://github.com/romain-o/FindMyCrossover/blob/HEAD/data/Woofers/FRD/60deg/22W-8534G00_60deg.frd	caebeef3186e6f2fe5886ba1de2541ab7be9c9a3
cb0b1742f251__romain-o__DC160-8_45deg.frd	https://github.com/romain-o/FindMyCrossover/blob/HEAD/data/Woofers/FRD/45deg/DC160-8_45deg.frd	cb0b1742f25146a99d32e07140ee9b1647594298
cb183f1fc2c3__rbkmoney__three_ds.frd	https://github.com/rbkmoney/fraudo/blob/HEAD/src/test/resources/rules/p2p/three_ds.frd	cb183f1fc2c39efff43554b1c6959fd7ee7bfd7b
cb183f1fc2c3__rbkmoney__three_ds.frd	https://github.com/rbkmoney/fraudo/blob/HEAD/src/test/resources/rules/three_ds.frd	cb183f1fc2c39efff43554b1c6959fd7ee7bfd7b
cb183f1fc2c3__valitydev__three_ds.frd	https://github.com/valitydev/fraudo/blob/HEAD/src/test/resources/rules/three_ds.frd	cb183f1fc2c39efff43554b1c6959fd7ee7bfd7b
cb3a09fdbebd__Estia-advanced-programming__decoding.frd	https://github.com/Estia-advanced-programming/test-generator/blob/HEAD/Data/Errors/testFiles/decoding.frd	cb3a09fdbebd394c8c0a455419ffc0254e52ef4a
cb3a09fdbebd__Estia-advanced-programming__encoding.frd	https://github.com/Estia-advanced-programming/test-generator/blob/HEAD/Data/Errors/testFiles/encoding.frd	cb3a09fdbebd394c8c0a455419ffc0254e52ef4a
cc4fba13b58d__romain-o__SS-D3004-660000_0deg.frd	https://github.com/romain-o/FindMyCrossover/blob/HEAD/data/Tweeters/FRD/0deg/SS-D3004-660000_0deg.frd	cc4fba13b58da2a363cbce4ac157d13b31fb462b
cd7255af0b52__spolanski__Fine_Quad_Hex.frd	https://github.com/spolanski/CoFEA/blob/HEAD/benchmarks/02-cooks-membrane/calculix/poisson_0_33/Fine_Quad_Hex/Fine_Quad_Hex.frd	cd7255af0b52b988f5e09698312cf9a915e20e9c
cd72b12f6ab5__alephobjects__cube_frequency.frd	https://github.com/alephobjects/freecad/blob/HEAD/src/Mod/Fem/test_files/ccx/cube_frequency.frd	cd72b12f6ab50ab391d764867e8165b2f685a2a2
cd72b12f6ab5__eivindkv__cube_frequency.frd	https://github.com/eivindkv/FreeCAD2/blob/HEAD/src/Mod/Fem/test_files/ccx/cube_frequency.frd	cd72b12f6ab50ab391d764867e8165b2f685a2a2
cdbf76e44494__valitydev__withoutEndTimeAndWithDayTimeUnit.frd	https://github.com/valitydev/fraudo/blob/HEAD/src/test/resources/rules/time_window/withoutEndTimeAndWithDayTimeUnit.frd	cdbf76e44494c37019cff779acd92a3aeb759355
cde1f354693d__pierreaubert__Aalto_3_Active_Pro_hor_-60.frd	https://github.com/pierreaubert/spinorama/blob/HEAD/datas/measurements/Aalto Speakers Aalto 3 Active Pro/vendor/Originals/Aalto 3 Active Pro hor -60.frd	cde1f354693d9d23d7e2ef9dfa3055f592e1b76c
cde1f354693d__pierreaubert__Aalto_3_Active_Pro_hor_60.frd	https://github.com/pierreaubert/spinorama/blob/HEAD/datas/measurements/Aalto Speakers Aalto 3 Active Pro/vendor/Originals/Aalto 3 Active Pro hor 60.frd	cde1f354693d9d23d7e2ef9dfa3055f592e1b76c
ce46a1aabe22__romain-o__AMTHR-4_DATS_15deg.frd	https://github.com/romain-o/FindMyCrossover/blob/HEAD/data/Tweeters/FRD/15deg/AMTHR-4 DATS_15deg.frd	ce46a1aabe22877962276b4e0ef531e5a2365901
ce884863f28c__lpaiu-cs__7080_apollo15_h3norm_250306_1600_0.v1.frd	https://github.com/lpaiu-cs/self-mass-unobservability/blob/HEAD/data/request4_llr/monthly_split_probe_apollo15_202503/7080_apollo15_h3norm_250306_1600_0.v1.frd	ce884863f28c290c2813b9b532a6403c4326e308
ceb160b0b387__mbrennwa__MonkeyCoffin20181229_12PR320_1m_hor_+45.frd	https://github.com/mbrennwa/osmcdoc/blob/HEAD/plots/raw_drivers/spliced_curves/MonkeyCoffin20181229_12PR320_1m_hor_+45.frd	ceb160b0b387886867abfb816e2e636f8ab26763
cefd85e19e00__romain-o__GRS_8SW-4HE_0deg.frd	https://github.com/romain-o/FindMyCrossover/blob/HEAD/data/Woofers/FRD/0deg/GRS 8SW-4HE_0deg.frd	cefd85e19e001d2cc526bddbfb0750553607a01c
cf22081f0c44__pierreaubert__Aalto_3_Passive_ver_-40.frd	https://github.com/pierreaubert/spinorama/blob/HEAD/datas/measurements/Aalto Speakers Aalto 3 Passive/vendor/Originals/Aalto 3 Passive ver -40.frd	cf22081f0c44d6b5edd5eee0770e2afe48d2d91f
cff6074783a4__romain-o__ND25FW-4_0deg.frd	https://github.com/romain-o/FindMyCrossover/blob/HEAD/data/Tweeters/FRD/0deg/ND25FW-4_0deg.frd	cff6074783a482bd40e3dfce937708ccfb741bf6
d0b3c9e1bce6__romain-o__DC28FS-8_15deg.frd	https://github.com/romain-o/FindMyCrossover/blob/HEAD/data/Tweeters/FRD/15deg/DC28FS-8_15deg.frd	d0b3c9e1bce693712f6a54e5a3d0236ff40c9eb1
d0bc46f2578e__penhoi__beampic.frd	https://github.com/penhoi/SGX-DBI/blob/HEAD/misc/exp_eval/spec2006/454.calculix/beampic.frd	d0bc46f2578e151352b4715ac19ea647b2345738
d0bc46f2578e__ratel-enclave__beampic.frd	https://github.com/ratel-enclave/ratel/blob/HEAD/misc/exp_eval/spec2006/454.calculix/beampic.frd	d0bc46f2578e151352b4715ac19ea647b2345738
d1055fc5f4b2__romain-o__DS315-8_30deg.frd	https://github.com/romain-o/FindMyCrossover/blob/HEAD/data/Woofers/FRD/30deg/DS315-8_30deg.frd	d1055fc5f4b294cd97506d3a36b1962a222a6bfd
d106f1a7e0e7__romain-o__ND105-4_45deg.frd	https://github.com/romain-o/FindMyCrossover/blob/HEAD/data/Woofers/FRD/45deg/ND105-4_45deg.frd	d106f1a7e0e7c9067e4544b337d1e7f41e582d02
d28efec7701c__romain-o__ND28F-6_45deg.frd	https://github.com/romain-o/FindMyCrossover/blob/HEAD/data/Tweeters/FRD/45deg/ND28F-6_45deg.frd	d28efec7701c9587afdc78a2552e232def6e45da
d2e71e89464f__rbkmoney__amount.frd	https://github.com/rbkmoney/fraudo/blob/HEAD/src/test/resources/rules/p2p/amount.frd	d2e71e89464fafa281bc883208f5dce9548e9b7d
d31e88f37484__romain-o__RS270-8_45deg.frd	https://github.com/romain-o/FindMyCrossover/blob/HEAD/data/Woofers/FRD/45deg/RS270-8_45deg.frd	d31e88f37484f06b0a203444423e4797c5300ce1
d31fa8db82f8__romain-o__SB17MFC35-8_60deg.frd	https://github.com/romain-o/FindMyCrossover/blob/HEAD/data/Woofers/FRD/60deg/SB17MFC35-8_60deg.frd	d31fa8db82f82f253ad7394085f3b2b61b08e631
d3592c6810b4__2832347486__thermomech_flow1D.frd	https://github.com/2832347486/free-cad/blob/HEAD/src/Mod/Fem/femtest/data/calculix/thermomech_flow1D.frd	d3592c6810b43fa18ce981ef72e874612f16517a
d3592c6810b4__CPP-FreeCAD-Null-Pointer-Exception__thermomech_flow1D.frd	https://github.com/CPP-FreeCAD-Null-Pointer-Exception/FreeCAD/blob/HEAD/src/Mod/Fem/femtest/data/calculix/thermomech_flow1D.frd	d3592c6810b43fa18ce981ef72e874612f16517a
d3592c6810b4__FynnFrei__thermomech_flow1D.frd	https://github.com/FynnFrei/pycad/blob/HEAD/FreeCAD 0.20/Mod/Fem/femtest/data/calculix/thermomech_flow1D.frd	d3592c6810b43fa18ce981ef72e874612f16517a
d3592c6810b4__OldStreetll__thermomech_flow1D.frd	https://github.com/OldStreetll/FC0191/blob/HEAD/FreeCAD-0.19.1/src/Mod/Fem/femtest/data/calculix/thermomech_flow1D.frd	d3592c6810b43fa18ce981ef72e874612f16517a
d3592c6810b4__Power-Progress-Community__Flow1D_thermomech.frd	https://github.com/Power-Progress-Community/freecad-18/blob/HEAD/src/Mod/Fem/femtest/testfiles/ccx/Flow1D_thermomech.frd	d3592c6810b43fa18ce981ef72e874612f16517a
d3592c6810b4__Sino-Data__Flow1D_thermomech.frd	https://github.com/Sino-Data/freecad/blob/HEAD/src/Mod/Fem/femtest/testfiles/ccx/Flow1D_thermomech.frd	d3592c6810b43fa18ce981ef72e874612f16517a
d3592c6810b4__Zaubentrucker__Flow1D_thermomech.frd	https://github.com/Zaubentrucker/FreeCAD/blob/HEAD/src/Mod/Fem/femtest/data/ccx/Flow1D_thermomech.frd	d3592c6810b43fa18ce981ef72e874612f16517a
d3592c6810b4__berndhahnebach__Flow1D_thermomech.frd	https://github.com/berndhahnebach/All_FreeCAD/blob/HEAD/src/Mod/Fem/femtest/data/ccx/Flow1D_thermomech.frd	d3592c6810b43fa18ce981ef72e874612f16517a
d3592c6810b4__felixlee868__thermomech_flow1D.frd	https://github.com/felixlee868/FreeCAD/blob/HEAD/src/Mod/Fem/femtest/data/calculix/thermomech_flow1D.frd	d3592c6810b43fa18ce981ef72e874612f16517a
d3592c6810b4__merlinepedra__thermomech_flow1D.frd	https://github.com/merlinepedra/FREECAD/blob/HEAD/src/Mod/Fem/femtest/data/calculix/thermomech_flow1D.frd	d3592c6810b43fa18ce981ef72e874612f16517a
d3592c6810b4__wsteffe__thermomech_flow1D.frd	https://github.com/wsteffe/layoutDD_FreeCAD/blob/HEAD/Mod/Fem/femtest/data/calculix/thermomech_flow1D.frd	d3592c6810b43fa18ce981ef72e874612f16517a
d3592c6810b4__yorikvanhavre__Flow1D_thermomech.frd	https://github.com/yorikvanhavre/FreeCAD-old/blob/HEAD/src/Mod/Fem/femtest/testfiles/ccx/Flow1D_thermomech.frd	d3592c6810b43fa18ce981ef72e874612f16517a
d40905190bef__derek-kdev__cantilever.frd	https://github.com/derek-kdev/EngineeringOS/blob/HEAD/infrastructure/solvers/calculix/work/cantilever.frd	d40905190bef88cca5b8c28180a04531cc1b6cab
d43571563562__Alex-tru__conv_limit_2e-02_beam2.frd	https://github.com/Alex-tru/MSc-Thesis/blob/HEAD/test/conv_studies/convergence_limit/convergence_limit_dt2e-02/conv_limit_2e-02_beam2.frd	d435715635629b69ddd5d71c16e79f4327d6e473
d436df9df35f__romain-o__RS52AN-8_15deg.frd	https://github.com/romain-o/FindMyCrossover/blob/HEAD/data/Midranges/FRD/15deg/RS52AN-8_15deg.frd	d436df9df35f3ffbcbd2e2ad5369f306fd892ac1
d46507800764__romain-o__PS95-8_45deg.frd	https://github.com/romain-o/FindMyCrossover/blob/HEAD/data/Woofers/FRD/45deg/PS95-8_45deg.frd	d46507800764267beb53293696bae4f0087bf56a
d53e7de79930__Estia-advanced-programming__missing_column2.frd	https://github.com/Estia-advanced-programming/test-generator/blob/HEAD/Data/Errors/testFiles/missing_column2.frd	d53e7de79930ecef0e7a49ddc015581492679a97
d5dc02b12ebd__modernecotech__bogie-frame-screen.frd	https://github.com/modernecotech/OpenSourceRail/blob/HEAD/design/component-catalogue/catalog/fea/bogie-frame-screen/bogie-frame-screen.frd	d5dc02b12ebd41bd0681d2bff7c980a64055d42b
d5f397106c6e__romain-o__R2604-832000_0deg.frd	https://github.com/romain-o/FindMyCrossover/blob/HEAD/data/Tweeters/FRD/0deg/R2604-832000_0deg.frd	d5f397106c6ec508cae2a5652d4d0ec1049d6f07
d64bf9fac1c4__GregTrevellick__GitIgnore.frd	https://github.com/GregTrevellick/FilesForEveryExtension/blob/HEAD/ByLetter/F/GitIgnore.FRD	d64bf9fac1c40777180eead3e0bf0f768c8530b9
d7392136cb68__pierreaubert__Aalto_3_Active_Pro_ver_-80.frd	https://github.com/pierreaubert/spinorama/blob/HEAD/datas/measurements/Aalto Speakers Aalto 3 Active Pro/vendor/Originals/Aalto 3 Active Pro ver -80.frd	d7392136cb688a56eb0582c3f553bbefb84c28ba
d7ed831cb56e__jonronen__woofer.frd	https://github.com/jonronen/speaker-measurements/blob/HEAD/SB12PFCR25-4 and SB21RDCN-4/woofer.frd	d7ed831cb56e6c7764f1bd809184b4398acc11cf
d7fdd94d82b1__rbkmoney__sum_chargeback_refund.frd	https://github.com/rbkmoney/fraudo/blob/HEAD/src/test/resources/rules/sum_chargeback_refund.frd	d7fdd94d82b191383665f35b1fb932e0247fea1a
d7fdd94d82b1__valitydev__sum_chargeback_refund.frd	https://github.com/valitydev/fraudo/blob/HEAD/src/test/resources/rules/sum_chargeback_refund.frd	d7fdd94d82b191383665f35b1fb932e0247fea1a
d8175cdf738b__CS-SI__champ_201709-small.frd	https://github.com/CS-SI/Orekit/blob/HEAD/src/test/resources/ilrs/champ_201709-small.frd	d8175cdf738b6f55f7817c7fff0763546def320d
d851faef77ce__Alex-tru__conv_limit_2e-02_beam2.frd	https://github.com/Alex-tru/MSc-Thesis/blob/HEAD/test/conv_studies/convergence_limit/convergence_limit_dt1e-02/conv_limit_2e-02_beam2.frd	d851faef77ced56845413acc56bc443d28628f31
d865863a5994__romain-o__AMTPRO-4_0deg.frd	https://github.com/romain-o/FindMyCrossover/blob/HEAD/data/Tweeters/FRD/0deg/AMTPRO-4_0deg.frd	d865863a59941ea090e26e5cab2bfdc10cb14d1b
d909f79ced73__romain-o__RS150P-8A_45deg.frd	https://github.com/romain-o/FindMyCrossover/blob/HEAD/data/Woofers/FRD/45deg/RS150P-8A_45deg.frd	d909f79ced73be20f2eddaec2192bb886f1f42c5
d9960156338c__nicwulab__250201_005.frd	https://github.com/nicwulab/oPool_display/blob/HEAD/oPool_display/experimental_data/validation/BLI/oPool_competition_validation/MI15_H1/250201_005.frd	d9960156338c1c3624dfddfb4a2c4c07a1135a70
d99bbf336e49__spolanski__Fine_Lin_Tet.frd	https://github.com/spolanski/CoFEA/blob/HEAD/benchmarks/02-cooks-membrane/calculix/poisson_0_49/Fine_Lin_Tet/Fine_Lin_Tet.frd	d99bbf336e49facb9d1cf57d030e0e5d2577d140
da416376667c__romain-o__TCP115-4_15deg.frd	https://github.com/romain-o/FindMyCrossover/blob/HEAD/data/Woofers/FRD/15deg/TCP115-4_15deg.frd	da416376667ce9fc44133e99629d578ae33d264f
da42587275da__DriftingOtter__Frequnecy_Response.frd	https://github.com/DriftingOtter/Project-Resonator/blob/HEAD/BA Driver Spec Sheets/Knowles_TWFK_30017/Frequnecy_Response.frd	da42587275daa28dcf00ce13afcd34c79f369c7c
db21a9de301f__Katona-lab__230125_005.frd	https://github.com/Katona-lab/BayesLayerAnalyst/blob/HEAD/20230125_AR2G_1OLD/Experiment_1/230125_005.frd	db21a9de301fde500c560fbeb870e8b7694623f1
db23d8f24422__Johnlon__SB19ST-C000-4_DIGITISED@0.frd	https://github.com/Johnlon/speaker/blob/HEAD/research/speakers/datafiles/SB19ST-C000-4/FRD/SB19ST-C000-4_DIGITISED@0.frd	db23d8f24422b19a30f81b92240e0d12dc3572e4
db82a4d5c597__gabrielkern__test_beam.frd	https://github.com/gabrielkern/DBF_Aero_Code/blob/HEAD/test_beam.frd	db82a4d5c597b7e2c4b743d15973772650545765
dbb049efa83a__romain-o__DC130BS-8_45deg.frd	https://github.com/romain-o/FindMyCrossover/blob/HEAD/data/Woofers/FRD/45deg/DC130BS-8_45deg.frd	dbb049efa83ab77d2154617203a0519beca116cf
dbcadff760c3__JustinVijar__composite_keys.frd	https://github.com/JustinVijar/FreeERD/blob/HEAD/examples/composite_keys.frd	dbcadff760c3f7e64cccc2714c33869e4bcfe66d
dbd49c95b0e1__modernecotech__train-to-train-joint-lateral-sway-screen.frd	https://github.com/modernecotech/OpenSourceRail/blob/HEAD/design/component-catalogue/catalog/fea/train-to-train-joint-lateral-sway-screen/train-to-train-joint-lateral-sway-screen.frd	dbd49c95b0e1c281557701733a2cd336a8181e63
dbeb6672baab__DriftingOtter__Frequnecy_Response.frd	https://github.com/DriftingOtter/Project-Resonator/blob/HEAD/BA Driver Spec Sheets/Knowles_RDI_34006/Frequnecy_Response.frd	dbeb6672baab92cf89bb1dcd164eb2d4647ea7df
dc2661ee5739__romain-o__RS125-8_0deg.frd	https://github.com/romain-o/FindMyCrossover/blob/HEAD/data/Woofers/FRD/0deg/RS125-8_0deg.frd	dc2661ee57398fa62f0dd7cdc7722f3043619963
dc3c8a06434b__mckayreedmoore__cube.frd	https://github.com/mckayreedmoore/mini-moonboard/blob/HEAD/fea/mortar_kinematic_build/cube-9bidnnnr/mortar_0p25-upstream/cube.frd	dc3c8a06434babce35d73875a0a500616f2344b3
dc541716bfb5__Estia-advanced-programming__avgAlt_1.frd	https://github.com/Estia-advanced-programming/estia-advanced-programming-2025-pandora-2025-pandora-starterpack/blob/HEAD/test/resources/milestones/1/avgAlt/avgAlt_1.frd	dc541716bfb5c165826781d9d59fc60d16d27fad
dc58f649b848__romain-o__AMTHR-4_DATS_0deg.frd	https://github.com/romain-o/FindMyCrossover/blob/HEAD/data/Tweeters/FRD/0deg/AMTHR-4 DATS_0deg.frd	dc58f649b8488fe38bfe2ce093ca1ecd711957a8
dc792348c3c8__spolanski__coarse-quad-hex.frd	https://github.com/spolanski/CoFEA/blob/HEAD/benchmarks/04-eliptic-membrane/results/Results_Calculix/coarse-quad-hex/coarse-quad-hex.frd	dc792348c3c8268b94bdd841af8a91d80b75c597
dc8cb7098485__vicentebolea__V3V100004_007-0011.frd	https://github.com/vicentebolea/nrtk_explorer_datasets/blob/HEAD/OIRDS_v1_0/DataSet_1/metadata/V3V100004_007-0011.frd	dc8cb70984853d2a73d13efae5a3252ea42ac588
dcf76e171e00__romain-o__AMTHR-4_DATS_45deg.frd	https://github.com/romain-o/FindMyCrossover/blob/HEAD/data/Tweeters/FRD/45deg/AMTHR-4 DATS_45deg.frd	dcf76e171e0035a503593f769b847e80bef603e2
dd0bec7675d4__CPP-FreeCAD-Null-Pointer-Exception__box_frequency.frd	https://github.com/CPP-FreeCAD-Null-Pointer-Exception/FreeCAD/blob/HEAD/src/Mod/Fem/femtest/data/calculix/box_frequency.frd	dd0bec7675d42267ee888cbb6b6b28d96b54e726
dd0bec7675d4__Dimitris75__box_frequency.frd	https://github.com/Dimitris75/neoCAM/blob/HEAD/src/Mod/Fem/femtest/data/calculix/box_frequency.frd	dd0bec7675d42267ee888cbb6b6b28d96b54e726
dd0bec7675d4__FynnFrei__box_frequency.frd	https://github.com/FynnFrei/pycad/blob/HEAD/FreeCAD 0.20/Mod/Fem/femtest/data/calculix/box_frequency.frd	dd0bec7675d42267ee888cbb6b6b28d96b54e726
dd0bec7675d4__OldStreetll__box_frequency.frd	https://github.com/OldStreetll/FC0191/blob/HEAD/FreeCAD-0.19.1/src/Mod/Fem/femtest/data/calculix/box_frequency.frd	dd0bec7675d42267ee888cbb6b6b28d96b54e726
dd0bec7675d4__Power-Progress-Community__cube_frequency.frd	https://github.com/Power-Progress-Community/freecad-18/blob/HEAD/src/Mod/Fem/femtest/testfiles/ccx/cube_frequency.frd	dd0bec7675d42267ee888cbb6b6b28d96b54e726
dd0bec7675d4__Sino-Data__cube_frequency.frd	https://github.com/Sino-Data/freecad/blob/HEAD/src/Mod/Fem/femtest/testfiles/ccx/cube_frequency.frd	dd0bec7675d42267ee888cbb6b6b28d96b54e726
dd0bec7675d4__Zaubentrucker__cube_frequency.frd	https://github.com/Zaubentrucker/FreeCAD/blob/HEAD/src/Mod/Fem/femtest/data/ccx/cube_frequency.frd	dd0bec7675d42267ee888cbb6b6b28d96b54e726
dd0bec7675d4__berndhahnebach__cube_frequency.frd	https://github.com/berndhahnebach/All_FreeCAD/blob/HEAD/src/Mod/Fem/femtest/data/ccx/cube_frequency.frd	dd0bec7675d42267ee888cbb6b6b28d96b54e726
dd0bec7675d4__felixlee868__box_frequency.frd	https://github.com/felixlee868/FreeCAD/blob/HEAD/src/Mod/Fem/femtest/data/calculix/box_frequency.frd	dd0bec7675d42267ee888cbb6b6b28d96b54e726
dd0bec7675d4__kkremitzki__box_frequency.frd	https://github.com/kkremitzki/freecad-slimmed/blob/HEAD/src/Mod/Fem/femtest/data/calculix/box_frequency.frd	dd0bec7675d42267ee888cbb6b6b28d96b54e726
dd0bec7675d4__merlinepedra__box_frequency.frd	https://github.com/merlinepedra/FREECAD/blob/HEAD/src/Mod/Fem/femtest/data/calculix/box_frequency.frd	dd0bec7675d42267ee888cbb6b6b28d96b54e726
dd0bec7675d4__wsteffe__box_frequency.frd	https://github.com/wsteffe/layoutDD_FreeCAD/blob/HEAD/Mod/Fem/femtest/data/calculix/box_frequency.frd	dd0bec7675d42267ee888cbb6b6b28d96b54e726
dd0bec7675d4__yorikvanhavre__cube_frequency.frd	https://github.com/yorikvanhavre/FreeCAD-old/blob/HEAD/src/Mod/Fem/femtest/testfiles/ccx/cube_frequency.frd	dd0bec7675d42267ee888cbb6b6b28d96b54e726
dd13f7b28edb__Alex-tru__conv_limit_1e-06_beam2.frd	https://github.com/Alex-tru/MSc-Thesis/blob/HEAD/test/conv_studies/convergence_limit/convergence_limit_dt1e-02/conv_limit_1e-06_beam2.frd	dd13f7b28edb47774bf3045e4d8d7c395a39ade1
dd1f051e4539__StephenGhool__PS95-8@15.frd	https://github.com/StephenGhool/Speaker-Box-Design/blob/HEAD/Full-range/295-349--Dayton-Audio-PS95-8_data/FRD/PS95-8@15.frd	dd1f051e4539d112938362754ab73a63e1f2486c
dd9656b16a67__lpaiu-cs__8834_apollo15_crd_250307_1746_0.frd	https://github.com/lpaiu-cs/self-mass-unobservability/blob/HEAD/data/request4_llr/monthly_split_probe_apollo15_202503/8834_apollo15_crd_250307_1746_0.frd	dd9656b16a67ee8d6078c31ff57a56394790638a
de25c727bddb__pierreaubert__Aalto_3_Passive_ver_30.frd	https://github.com/pierreaubert/spinorama/blob/HEAD/datas/measurements/Aalto Speakers Aalto 3 Passive/vendor/Originals/Aalto 3 Passive ver 30.frd	de25c727bddb9b3a7d7810ee78f809c384026d9f
de46c09395c5__Alex-tru__conv_limit_3e-02_beam1.frd	https://github.com/Alex-tru/MSc-Thesis/blob/HEAD/test/conv_studies/convergence_limit/convergence_limit_dt2e-02/conv_limit_3e-02_beam1.frd	de46c09395c5be657d306addc0b3aadc1c66b36f
decaaaffff5c__romain-o__12SW-4HE_0deg.frd	https://github.com/romain-o/FindMyCrossover/blob/HEAD/data/Woofers/FRD/0deg/12SW-4HE_0deg.frd	decaaaffff5ce88bafad0ac8d4e048573c65dfad
df0e9763e36b__derpaule__20200529xSAXxNB1AxRBDHisxTITx0901_006.frd	https://github.com/derpaule/Ty1_octet_itc/blob/HEAD/data_octet/20200529xSAXxNB1AxRBDHisxTITx0901/20200529xSAXxNB1AxRBDHisxTITx0901_006.frd	df0e9763e36b1baaae5ecee99ccdfa2348f777ad
df69a850fdf4__Katona-lab__230125_004.frd	https://github.com/Katona-lab/BayesLayerAnalyst/blob/HEAD/20230125_AR2G_1OLD/Experiment_1/230125_004.frd	df69a850fdf45b5b6c121cc5453bc0fea1434ccc
dfba7453abd9__romain-o__SIG225-4_0deg.frd	https://github.com/romain-o/FindMyCrossover/blob/HEAD/data/Woofers/FRD/0deg/SIG225-4_0deg.frd	dfba7453abd9e5c24dae86060bc03f2804e6cd02
dfd684bc6cd9__mbrennwa__MonkeyCoffin20181229_VM752_1m_hor_-60.frd	https://github.com/mbrennwa/osmcdoc/blob/HEAD/plots/raw_drivers/spliced_curves/MonkeyCoffin20181229_VM752_1m_hor_-60.frd	dfd684bc6cd924e581d3ececebb64cba04236483
e0090f6d2424__makkemal__Test_CreepStrain.frd	https://github.com/makkemal/NGIMASEM/blob/HEAD/Testprobs/Test_CreepStrain.frd	e0090f6d2424ce9e5967f0b07330d1e0181adf97
e05acf397739__of-matches__RST28F-4@15.frd	https://github.com/of-matches/FreedomSystem/blob/HEAD/DriverDatabase/Manufacturer Data/RST28F-4_data/FRD/RST28F-4@15.frd	e05acf3977392b4b7eb9c882eb84a108886aaea8
e06e8ae171ad__alephobjects__cube_static.frd	https://github.com/alephobjects/freecad/blob/HEAD/src/Mod/Fem/test_files/ccx/cube_static.frd	e06e8ae171ad7ee7f9a226121337b45f89292248
e06e8ae171ad__eivindkv__cube_static.frd	https://github.com/eivindkv/FreeCAD2/blob/HEAD/src/Mod/Fem/test_files/ccx/cube_static.frd	e06e8ae171ad7ee7f9a226121337b45f89292248
e129f054ff1e__valitydev__sumError.frd	https://github.com/valitydev/fraudo/blob/HEAD/src/test/resources/rules/sumError.frd	e129f054ff1e7c2db9109710f91e67e2a7b297b4
e1920e10196e__CS-SI__Rollover.frd	https://github.com/CS-SI/Orekit/blob/HEAD/src/test/resources/ilrs/Rollover.frd	e1920e10196e6f4263c16d3f3b3f853b0ccbe74c
e1920e10196e__Unity-Billal-mesloub__Rollover.frd	https://github.com/Unity-Billal-mesloub/Orekit./blob/HEAD/src/test/resources/ilrs/Rollover.frd	e1920e10196e6f4263c16d3f3b3f853b0ccbe74c
e1e31fa3e0a7__vicentebolea__V3V100004_009-0067.frd	https://github.com/vicentebolea/nrtk_explorer_datasets/blob/HEAD/OIRDS_v1_0/DataSet_1/metadata/V3V100004_009-0067.frd	e1e31fa3e0a7cb2c11ad0fe5a065713d90a6bb60
e226f2881d5a__Alex-tru__conv_limit_1e-05_beam2.frd	https://github.com/Alex-tru/MSc-Thesis/blob/HEAD/test/conv_studies/convergence_limit/convergence_limit_dt1e-02/conv_limit_1e-05_beam2.frd	e226f2881d5a9ddc8d5c4fe523f59d99463e74ed
e2414775a2b7__sssata__ND16FA-6@15.frd	https://github.com/sssata/BluetoothSpeaker0.1/blob/HEAD/Crossover/!FRD&ZMA/Data!crossover v2/ND16FA-6@15.frd	e2414775a2b73a20104795e126c4d54387fba947
e2af05606148__romain-o__DC130B-8_30deg.frd	https://github.com/romain-o/FindMyCrossover/blob/HEAD/data/Woofers/FRD/30deg/DC130B-8_30deg.frd	e2af0560614860ee70b56ab27fc48e305eb0edd9
e2c1574fc571__Alex-tru__conv_limit_1e-04_beam1.frd	https://github.com/Alex-tru/MSc-Thesis/blob/HEAD/test/conv_studies/convergence_limit/convergence_limit_dt5e-02/conv_limit_1e-04_beam1.frd	e2c1574fc571872f0759a298f2479eb030aa5e84
e307378be5f8__romain-o__DC380-8_45deg.frd	https://github.com/romain-o/FindMyCrossover/blob/HEAD/data/Woofers/FRD/45deg/DC380-8_45deg.frd	e307378be5f8b15545f1b3244c7322b35e761e64
e368e2796906__romain-o__ND20FB-4_30deg.frd	https://github.com/romain-o/FindMyCrossover/blob/HEAD/data/Tweeters/FRD/30deg/ND20FB-4_30deg.frd	e368e2796906849db2bd5c665715b074c49dc1b6
e379a1aa467a__StephenGhool__RS100-4@15.frd	https://github.com/StephenGhool/Speaker-Box-Design/blob/HEAD/Full-range/295-378--Dayton-Audio-RS100-4_data/FRD/RS100-4@15.frd	e379a1aa467ab339437de942f192c8fe73ab9a33
e3e6f6353405__Finnitio__sum.frd	https://github.com/Finnitio/06-EQ-Optimizer/blob/HEAD/output/peq_verification/sum.frd	e3e6f635340506af1ed132e934c3575e56b8c3d9
e41f377b2a8d__sssata__ND91-4@15.frd	https://github.com/sssata/BluetoothSpeaker0.1/blob/HEAD/Crossover/!FRD&ZMA/Data!crossover v2/ND91-4@15.frd	e41f377b2a8d73c6e70d0ee85a4b004d41998054
e4b69fad2df6__pierreaubert__Aalto_3_Passive_ver_60.frd	https://github.com/pierreaubert/spinorama/blob/HEAD/datas/measurements/Aalto Speakers Aalto 3 Passive/vendor/Originals/Aalto 3 Passive ver 60.frd	e4b69fad2df65cbf5a9129b2b89a2511726801d5
e4d5ca51dd5a__romain-o__PT2C-8_15deg.frd	https://github.com/romain-o/FindMyCrossover/blob/HEAD/data/Tweeters/FRD/15deg/PT2C-8_15deg.frd	e4d5ca51dd5ac6354e3ea5e741aae3f66c8fca40
e552f6cfbb71__spolanski__fine-lin-hex.frd	https://github.com/spolanski/CoFEA/blob/HEAD/benchmarks/05-hemispherical-shell-point-load/model_setup/Model_Calculix/Results/fine-lin-hex/fine-lin-hex.frd	e552f6cfbb71ce30b6b3ce4fcad7295795120675
e555284c128a__romain-o__TCP115-8_30deg.frd	https://github.com/romain-o/FindMyCrossover/blob/HEAD/data/Woofers/FRD/30deg/TCP115-8_30deg.frd	e555284c128a8027b323fcd5b07ecb1c0b6bca9a
e555284c128a__romain-o__TPC115-8_30deg.frd	https://github.com/romain-o/FindMyCrossover/blob/HEAD/data/Woofers/FRD/30deg/TPC115-8_30deg.frd	e555284c128a8027b323fcd5b07ecb1c0b6bca9a
e5865563e5ef__nikossvr__magphcd.frd	https://github.com/nikossvr/beta12cx_monitor/blob/HEAD/magphcd.frd	e5865563e5ef7cd5bd7fffa1d38f713a459c3c4c
e5a1ea91fe04__spolanski__fine-lin-hex.frd	https://github.com/spolanski/CoFEA/blob/HEAD/benchmarks/04-eliptic-membrane/results/Results_Calculix/fine-lin-hex/fine-lin-hex.frd	e5a1ea91fe04a445ec03e3861b00476bd0cc4e3d
e5a1ea91fe04__spolanski__model.frd	https://github.com/spolanski/CoFEA/blob/HEAD/benchmarks/04-eliptic-membrane/model_setup/Model_CalculiX/model.frd	e5a1ea91fe04a445ec03e3861b00476bd0cc4e3d
e61334d1597d__joachimth__tweeter_v9.frd	https://github.com/joachimth/mk3-reference-loudspeaker/blob/HEAD/simulations/frd/tweeter_v9.frd	e61334d1597d235a83a896f1b45ec6b9c03c10fa
e64e0c945a47__romain-o__RC180-55_0deg.frd	https://github.com/romain-o/FindMyCrossover/blob/HEAD/data/Woofers/FRD/0deg/RC180-55_0deg.frd	e64e0c945a479e660b2e4fb399c8fb1c884df70f
e6512aac1434__tnakaicode__pipe-crush-elastic.frd	https://github.com/tnakaicode/PlotGallery/blob/HEAD/ccx_gallery/pipe-crush-elastic.frd	e6512aac1434ce99b3e35c557ce98245dd0e3fd1
e668df3c7817__mckayreedmoore__cube.frd	https://github.com/mckayreedmoore/mini-moonboard/blob/HEAD/fea/mortar_build/baseline-cube-zf7wgycd/mortar_0p125-packaged-new-libraries/cube.frd	e668df3c78175d4bf52a93a5dac15568e193c2ff
e668df3c7817__mckayreedmoore__cube.frd	https://github.com/mckayreedmoore/mini-moonboard/blob/HEAD/fea/mortar_build/baseline-cube-zf7wgycd/mortar_0p125-upstream/cube.frd	e668df3c78175d4bf52a93a5dac15568e193c2ff
e6b50a160da0__lpaiu-cs__8834_apollo15_crd_250308_1942_0.frd	https://github.com/lpaiu-cs/self-mass-unobservability/blob/HEAD/data/request4_llr/monthly_split_probe_apollo15_202503/8834_apollo15_crd_250308_1942_0.frd	e6b50a160da08404422c8ca93f9b8cbcfcd85e6a
e6bd8b991e2d__mbrennwa__MonkeyCoffin20181229_12PR320_1m_hor_0.frd	https://github.com/mbrennwa/osmcdoc/blob/HEAD/plots/raw_drivers/spliced_curves/MonkeyCoffin20181229_12PR320_1m_hor_0.frd	e6bd8b991e2d00a30e43095709837041b0394754
e6fecd9908b8__romain-o__DA175-8_30deg.frd	https://github.com/romain-o/FindMyCrossover/blob/HEAD/data/Woofers/FRD/30deg/DA175-8_30deg.frd	e6fecd9908b8323e34d7360457b33dac3d6e8bba
e73d66834076__rbkmoney__is_recurrent.frd	https://github.com/rbkmoney/fraudo/blob/HEAD/src/test/resources/rules/is_recurrent.frd	e73d6683407635d9773a1378d767d4394675c905
e73d66834076__valitydev__is_recurrent.frd	https://github.com/valitydev/fraudo/blob/HEAD/src/test/resources/rules/is_recurrent.frd	e73d6683407635d9773a1378d767d4394675c905
e781a61ec360__Alex-tru__beam1.frd	https://github.com/Alex-tru/MSc-Thesis/blob/HEAD/test/Results/28_06/Calculix1/beam1.frd	e781a61ec3604d31a650eb7434865ebc06340502
e78d1ee3c7de__pierreaubert__Aalto_3_Passive_ver_-50.frd	https://github.com/pierreaubert/spinorama/blob/HEAD/datas/measurements/Aalto Speakers Aalto 3 Passive/vendor/Originals/Aalto 3 Passive ver -50.frd	e78d1ee3c7deba10a29dabe7869c4ee49062ab85
e8ab2d1dce56__mbrennwa__MonkeyCoffin20181229_VM752_1m_hor_+75.frd	https://github.com/mbrennwa/osmcdoc/blob/HEAD/plots/raw_drivers/spliced_curves/MonkeyCoffin20181229_VM752_1m_hor_+75.frd	e8ab2d1dce56eadb68a1b48b2de3eb493a734c6b
e8fd960b82d3__Liangye9809__analysis_1.frd	https://github.com/Liangye9809/Periodic-Forced-Response-Solver/blob/HEAD/two-solid system/FEM/test_box/analysis_1.frd	e8fd960b82d3fce7db9171207003d2666b2436de
e91cefbf0df7__lpaiu-cs__8834_apollo15_crd_250307_1903_0.frd	https://github.com/lpaiu-cs/self-mass-unobservability/blob/HEAD/data/request4_llr/monthly_split_probe_apollo15_202503/8834_apollo15_crd_250307_1903_0.frd	e91cefbf0df7e55f16011a1f70f089877e2b5e31
e959ef28d635__pierreaubert__Aalto_3_Active_Pro_ver_90.frd	https://github.com/pierreaubert/spinorama/blob/HEAD/datas/measurements/Aalto Speakers Aalto 3 Active Pro/vendor/Originals/Aalto 3 Active Pro ver 90.frd	e959ef28d6358e0876a6da22becb596af1588602
ea936d90464b__romain-o__5FE120-8_0deg.frd	https://github.com/romain-o/FindMyCrossover/blob/HEAD/data/Midranges/FRD/0deg/5FE120-8_0deg.frd	ea936d90464bc181cc0f7382cb1736fc2de791f8
ea9ea4cf765f__pierreaubert__Aalto_3_Active_Pro_hor_10.frd	https://github.com/pierreaubert/spinorama/blob/HEAD/datas/measurements/Aalto Speakers Aalto 3 Active Pro/vendor/Originals/Aalto 3 Active Pro hor 10.frd	ea9ea4cf765ff487bb921d670f3a6c981acc9b08
eac8843be1b0__romain-o__DA215-8_45deg.frd	https://github.com/romain-o/FindMyCrossover/blob/HEAD/data/Woofers/FRD/45deg/DA215-8_45deg.frd	eac8843be1b02b9373095ed4b05e06410ca6cecd
eaddc1d2e643__adzetto__cantilever_calculix.frd	https://github.com/adzetto/femlabpy/blob/HEAD/benchmarks/calculix_runs/cantilever_calculix.frd	eaddc1d2e6437af90474fe2c775d284963532cba
eb07de84a033__pierreaubert__Aalto_3_Active_Pro_hor_-70.frd	https://github.com/pierreaubert/spinorama/blob/HEAD/datas/measurements/Aalto Speakers Aalto 3 Active Pro/vendor/Originals/Aalto 3 Active Pro hor -70.frd	eb07de84a0334b60f202b39610f8b23f8451061e
eb16910807b9__makkemal__Life_demo.frd	https://github.com/makkemal/NGIMASEM/blob/HEAD/Demo_prob/Life_demo.frd	eb16910807b96778addcb4b526eb861dd02ac6b9
ec15e8ab5d0f__romain-o__RS180S-8_45deg.frd	https://github.com/romain-o/FindMyCrossover/blob/HEAD/data/Woofers/FRD/45deg/RS180S-8_45deg.frd	ec15e8ab5d0fe85b68eacadfc6e4a64bc44f3cce
ec295add17e3__ziutek__D800+214x215.frd	https://github.com/ziutek/WinISD/blob/HEAD/drivers/D800+214x215.frd	ec295add17e3de00abc65135870b049bf9840f12
ec396d05ab6a__cml-3dprinting__cube_static.frd	https://github.com/cml-3dprinting/3D-Printing-Project/blob/HEAD/SourceCode/FreeCAD_x86/src/Mod/Fem/test_files/ccx/cube_static.frd	ec396d05ab6a7f98f9a6de9b7cb48e4d2df77749
ec56322f3e16__spolanski__coarse-lin-hex.frd	https://github.com/spolanski/CoFEA/blob/HEAD/benchmarks/04-eliptic-membrane/results/Results_Calculix/coarse-lin-hex/coarse-lin-hex.frd	ec56322f3e161023675acede20f1360cf742b677
ec9df1a1d782__vicentebolea__V3V100007_018-1633.frd	https://github.com/vicentebolea/nrtk_explorer_datasets/blob/HEAD/OIRDS_v1_0/DataSet_1/metadata/V3V100007_018-1633.frd	ec9df1a1d782ec4718b9aee7576c0afe308806c1
eca044c3e432__romain-o__ND20FB-4_45deg.frd	https://github.com/romain-o/FindMyCrossover/blob/HEAD/data/Tweeters/FRD/45deg/ND20FB-4_45deg.frd	eca044c3e432ba42e4333eef816f77377b8d41ce
ecb1dddf3321__lpaiu-cs__probe.frd	https://github.com/lpaiu-cs/self-mass-unobservability/blob/HEAD/data/request4_llr/mlrs_handshake_lab/data/weakfield_physics_probe/s25y11d042t0234#103/sigma1_m0.001/probe.frd	ecb1dddf33215ad1b1d471f56083214e2a382cd6
ecb1dddf3321__lpaiu-cs__probe.frd	https://github.com/lpaiu-cs/self-mass-unobservability/blob/HEAD/data/request4_llr/mlrs_handshake_lab/data/weakfield_physics_probe/s25y11d042t0234#103/sigma1_p0.001/probe.frd	ecb1dddf33215ad1b1d471f56083214e2a382cd6
ecb1dddf3321__matthewsmawfield__s25y11d042t0234#103.frd	https://github.com/matthewsmawfield/TEP-LLR/blob/HEAD/data/raw/MLRS_Lunar_Code/data/analysis/s25y11d042t0234#103.frd	ecb1dddf33215ad1b1d471f56083214e2a382cd6
ed7fda1e5217__rbkmoney__is_trusted_with_withdrawals_conditions.frd	https://github.com/rbkmoney/fraudo/blob/HEAD/src/test/resources/rules/is_trusted_with_withdrawals_conditions.frd	ed7fda1e5217348805d24e51b0582b9e006b4063
ed7fda1e5217__valitydev__is_trusted_with_withdrawals_conditions.frd	https://github.com/valitydev/fraudo/blob/HEAD/src/test/resources/rules/is_trusted_with_withdrawals_conditions.frd	ed7fda1e5217348805d24e51b0582b9e006b4063
eddf72772ed4__Estia-advanced-programming__corrupted.frd	https://github.com/Estia-advanced-programming/test-generator/blob/HEAD/Data/Errors/testFiles/corrupted.frd	eddf72772ed411125bdb239ae542ea2cd9db9193
eddf72772ed4__Estia-advanced-programming__decorrupted.frd	https://github.com/Estia-advanced-programming/test-generator/blob/HEAD/Data/Errors/testFiles/decorrupted.frd	eddf72772ed411125bdb239ae542ea2cd9db9193
edf826ac415a__romain-o__DS215-8_30deg.frd	https://github.com/romain-o/FindMyCrossover/blob/HEAD/data/Woofers/FRD/30deg/DS215-8_30deg.frd	edf826ac415a5a39cb932b491a32a12905dd2df8
edfb16f2223f__mckayreedmoore__cube.frd	https://github.com/mckayreedmoore/mini-moonboard/blob/HEAD/fea/mortar_build/baseline-cube-y1j5w_j0/mortar_0p125-upstream/cube.frd	edfb16f2223f8d2ea60e7f6dc2c26238294b28c9
ee076972ffd7__Johnlon__DC28FS-8@0.frd	https://github.com/Johnlon/speaker/blob/HEAD/research/speakers/datafiles/DC28FS-8/FRD/DC28FS-8@0.frd	ee076972ffd743559a7978a363993880a81f3be8
ee309c583f62__Johnlon__DC28F-8@45.frd	https://github.com/Johnlon/speaker/blob/HEAD/research/speakers/datafiles/DC28F-8/FRD/DC28F-8@45.frd	ee309c583f62502598d81eff571ece5e1f6c26bb
ee323d6af78b__Alex-tru__conv_limit_1e-02_beam2.frd	https://github.com/Alex-tru/MSc-Thesis/blob/HEAD/test/conv_studies/convergence_limit/convergence_limit_dt5e-02/conv_limit_1e-02_beam2.frd	ee323d6af78b11ddbcb23f3c4be24e8f2290e7c7
ee3b08b6b4eb__tobanteAudio__RSS390HF-4@0.frd	https://github.com/tobanteAudio/akustik/blob/HEAD/src/python/tests/data/dats/RSS390HF-4/FRD/RSS390HF-4@0.frd	ee3b08b6b4ebe79bd3699fe38ea1b8ec50481076
ee6b4fc0ddcc__spolanski__Coarse_Lin_Hex.frd	https://github.com/spolanski/CoFEA/blob/HEAD/benchmarks/02-cooks-membrane/calculix/poisson_0_33/Coarse_Lin_Hex/Coarse_Lin_Hex.frd	ee6b4fc0ddcc88e327bc0d8c514a055dee329a56
ee9c00d5cbd2__petrushy__crd_all_fields.frd	https://github.com/petrushy/orekit_python_artifacts/blob/HEAD/test/resources/ilrs/crd_all_fields.frd	ee9c00d5cbd21b5ff79c12815f80308d4e7e5351
eeeec4853685__Katona-lab__230125_008.frd	https://github.com/Katona-lab/BayesLayerAnalyst/blob/HEAD/20230125_AR2G_1OLD_INVERSE/Experiment_1/230125_008.frd	eeeec48536859b56232c1d656d8cdcea261ef780
eefd84ffc21e__romain-o__DA175-8_15deg.frd	https://github.com/romain-o/FindMyCrossover/blob/HEAD/data/Woofers/FRD/15deg/DA175-8_15deg.frd	eefd84ffc21e9cb2940b09ae6b47a8bb4bcf7a59
ef3ec80c47f4__romain-o__PS180-8_0deg.frd	https://github.com/romain-o/FindMyCrossover/blob/HEAD/data/Woofers/FRD/0deg/PS180-8_0deg.frd	ef3ec80c47f477ce8f1110895078644133330e7a
efcc11e0b28a__Rsantct__altavoz.frd	https://github.com/Rsantct/audiotools/blob/HEAD/docs/altavoz.frd	efcc11e0b28ab44f1b1d3037ebe46e01405fa779
efd1a7e88464__Alex-tru__conv_limit_6e-02_beam2.frd	https://github.com/Alex-tru/MSc-Thesis/blob/HEAD/test/conv_studies/convergence_limit/convergence_limit_dt1e-02/conv_limit_6e-02_beam2.frd	efd1a7e88464c309cbd94a7ee4687fcde3303831
efe2414d083d__mbrennwa__MonkeyCoffin20181229_SCANR2904WG148_1m_hor_-60.frd	https://github.com/mbrennwa/osmcdoc/blob/HEAD/plots/raw_drivers/spliced_curves/MonkeyCoffin20181229_SCANR2904WG148_1m_hor_-60.frd	efe2414d083d07f36fac37a17380d2cdf904693f
f087d84b9d9d__Liangye9809__analysis_2.frd	https://github.com/Liangye9809/Periodic-Forced-Response-Solver/blob/HEAD/two-solid system/FEM/test_box/analysis_2.frd	f087d84b9d9dd20849a6bd3fc98e6b5b19708ffe
f0b4ff4264b0__Prosper1030__current_avl_compromise_conservative_closed_lf_1p75.frd	https://github.com/Prosper1030/hpa-mdo/blob/HEAD/output/go_mode_main_wing_closed_loop_final/fem_case_package/calculix/lf_1p75/current_avl_compromise_conservative_closed_lf_1p75.frd	f0b4ff4264b0c64ffef4034cfa7ee9e69ad78acf
f0d34b639ba7__romain-o__TCP115-8_45deg.frd	https://github.com/romain-o/FindMyCrossover/blob/HEAD/data/Woofers/FRD/45deg/TCP115-8_45deg.frd	f0d34b639ba784b8eba0a611c8c4ee96bdc220b5
f0d34b639ba7__romain-o__TPC115-8_45deg.frd	https://github.com/romain-o/FindMyCrossover/blob/HEAD/data/Woofers/FRD/45deg/TPC115-8_45deg.frd	f0d34b639ba784b8eba0a611c8c4ee96bdc220b5
f13d40a9a430__derpaule__20200529xSAXxNB1AxRBDHisxTITx0901_002.frd	https://github.com/derpaule/Ty1_octet_itc/blob/HEAD/data_octet/20200529xSAXxNB1AxRBDHisxTITx0901/20200529xSAXxNB1AxRBDHisxTITx0901_002.frd	f13d40a9a4301ff490efa42087d22bad38d637b8
f16122c28a47__llama-ccx__hex_cantilever_nodes_print.frd	https://github.com/llama-ccx/llama-ccx/blob/HEAD/Llama.Test/generated/hex_cantilever/20260321-224702/hex_cantilever_nodes_print.frd	f16122c28a47ac39dee9d5cab2f7690385b48925
f19109b718f0__rbkmoney__is_trusted_with_payments_conditions.frd	https://github.com/rbkmoney/fraudo/blob/HEAD/src/test/resources/rules/is_trusted_with_payments_conditions.frd	f19109b718f06d97cfd2b2b42c8a85bbcab444eb
f19109b718f0__valitydev__is_trusted_with_payments_conditions.frd	https://github.com/valitydev/fraudo/blob/HEAD/src/test/resources/rules/is_trusted_with_payments_conditions.frd	f19109b718f06d97cfd2b2b42c8a85bbcab444eb
f1e9c16e17e5__romain-o__DSA175-8_30deg.frd	https://github.com/romain-o/FindMyCrossover/blob/HEAD/data/Woofers/FRD/30deg/DSA175-8_30deg.frd	f1e9c16e17e58335c2be4fd59977a7846788a5a4
f276fb06170e__jonronen__tweeter_diffraction.frd	https://github.com/jonronen/speaker-measurements/blob/HEAD/Morel CAW938/tweeter diffraction.frd	f276fb06170e395baaf8e8af001c863229cebb08
f2fab997079f__romain-o__SIG225-4_30deg.frd	https://github.com/romain-o/FindMyCrossover/blob/HEAD/data/Woofers/FRD/30deg/SIG225-4_30deg.frd	f2fab997079fcc6e3cb31acc22b60190d8aa662f
f345784e40cf__modernecotech__train-to-train-joint-vertical-screen.frd	https://github.com/modernecotech/OpenSourceRail/blob/HEAD/design/component-catalogue/catalog/fea/train-to-train-joint-vertical-screen/train-to-train-joint-vertical-screen.frd	f345784e40cf840991c2e35155db520df071503f
f357f631f304__pierreaubert__Aalto_3_Passive_ver_10.frd	https://github.com/pierreaubert/spinorama/blob/HEAD/datas/measurements/Aalto Speakers Aalto 3 Passive/vendor/Originals/Aalto 3 Passive ver 10.frd	f357f631f30448a3a7db48658c03a963b0119e9d
f49c0a230a2f__Alex-tru__conv_limit_1e-08_beam2.frd	https://github.com/Alex-tru/MSc-Thesis/blob/HEAD/test/conv_studies/convergence_limit/convergence_limit_dt1e-02/conv_limit_1e-08_beam2.frd	f49c0a230a2fd11bd16aca40068b292230335f2b
f4baf1b5d44a__romain-o__RS225P-4A_45deg.frd	https://github.com/romain-o/FindMyCrossover/blob/HEAD/data/Woofers/FRD/45deg/RS225P-4A_45deg.frd	f4baf1b5d44ad4bb6a59ea327f7cba76f8f77c38
f5e0d7778f1d__pierreaubert__Aalto_3_Active_Pro_hor_-170.frd	https://github.com/pierreaubert/spinorama/blob/HEAD/datas/measurements/Aalto Speakers Aalto 3 Active Pro/vendor/Originals/Aalto 3 Active Pro hor -170.frd	f5e0d7778f1d4afe5f7ac7d14d9f09ef75b4290f
f60c5e75c68c__modernecotech__chassis-aw3-proof-screen.frd	https://github.com/modernecotech/OpenSourceRail/blob/HEAD/design/component-catalogue/catalog/fea/chassis-aw3-proof-screen/chassis-aw3-proof-screen.frd	f60c5e75c68c6a61a2609775224f0b4f269f4d80
f633a2294065__lpaiu-cs__8834_apollo15_crd_250307_1756_0.frd	https://github.com/lpaiu-cs/self-mass-unobservability/blob/HEAD/data/request4_llr/monthly_split_probe_apollo15_202503/8834_apollo15_crd_250307_1756_0.frd	f633a229406591abe19f40ab55321cb7ec1d3f0f
f63dc295d025__JustinVijar__test_errors.frd	https://github.com/JustinVijar/FreeERD/blob/HEAD/examples/test_errors.frd	f63dc295d0251545b9c69a96eaa319e6be6afbf3
f6becd2c7403__derpaule__20200529xSAXxNB1AxRBDHisxTITx1001_003.frd	https://github.com/derpaule/Ty1_octet_itc/blob/HEAD/data_octet/20200529xSAXxNB1AxRBDHisxTITx1001/20200529xSAXxNB1AxRBDHisxTITx1001_003.frd	f6becd2c740389419e5fdda3cae2a95df77c3167
f72f174a6c5c__wangafei__cube_frequency.frd	https://github.com/wangafei/FreeCad/blob/HEAD/src/Mod/Fem/test_files/ccx/cube_frequency.frd	f72f174a6c5c72b4013bacacd79520266184e7c8
f7d9eb67e3da__tnakaicode__dam.frd	https://github.com/tnakaicode/PlotGallery/blob/HEAD/ccx_gallery/dam.frd	f7d9eb67e3da0540f50636547ff3c31de79fae5c
f7f995f11bc3__romain-o__AMTMini-8_15deg.frd	https://github.com/romain-o/FindMyCrossover/blob/HEAD/data/Tweeters/FRD/15deg/AMTMini-8_15deg.frd	f7f995f11bc3c47ea422b3a589c2fea6b07ca4bf
f81f3bba7cec__Alex-tru__conv_limit_1e-03_beam2.frd	https://github.com/Alex-tru/MSc-Thesis/blob/HEAD/test/conv_studies/convergence_limit/convergence_limit_dt1e-02/conv_limit_1e-03_beam2.frd	f81f3bba7cecf1d9f1f449efa01c7370fbf38f81
f8666e111b62__Dhondtguido__twobeam.frd	https://github.com/Dhondtguido/CalculiX/blob/HEAD/test/twobeam.frd	f8666e111b62e038b24f93c2764c8ff39cfa9b10
f8666e111b62__Konstantin8105__twobeam.frd	https://github.com/Konstantin8105/inp/blob/HEAD/testdata/twobeam.frd	f8666e111b62e038b24f93c2764c8ff39cfa9b10
f8666e111b62__jwharington__twobeam.frd	https://github.com/jwharington/CalculiX/blob/HEAD/test/twobeam.frd	f8666e111b62e038b24f93c2764c8ff39cfa9b10
f8909802a0f5__lpaiu-cs__8834_apollo15_crd_250306_2030_0.frd	https://github.com/lpaiu-cs/self-mass-unobservability/blob/HEAD/data/request4_llr/monthly_split_probe_apollo15_202503/8834_apollo15_crd_250306_2030_0.frd	f8909802a0f559ab1797b9d855d03b0ab85b499a
f921ad3ed434__vicentebolea__V3V100008_006-0754.frd	https://github.com/vicentebolea/nrtk_explorer_datasets/blob/HEAD/OIRDS_v1_0/DataSet_1/metadata/V3V100008_006-0754.frd	f921ad3ed4343035cc393506fd98c77d0f97c667
f997fe1145df__Johnlon__SB21SDCN-C000-4_DIGITISED@0.frd	https://github.com/Johnlon/speaker/blob/HEAD/research/speakers/datafiles/SB21SDCN-C000-4/FRD/SB21SDCN-C000-4_DIGITISED@0.frd	f997fe1145df7f8b7e01096173b7e7587f9ecfec
f9a48219d1d7__llama-ccx__hex_cantilever.frd	https://github.com/llama-ccx/llama-ccx/blob/HEAD/Llama.Test/generated/hex_cantilever/20260321-224702/hex_cantilever.frd	f9a48219d1d705dc0107317efdd5f3efa71808c0
facecddb5229__modernecotech__full-body-frame-screen.frd	https://github.com/modernecotech/OpenSourceRail/blob/HEAD/design/component-catalogue/catalog/fea/full-body-frame-screen/full-body-frame-screen.frd	facecddb5229569193fa32aadd5b146a27ee476d
fafae049dc8f__lpaiu-cs__8834_apollo15_crd_250307_2017_0.frd	https://github.com/lpaiu-cs/self-mass-unobservability/blob/HEAD/data/request4_llr/monthly_split_probe_apollo15_202503/8834_apollo15_crd_250307_2017_0.frd	fafae049dc8f1d5db2529155c94f3f27dab90b52
fc3ba2fdc5d0__romain-o__RS75-4_15deg.frd	https://github.com/romain-o/FindMyCrossover/blob/HEAD/data/Woofers/FRD/15deg/RS75-4_15deg.frd	fc3ba2fdc5d09099177393d720ea1d21b3fbc334
fc6ad3bae0fc__lpaiu-cs__8834_apollo15_crd_250307_1928_0.frd	https://github.com/lpaiu-cs/self-mass-unobservability/blob/HEAD/data/request4_llr/monthly_split_probe_apollo15_202503/8834_apollo15_crd_250307_1928_0.frd	fc6ad3bae0fcc7c99218d8269f7053a02ff46f9a
fc83996d9d72__pierreaubert__Aalto_3_Active_Pro_hor_-20.frd	https://github.com/pierreaubert/spinorama/blob/HEAD/datas/measurements/Aalto Speakers Aalto 3 Active Pro/vendor/Originals/Aalto 3 Active Pro hor -20.frd	fc83996d9d72c352eeb5798da07d92da71765d36
fc83996d9d72__pierreaubert__Aalto_3_Active_Pro_hor_20.frd	https://github.com/pierreaubert/spinorama/blob/HEAD/datas/measurements/Aalto Speakers Aalto 3 Active Pro/vendor/Originals/Aalto 3 Active Pro hor 20.frd	fc83996d9d72c352eeb5798da07d92da71765d36
fd044f4d17d8__romain-o__RS75-4_30deg.frd	https://github.com/romain-o/FindMyCrossover/blob/HEAD/data/Woofers/FRD/30deg/RS75-4_30deg.frd	fd044f4d17d8edacdcea604100034d37f73f8a5e
fd09d8bb9091__romain-o__ND16FA-6_30deg.frd	https://github.com/romain-o/FindMyCrossover/blob/HEAD/data/Tweeters/FRD/30deg/ND16FA-6_30deg.frd	fd09d8bb9091d17d27c7cc4dfc70b3f6af7d0941
fd32d97906be__spolanski__coarse-quad-hex.frd	https://github.com/spolanski/CoFEA/blob/HEAD/benchmarks/05-hemispherical-shell-point-load/model_setup/Model_Calculix/Results/coarse-quad-hex/coarse-quad-hex.frd	fd32d97906be91cbf3b2ccfeeafffbdd4100f371
fd8837e717b9__lpaiu-cs__8834_apollo15_crd_250307_1838_0.frd	https://github.com/lpaiu-cs/self-mass-unobservability/blob/HEAD/data/request4_llr/monthly_split_probe_apollo15_202503/8834_apollo15_crd_250307_1838_0.frd	fd8837e717b9a89e859f3d9d9c6e72977bea5777
fe282079de0b__rbkmoney__decline.frd	https://github.com/rbkmoney/fraudo/blob/HEAD/src/test/resources/rules/p2p/decline.frd	fe282079de0bb8835799adcb128726bc07548e76
fe36ef861e7c__DriftingOtter__Frequnecy_Response.frd	https://github.com/DriftingOtter/Project-Resonator/blob/HEAD/BA Driver Spec Sheets/Knowles_CI_22955/Frequnecy_Response.frd	fe36ef861e7cade61fae08a2b08c41d23e3b1e84
fe796ae92847__romain-o__ND105-4_0deg.frd	https://github.com/romain-o/FindMyCrossover/blob/HEAD/data/Woofers/FRD/0deg/ND105-4_0deg.frd	fe796ae92847695caebe6b0f30f8c362ca027b2b
fe9beed7a231__romain-o__DC250-8_15deg.frd	https://github.com/romain-o/FindMyCrossover/blob/HEAD/data/Woofers/FRD/15deg/DC250-8_15deg.frd	fe9beed7a23101d7597c59ed4bd57160c76e6354
ff3e084fc403__mckayreedmoore__cube.frd	https://github.com/mckayreedmoore/mini-moonboard/blob/HEAD/fea/mortar_observer_build/cube-qyk279w_/mortar_0p25-upstream/cube.frd	ff3e084fc4033c3c6e0f20a48644fd434c639a05
ffe67e8e349b__lpaiu-cs__8834_apollo15_crd_250307_1612_0.frd	https://github.com/lpaiu-cs/self-mass-unobservability/blob/HEAD/data/request4_llr/monthly_split_probe_apollo15_202503/8834_apollo15_crd_250307_1612_0.frd	ffe67e8e349b2ddcd7e09e7724ad33dcd4f74103
